Date,Solar Radiation (W/m²),Temperature (°C),Wind Speed (m/s),Humidity (% RH),Surface Temperature (°C)
2001-01-01,12.75,14.02,3.7,64.45,14.48
2001-01-02,14.26,15.14,1.81,48.59,15.18
2001-01-03,14.71,15.32,2.46,40.87,15.53
2001-01-04,14.52,14.95,2.78,33.94,14.95
2001-01-05,15.24,14.98,2.93,29.8,14.51
2001-01-06,15.48,14.79,2.53,23.25,14.68
2001-01-07,11.67,14.08,3.13,25.95,14.15
2001-01-08,11.38,13.41,2.82,33.4,13.84
2001-01-09,14.86,13.54,2.49,30.46,13.23
2001-01-10,15.56,14.18,2.6,20.89,13.28
2001-01-11,15.3,15.12,2.46,16.64,14.22
2001-01-12,15.44,16.28,2.64,14.46,15.77
2001-01-13,15.9,15.39,2.88,18.09,14.89
2001-01-14,15.91,16.51,2.09,20.39,15.03
2001-01-15,16.39,16.06,2.78,20.86,15.63
2001-01-16,16.12,16.48,2.7,18.04,15.28
2001-01-17,16.57,15.81,3.35,15.7,14.94
2001-01-18,16.39,15.09,3.56,17.06,15.18
2001-01-19,15.91,15.18,3.04,17.53,15.49
2001-01-20,15.67,16.22,2.09,16.35,15.26
2001-01-21,14.89,17.22,3.48,33.31,16.36
2001-01-22,16.72,14.79,4.27,25.92,14.68
2001-01-23,17.8,13.06,3.77,19.9,13.45
2001-01-24,17.09,15.01,2.17,20.98,13.69
2001-01-25,17.4,16.15,3.5,14.0,14.9
2001-01-26,17.22,17.44,2.72,15.07,16.76
2001-01-27,17.86,18.08,2.43,20.16,17.78
2001-01-28,16.87,19.13,2.01,14.15,18.24
2001-01-29,17.15,19.12,4.25,21.15,18.82
2001-01-30,17.91,14.67,4.52,12.95,15.55
2001-01-31,19.75,11.86,3.08,14.25,12.36
2001-02-01,18.89,13.76,2.46,11.88,12.89
2001-02-02,18.94,16.27,1.48,8.64,13.42
2001-02-03,19.31,15.88,2.92,8.89,13.81
2001-02-04,18.01,17.31,2.2,7.86,14.59
2001-02-05,18.93,16.96,2.71,9.27,15.72
2001-02-06,18.13,17.13,2.72,11.21,17.08
2001-02-07,17.96,17.62,3.07,13.94,17.76
2001-02-08,18.09,18.99,2.1,16.02,18.38
2001-02-09,18.62,20.14,3.71,17.04,18.89
2001-02-10,19.79,18.19,3.31,11.92,18.24
2001-02-11,19.95,19.45,1.93,10.92,17.84
2001-02-12,19.57,19.43,3.26,9.2,19.33
2001-02-13,8.09,20.72,3.98,11.15,20.62
2001-02-14,17.93,16.43,4.46,30.63,17.45
2001-02-15,18.28,18.02,4.44,29.26,18.79
2001-02-16,16.83,19.56,2.44,19.83,19.26
2001-02-17,18.75,20.88,2.09,17.88,20.82
2001-02-18,18.89,20.74,2.84,20.49,20.86
2001-02-19,17.86,22.53,2.24,17.9,22.55
2001-02-20,18.49,22.69,4.98,22.16,22.83
2001-02-21,20.16,21.53,2.19,19.92,22.05
2001-02-22,17.12,23.29,5.42,21.72,23.51
2001-02-23,16.64,25.31,4.25,39.36,26.44
2001-02-24,11.78,23.38,2.72,42.44,23.65
2001-02-25,20.88,21.96,4.0,25.97,22.61
2001-02-26,22.64,19.16,3.07,12.88,20.41
2001-02-27,21.08,20.17,2.92,8.5,20.98
2001-02-28,22.01,20.59,3.28,8.86,21.61
2001-03-01,21.95,20.67,2.74,10.52,21.22
2001-03-02,20.66,21.11,2.53,10.84,21.22
2001-03-03,22.13,21.76,2.08,9.61,21.83
2001-03-04,22.78,22.0,2.31,10.66,21.75
2001-03-05,22.32,22.97,2.56,9.75,22.12
2001-03-06,19.88,23.53,4.76,8.88,23.51
2001-03-07,22.51,24.71,2.42,17.66,25.19
2001-03-08,22.39,26.19,1.6,12.02,25.59
2001-03-09,22.43,26.72,1.95,10.77,26.22
2001-03-10,22.78,27.11,2.3,11.42,27.15
2001-03-11,23.37,27.39,2.82,11.59,27.49
2001-03-12,21.92,26.16,3.66,11.83,26.18
2001-03-13,21.64,25.42,3.68,19.76,27.09
2001-03-14,23.21,24.7,2.47,10.49,26.76
2001-03-15,23.57,25.38,3.38,13.51,27.37
2001-03-16,24.48,25.7,2.91,10.83,26.72
2001-03-17,23.47,27.6,2.64,11.53,27.25
2001-03-18,23.19,28.25,4.2,18.46,29.6
2001-03-19,17.41,27.7,2.9,25.05,28.36
2001-03-20,22.48,25.59,4.22,31.32,27.81
2001-03-21,19.52,24.74,1.92,20.97,26.49
2001-03-22,24.38,26.64,2.18,18.22,29.14
2001-03-23,24.35,27.51,2.62,15.22,29.22
2001-03-24,18.8,27.37,3.61,14.19,26.87
2001-03-25,23.86,28.03,3.52,22.3,29.79
2001-03-26,24.45,28.98,3.04,20.53,30.62
2001-03-27,21.03,29.5,6.01,34.15,30.32
2001-03-28,23.38,26.92,7.75,25.14,28.03
2001-03-29,24.23,24.68,3.91,16.18,26.41
2001-03-30,24.43,24.21,3.93,22.73,25.75
2001-03-31,25.87,27.08,2.06,17.67,28.39
2001-04-01,25.96,28.54,1.84,10.86,28.17
2001-04-02,26.02,28.06,3.22,11.26,29.01
2001-04-03,26.43,29.02,4.12,12.69,30.21
2001-04-04,25.17,28.46,3.86,12.28,29.57
2001-04-05,27.03,27.52,3.78,15.12,29.0
2001-04-06,26.14,30.01,2.14,10.45,31.88
2001-04-07,26.05,30.86,4.09,8.03,32.23
2001-04-08,26.29,30.86,5.27,8.3,32.16
2001-04-09,26.28,31.3,5.66,16.11,32.69
2001-04-10,25.04,31.41,7.33,19.74,32.76
2001-04-11,22.99,31.18,5.92,27.68,32.61
2001-04-12,21.99,30.6,3.61,21.19,32.87
2001-04-13,23.55,30.74,2.41,16.03,32.66
2001-04-14,20.13,30.05,2.79,21.08,32.67
2001-04-15,23.64,30.7,1.84,23.59,34.44
2001-04-16,16.81,31.87,1.32,24.78,33.73
2001-04-17,25.67,29.58,3.33,31.71,31.64
2001-04-18,24.1,29.19,2.93,30.93,31.36
2001-04-19,21.83,27.76,5.01,36.55,29.43
2001-04-20,24.71,27.34,2.28,37.72,30.69
2001-04-21,27.17,31.24,3.22,20.99,32.01
2001-04-22,26.57,31.82,4.29,16.94,33.15
2001-04-23,27.65,33.08,4.6,14.87,35.11
2001-04-24,26.36,33.37,4.49,16.04,34.8
2001-04-25,26.34,34.77,1.57,15.42,37.71
2001-04-26,24.42,35.06,4.68,16.8,36.19
2001-04-27,26.48,35.17,5.79,14.12,37.08
2001-04-28,26.96,35.51,5.77,20.74,37.71
2001-04-29,24.9,35.33,5.14,30.31,38.06
2001-04-30,25.09,36.64,5.13,26.62,39.95
2001-05-01,26.91,36.36,6.5,20.53,38.31
2001-05-02,26.97,36.73,3.95,21.17,39.57
2001-05-03,26.58,37.14,3.07,15.36,40.04
2001-05-04,26.94,37.51,2.99,13.99,39.45
2001-05-05,27.94,38.23,5.51,16.09,40.29
2001-05-06,26.26,38.21,6.73,20.43,40.29
2001-05-07,25.64,37.37,8.7,24.43,39.5
2001-05-08,25.11,36.36,7.38,30.05,39.09
2001-05-09,23.93,36.09,5.55,31.53,39.26
2001-05-10,26.24,37.05,6.79,22.28,39.01
2001-05-11,27.25,36.93,8.9,27.75,38.7
2001-05-12,27.28,36.87,7.37,24.14,38.84
2001-05-13,27.65,36.6,6.78,23.71,38.81
2001-05-14,27.01,34.85,7.1,32.99,37.47
2001-05-15,25.18,35.05,4.57,37.49,38.63
2001-05-16,24.84,35.19,5.26,38.37,38.17
2001-05-17,25.91,35.13,6.46,34.95,37.94
2001-05-18,25.12,32.88,5.37,44.57,35.61
2001-05-19,25.54,33.87,4.64,41.08,37.03
2001-05-20,23.7,30.87,5.55,56.89,31.59
2001-05-21,22.6,32.64,5.28,48.79,34.38
2001-05-22,25.09,33.89,3.89,43.3,36.68
2001-05-23,25.96,35.97,4.74,31.84,38.47
2001-05-24,24.72,37.61,7.27,24.53,39.37
2001-05-25,26.2,36.09,8.99,28.68,37.79
2001-05-26,27.13,36.55,6.49,32.97,39.17
2001-05-27,27.89,37.16,6.78,32.17,40.26
2001-05-28,27.64,37.11,6.45,33.61,40.27
2001-05-29,27.0,36.27,5.51,35.24,40.14
2001-05-30,27.56,36.38,5.13,40.47,40.68
2001-05-31,26.85,36.8,6.99,38.21,40.23
2001-06-01,26.03,36.25,8.4,35.66,38.9
2001-06-02,25.88,35.81,7.3,36.21,38.93
2001-06-03,24.82,36.14,7.4,34.43,38.91
2001-06-04,22.97,36.18,7.36,34.95,39.18
2001-06-05,18.84,35.1,6.32,38.51,38.38
2001-06-06,20.83,35.77,5.53,35.76,39.25
2001-06-07,19.07,35.93,5.06,32.43,39.15
2001-06-08,22.16,36.39,3.87,25.44,40.04
2001-06-09,24.27,37.16,5.13,24.24,40.29
2001-06-10,25.12,37.63,4.13,26.89,41.72
2001-06-11,26.19,38.33,2.1,21.98,43.02
2001-06-12,23.91,39.29,1.76,19.15,43.5
2001-06-13,24.54,36.85,5.62,38.5,40.92
2001-06-14,22.34,35.5,4.08,43.55,39.58
2001-06-15,23.61,36.07,2.1,41.62,40.37
2001-06-16,23.69,33.67,4.13,50.01,35.39
2001-06-17,22.9,34.47,5.02,46.95,36.75
2001-06-18,26.04,34.81,2.71,45.94,39.41
2001-06-19,26.21,36.81,5.43,37.49,40.2
2001-06-20,24.67,36.6,9.3,38.7,39.43
2001-06-21,22.84,35.43,9.0,41.26,38.2
2001-06-22,24.75,35.36,8.18,41.16,38.34
2001-06-23,24.14,35.27,6.99,40.66,38.68
2001-06-24,22.37,35.82,3.84,36.35,39.92
2001-06-25,25.44,36.52,5.24,34.41,40.11
2001-06-26,27.02,36.78,6.47,35.85,40.29
2001-06-27,26.81,36.29,5.88,36.36,40.07
2001-06-28,26.08,36.16,6.18,37.6,39.81
2001-06-29,24.59,35.79,5.96,40.02,39.94
2001-06-30,25.14,35.89,5.23,40.07,40.32
2001-07-01,20.63,34.66,4.95,44.94,38.56
2001-07-02,22.19,34.36,5.23,46.77,37.13
2001-07-03,22.37,32.37,3.82,62.69,34.1
2001-07-04,19.68,30.98,4.07,71.63,31.77
2001-07-05,24.72,34.52,3.95,51.66,36.95
2001-07-06,26.78,34.6,4.21,52.35,37.93
2001-07-07,26.18,35.61,4.25,48.52,39.62
2001-07-08,19.49,33.06,3.22,60.59,35.14
2001-07-09,20.44,33.31,2.78,57.81,35.43
2001-07-10,23.37,33.72,3.58,57.16,35.21
2001-07-11,23.78,33.55,5.15,57.76,35.49
2001-07-12,21.49,32.0,4.82,60.39,35.11
2001-07-13,20.09,31.46,6.96,56.67,34.03
2001-07-14,23.98,32.4,8.83,55.48,34.81
2001-07-15,21.25,32.74,10.5,56.6,35.03
2001-07-16,14.93,32.58,9.44,55.11,34.81
2001-07-17,20.94,32.89,5.56,53.77,36.51
2001-07-18,21.3,34.01,3.59,48.66,38.81
2001-07-19,25.78,35.17,4.77,44.03,38.82
2001-07-20,23.3,34.8,6.64,46.56,37.49
2001-07-21,17.56,33.82,6.77,49.01,36.22
2001-07-22,23.24,33.82,5.91,51.75,37.21
2001-07-23,17.31,34.15,3.19,50.34,37.96
2001-07-24,20.37,34.01,3.3,53.58,36.84
2001-07-25,21.24,30.77,3.31,72.59,32.49
2001-07-26,21.8,31.0,4.07,66.28,33.64
2001-07-27,23.32,32.46,4.57,56.73,34.75
2001-07-28,24.63,33.17,6.71,52.66,35.8
2001-07-29,20.59,32.17,7.63,52.4,34.43
2001-07-30,15.57,31.37,4.39,53.22,34.43
2001-07-31,19.02,32.72,3.42,48.07,36.1
2001-08-01,21.83,33.24,5.62,45.12,35.99
2001-08-02,23.42,32.24,5.58,47.29,34.97
2001-08-03,23.38,32.87,4.31,46.46,36.21
2001-08-04,21.88,34.89,2.68,38.55,38.13
2001-08-05,17.39,34.93,3.1,43.61,36.65
2001-08-06,15.15,33.14,3.29,53.42,35.63
2001-08-07,19.31,33.56,3.87,51.85,36.57
2001-08-08,20.5,33.23,2.92,53.52,36.04
2001-08-09,19.68,33.06,2.36,54.21,35.85
2001-08-10,15.82,32.14,1.81,60.25,33.32
2001-08-11,22.69,31.11,1.74,71.57,31.72
2001-08-12,22.87,31.52,2.46,69.42,32.52
2001-08-13,25.4,32.44,4.73,61.21,34.33
2001-08-14,24.64,32.87,6.46,57.51,34.7
2001-08-15,24.41,32.81,3.94,55.54,35.82
2001-08-16,18.25,32.73,3.74,53.75,35.58
2001-08-17,23.94,33.14,4.95,48.22,35.82
2001-08-18,24.59,32.39,5.67,45.32,34.59
2001-08-19,24.68,32.23,5.45,48.73,34.66
2001-08-20,24.09,32.61,4.28,49.65,35.63
2001-08-21,23.76,33.27,3.91,44.94,36.28
2001-08-22,24.14,33.47,5.63,45.29,35.88
2001-08-23,24.07,32.49,4.93,48.66,35.27
2001-08-24,24.25,32.79,4.35,46.41,35.57
2001-08-25,24.86,33.01,5.15,44.79,35.65
2001-08-26,24.64,32.01,5.99,43.13,34.24
2001-08-27,24.57,31.41,7.12,46.44,33.3
2001-08-28,24.37,31.75,7.39,47.48,33.49
2001-08-29,24.39,31.63,7.77,49.66,33.39
2001-08-30,22.85,31.18,5.56,51.18,33.64
2001-08-31,22.17,31.82,5.08,50.61,34.37
2001-09-01,22.85,32.65,3.63,46.72,35.58
2001-09-02,21.84,33.26,4.32,43.33,35.79
2001-09-03,22.9,32.85,5.47,43.9,35.01
2001-09-04,18.97,32.04,5.11,47.22,34.33
2001-09-05,21.38,31.57,4.45,49.77,34.06
2001-09-06,19.58,31.89,3.83,48.46,34.59
2001-09-07,21.65,32.8,3.56,42.45,35.45
2001-09-08,22.57,33.12,3.39,38.82,35.85
2001-09-09,23.39,33.48,4.72,37.72,35.53
2001-09-10,23.16,32.25,6.19,41.03,33.96
2001-09-11,22.7,31.78,5.78,42.59,33.77
2001-09-12,23.07,31.58,4.83,44.69,33.67
2001-09-13,22.84,32.02,3.38,42.06,34.69
2001-09-14,22.75,31.93,3.52,42.44,34.41
2001-09-15,18.96,32.67,1.65,39.53,35.89
2001-09-16,20.93,33.16,2.35,32.57,34.96
2001-09-17,22.49,32.85,3.03,27.16,34.23
2001-09-18,22.27,32.19,4.41,27.93,33.46
2001-09-19,23.11,31.85,4.56,33.5,33.51
2001-09-20,22.16,31.33,4.85,34.82,32.96
2001-09-21,22.79,32.15,2.59,30.92,33.79
2001-09-22,21.73,33.46,1.45,23.5,34.29
2001-09-23,21.63,33.96,1.34,19.71,33.86
2001-09-24,22.17,33.95,1.28,16.36,34.25
2001-09-25,22.04,33.81,1.74,15.74,34.07
2001-09-26,21.81,34.24,1.53,14.15,34.46
2001-09-27,22.56,34.65,1.43,12.12,33.69
2001-09-28,22.35,33.65,2.27,11.65,33.6
2001-09-29,22.27,32.91,2.84,11.86,32.97
2001-09-30,21.66,32.11,2.95,13.73,32.4
2001-10-01,20.39,31.54,4.27,43.41,33.08
2001-10-02,20.75,29.64,4.4,56.58,31.39
2001-10-03,20.61,31.43,2.86,36.15,33.15
2001-10-04,20.64,31.82,2.45,35.77,33.64
2001-10-05,19.61,32.55,1.69,23.87,33.56
2001-10-06,18.84,31.97,2.29,21.46,32.98
2001-10-07,18.95,32.01,2.23,19.25,32.74
2001-10-08,20.33,32.38,2.16,15.4,32.07
2001-10-09,21.06,32.36,1.81,13.19,31.8
2001-10-10,19.7,31.68,2.69,16.9,31.16
2001-10-11,19.52,30.94,4.16,33.85,31.83
2001-10-12,18.82,31.06,2.8,44.84,33.13
2001-10-13,18.58,28.73,2.54,20.07,29.12
2001-10-14,17.45,29.37,1.78,14.06,28.12
2001-10-15,17.64,29.12,1.88,14.87,28.25
2001-10-16,17.69,28.29,2.16,14.35,28.19
2001-10-17,19.6,28.59,2.06,11.27,27.81
2001-10-18,19.92,28.41,3.19,11.42,27.54
2001-10-19,19.54,29.33,2.3,12.05,27.98
2001-10-20,19.61,28.95,2.15,14.47,28.06
2001-10-21,19.4,28.32,2.32,16.24,27.85
2001-10-22,19.22,28.73,1.91,16.23,28.48
2001-10-23,18.98,30.05,1.71,13.36,28.42
2001-10-24,19.31,29.68,2.77,14.27,28.03
2001-10-25,18.82,28.96,3.59,16.07,28.31
2001-10-26,18.8,29.58,1.87,13.33,28.08
2001-10-27,18.19,29.35,2.08,13.37,28.7
2001-10-28,17.02,27.9,3.02,16.78,28.26
2001-10-29,17.34,28.09,2.64,18.03,28.35
2001-10-30,17.19,28.17,2.74,17.94,28.06
2001-10-31,16.93,29.38,2.17,16.01,28.08
2001-11-01,17.79,28.88,3.57,17.57,28.46
2001-11-02,17.62,28.37,5.18,21.14,28.16
2001-11-03,16.99,26.21,4.09,26.43,26.14
2001-11-04,17.45,24.5,2.12,14.09,24.11
2001-11-05,17.09,22.65,2.76,15.75,23.41
2001-11-06,15.82,22.59,3.38,15.27,22.91
2001-11-07,16.35,21.81,3.85,18.61,21.94
2001-11-08,17.29,21.73,3.0,17.92,21.29
2001-11-09,17.34,22.83,1.98,17.23,21.66
2001-11-10,17.02,23.18,2.35,15.97,22.55
2001-11-11,17.49,22.83,2.66,16.8,22.8
2001-11-12,16.85,22.38,3.04,17.59,22.24
2001-11-13,16.71,23.81,1.63,14.51,22.04
2001-11-14,17.13,24.84,1.79,12.98,21.76
2001-11-15,17.59,24.05,2.06,13.28,21.88
2001-11-16,17.11,22.53,2.82,15.82,22.28
2001-11-17,16.43,22.05,2.96,18.94,21.6
2001-11-18,16.17,22.92,2.01,18.62,21.45
2001-11-19,16.18,23.53,1.97,16.58,21.46
2001-11-20,15.3,23.83,2.62,19.23,22.79
2001-11-21,15.22,23.26,2.92,19.79,23.81
2001-11-22,15.75,22.27,3.17,19.21,22.43
2001-11-23,15.7,22.3,2.08,18.53,21.34
2001-11-24,16.39,22.62,2.33,16.72,20.56
2001-11-25,16.55,21.07,2.58,17.15,20.78
2001-11-26,15.98,20.4,2.28,18.99,20.13
2001-11-27,16.0,20.06,2.94,22.11,19.88
2001-11-28,15.75,20.75,1.86,20.0,19.55
2001-11-29,15.71,20.64,2.24,18.21,19.2
2001-11-30,15.46,19.7,2.62,18.92,19.21
2001-12-01,15.61,20.67,2.14,15.92,18.32
2001-12-02,15.35,20.75,2.03,14.48,18.59
2001-12-03,15.19,20.88,2.62,16.4,19.05
2001-12-04,15.15,21.85,2.09,18.53,19.83
2001-12-05,14.59,20.55,2.29,23.77,19.99
2001-12-06,14.75,21.55,2.14,24.36,20.42
2001-12-07,13.38,22.87,2.2,22.43,20.59
2001-12-08,13.75,22.2,2.9,25.18,20.73
2001-12-09,14.12,22.66,2.45,27.6,21.0
2001-12-10,14.14,22.32,1.77,26.19,21.1
2001-12-11,14.4,20.42,2.45,24.88,19.54
2001-12-12,11.68,17.34,3.39,29.79,17.45
2001-12-13,14.04,18.73,1.41,23.04,17.33
2001-12-14,10.55,20.18,1.56,17.81,18.46
2001-12-15,13.04,18.36,2.37,27.01,18.21
2001-12-16,12.87,16.92,3.23,27.96,17.53
2001-12-17,13.22,17.43,2.9,37.0,17.88
2001-12-18,12.81,18.47,2.53,37.19,18.65
2001-12-19,14.31,18.33,2.6,31.83,17.7
2001-12-20,15.32,17.35,1.99,26.25,16.14
2001-12-21,15.44,16.18,2.3,24.67,15.25
2001-12-22,15.62,15.58,2.77,22.43,15.11
2001-12-23,14.87,15.1,2.62,20.72,14.95
2001-12-24,14.27,14.93,2.79,22.41,15.01
2001-12-25,12.13,16.55,2.63,20.9,16.45
2001-12-26,13.39,16.69,2.92,21.34,16.12
2001-12-27,13.15,16.12,3.14,28.47,15.71
2001-12-28,13.01,16.82,2.4,27.75,15.92
2001-12-29,13.45,16.38,2.73,25.91,16.05
2001-12-30,14.32,16.43,2.98,22.94,16.07
2001-12-31,15.05,17.39,2.14,19.49,16.17
2002-01-01,15.08,17.29,2.79,17.8,16.27
2002-01-02,15.13,16.84,2.99,18.89,16.41
2002-01-03,13.47,16.35,2.78,23.48,15.48
2002-01-04,13.71,16.07,3.04,27.42,16.04
2002-01-05,13.55,15.25,3.45,30.99,15.35
2002-01-06,13.71,14.77,2.88,28.75,14.44
2002-01-07,12.59,14.07,3.12,29.62,13.48
2002-01-08,12.17,13.3,3.11,34.21,13.01
2002-01-09,13.79,14.59,3.0,30.59,14.28
2002-01-10,14.52,16.54,2.66,22.96,15.95
2002-01-11,15.01,17.89,2.17,18.62,16.97
2002-01-12,15.23,20.82,2.38,17.21,18.68
2002-01-13,14.11,20.24,4.05,26.84,19.44
2002-01-14,14.19,20.53,3.2,62.05,21.04
2002-01-15,15.49,18.65,3.17,24.86,18.16
2002-01-16,15.66,15.78,1.63,14.52,14.28
2002-01-17,11.47,13.21,2.95,21.8,12.66
2002-01-18,16.36,13.33,2.63,22.15,12.61
2002-01-19,16.03,13.76,1.59,19.14,12.13
2002-01-20,16.21,14.04,1.91,23.28,12.24
2002-01-21,16.3,14.89,1.46,30.78,13.3
2002-01-22,16.0,14.89,1.58,28.12,13.51
2002-01-23,16.02,16.09,1.1,21.71,14.34
2002-01-24,15.35,17.1,3.41,31.24,16.65
2002-01-25,16.12,17.32,2.56,42.77,18.11
2002-01-26,16.42,15.65,1.96,24.03,16.14
2002-01-27,16.79,15.69,1.86,21.63,14.51
2002-01-28,17.73,15.33,2.19,20.18,14.24
2002-01-29,17.51,15.16,2.94,18.77,14.56
2002-01-30,17.68,15.05,2.12,17.93,14.62
2002-01-31,17.14,15.33,2.91,15.91,14.6
2002-02-01,17.02,17.27,2.15,17.4,16.73
2002-02-02,17.03,17.71,3.44,20.69,16.48
2002-02-03,19.17,14.08,3.25,14.01,13.49
2002-02-04,18.95,15.59,2.22,14.69,14.79
2002-02-05,17.93,16.62,2.88,11.04,16.08
2002-02-06,18.15,16.14,3.3,14.07,15.74
2002-02-07,18.98,12.62,5.19,10.84,12.98
2002-02-08,18.86,11.47,3.05,8.64,12.07
2002-02-09,18.61,12.37,3.69,13.66,12.37
2002-02-10,18.84,11.38,4.22,24.11,12.13
2002-02-11,18.8,13.03,3.01,18.84,12.97
2002-02-12,18.74,15.47,2.65,14.5,15.62
2002-02-13,19.14,15.28,3.66,43.95,16.05
2002-02-14,18.48,17.67,2.12,28.36,18.1
2002-02-15,19.32,20.0,2.09,19.8,19.91
2002-02-16,19.46,21.02,2.03,17.33,20.82
2002-02-17,19.47,23.14,1.45,14.23,21.92
2002-02-18,19.38,21.83,2.45,16.74,22.3
2002-02-19,19.04,20.17,2.92,21.09,20.62
2002-02-20,18.67,23.33,2.17,17.37,22.24
2002-02-21,18.19,23.62,4.02,26.17,24.32
2002-02-22,11.73,21.68,4.22,47.22,22.17
2002-02-23,19.56,22.89,2.47,47.16,24.68
2002-02-24,19.2,20.95,3.47,40.36,23.07
2002-02-25,20.3,20.28,2.18,27.28,22.2
2002-02-26,14.86,22.25,3.54,19.41,22.84
2002-02-27,19.35,20.51,3.73,29.48,22.0
2002-02-28,19.1,23.88,1.81,26.42,24.57
2002-03-01,18.35,24.52,4.6,35.21,26.1
2002-03-02,21.11,19.78,4.21,43.7,21.37
2002-03-03,23.2,20.67,2.38,16.65,20.46
2002-03-04,21.69,22.84,1.48,13.17,22.15
2002-03-05,22.96,23.56,1.84,12.93,22.94
2002-03-06,23.18,23.64,1.99,12.21,24.36
2002-03-07,20.69,24.72,2.89,13.22,24.59
2002-03-08,20.88,24.96,2.54,29.78,26.53
2002-03-09,19.86,24.0,3.45,26.66,25.38
2002-03-10,21.75,22.22,3.31,33.9,24.4
2002-03-11,20.79,23.61,2.79,21.1,25.2
2002-03-12,21.99,25.57,2.4,19.7,26.17
2002-03-13,22.74,25.53,2.1,19.98,26.85
2002-03-14,24.46,26.03,1.67,12.61,26.18
2002-03-15,23.87,26.42,1.64,9.05,26.28
2002-03-16,24.13,27.06,2.84,9.56,26.44
2002-03-17,24.21,27.96,2.69,11.04,27.58
2002-03-18,24.71,29.53,1.34,10.0,28.94
2002-03-19,22.44,30.4,1.65,11.98,30.61
2002-03-20,16.42,28.37,3.13,19.33,28.88
2002-03-21,23.01,28.24,3.57,23.66,29.45
2002-03-22,23.28,28.54,2.13,18.59,28.99
2002-03-23,23.06,29.56,3.59,18.86,30.26
2002-03-24,24.29,28.97,5.52,25.72,30.31
2002-03-25,25.64,25.45,4.73,16.45,27.21
2002-03-26,25.87,25.32,3.42,12.08,26.81
2002-03-27,26.31,27.77,2.0,9.39,27.63
2002-03-28,26.22,29.39,1.0,7.84,29.02
2002-03-29,25.8,29.92,2.77,8.41,29.78
2002-03-30,25.39,30.6,4.06,12.18,31.91
2002-03-31,24.28,31.83,4.28,16.23,33.43
2002-04-01,25.52,31.39,3.62,12.03,32.04
2002-04-02,26.06,27.95,3.98,8.16,29.48
2002-04-03,25.57,29.58,2.3,9.47,30.73
2002-04-04,25.79,30.58,4.27,9.69,31.64
2002-04-05,22.27,32.65,4.94,17.26,33.85
2002-04-06,22.48,30.78,3.81,21.91,31.74
2002-04-07,21.63,29.74,2.51,22.91,32.05
2002-04-08,22.97,28.66,2.69,25.02,31.97
2002-04-09,26.35,29.38,2.39,19.74,31.88
2002-04-10,26.99,31.23,2.59,13.18,31.3
2002-04-11,27.25,30.56,4.25,16.03,31.76
2002-04-12,26.51,31.75,3.72,14.1,33.53
2002-04-13,23.59,32.01,3.73,19.73,34.36
2002-04-14,25.2,31.56,5.06,21.88,33.62
2002-04-15,24.9,31.67,6.08,23.36,33.51
2002-04-16,20.99,30.81,3.7,19.36,33.14
2002-04-17,21.73,31.19,2.79,19.91,32.56
2002-04-18,24.91,32.21,2.12,21.74,35.75
2002-04-19,26.23,34.2,2.72,15.53,36.53
2002-04-20,27.33,33.49,4.41,16.0,35.87
2002-04-21,26.97,33.92,3.09,18.18,36.95
2002-04-22,27.57,34.4,5.17,18.92,36.44
2002-04-23,22.86,34.86,6.15,20.44,36.72
2002-04-24,25.16,33.43,5.05,17.2,35.66
2002-04-25,29.55,32.09,4.63,4.91,32.61
2002-04-26,27.87,32.05,2.53,5.41,32.65
2002-04-27,27.01,34.36,4.47,7.3,34.77
2002-04-28,25.28,34.21,4.78,8.04,35.15
2002-04-29,27.09,32.98,2.75,6.58,35.34
2002-04-30,26.24,36.06,4.1,8.44,36.58
2002-05-01,26.74,34.53,2.91,16.14,37.0
2002-05-02,25.28,35.93,2.66,10.96,38.11
2002-05-03,26.15,36.43,2.42,10.08,39.09
2002-05-04,26.84,38.55,1.7,9.85,40.41
2002-05-05,27.5,37.82,4.42,10.49,39.32
2002-05-06,29.1,36.23,4.78,10.02,38.28
2002-05-07,27.41,35.92,4.54,13.14,38.56
2002-05-08,27.27,35.36,5.36,18.11,38.14
2002-05-09,24.51,35.94,7.82,26.65,37.93
2002-05-10,26.77,36.1,6.59,30.92,38.51
2002-05-11,27.92,37.2,6.31,21.88,39.31
2002-05-12,27.19,36.77,7.84,35.35,38.9
2002-05-13,26.02,36.93,7.61,35.37,39.45
2002-05-14,25.07,36.5,7.77,35.79,38.9
2002-05-15,25.04,36.63,5.14,35.35,40.15
2002-05-16,20.61,38.33,3.04,25.69,42.03
2002-05-17,25.16,39.29,3.64,14.64,41.91
2002-05-18,27.52,37.49,8.12,10.62,38.55
2002-05-19,23.84,35.33,8.81,19.78,36.86
2002-05-20,29.67,34.25,5.74,6.94,35.23
2002-05-21,29.13,34.97,5.0,5.33,35.75
2002-05-22,27.59,36.46,5.68,16.9,37.91
2002-05-23,25.13,36.67,6.68,29.81,39.06
2002-05-24,26.47,37.3,6.32,25.48,39.97
2002-05-25,24.22,36.58,8.24,30.56,38.79
2002-05-26,24.32,35.66,7.08,35.51,38.49
2002-05-27,24.2,36.02,8.95,36.9,38.43
2002-05-28,24.16,35.45,6.29,35.99,38.79
2002-05-29,24.05,35.67,4.08,36.31,39.35
2002-05-30,26.09,37.86,1.72,21.86,41.8
2002-05-31,26.6,33.86,2.51,43.19,34.98
2002-06-01,22.07,35.11,3.91,29.55,37.15
2002-06-02,25.74,36.31,3.49,24.81,39.13
2002-06-03,24.74,37.12,3.29,25.65,40.09
2002-06-04,26.48,36.97,5.34,27.57,39.55
2002-06-05,26.63,36.66,5.8,27.42,39.06
2002-06-06,25.89,36.95,6.08,29.97,39.59
2002-06-07,25.59,36.4,6.77,33.04,39.28
2002-06-08,26.38,36.6,6.62,31.04,39.49
2002-06-09,26.63,36.94,7.69,27.49,39.09
2002-06-10,27.36,37.24,6.19,26.18,39.79
2002-06-11,27.79,37.94,4.78,21.44,40.76
2002-06-12,27.27,38.59,4.14,18.96,41.48
2002-06-13,26.82,38.58,4.76,20.2,41.44
2002-06-14,26.14,38.0,5.23,24.6,41.09
2002-06-15,27.15,38.48,5.32,28.34,42.0
2002-06-16,28.05,38.54,3.41,29.47,43.59
2002-06-17,27.39,38.41,5.18,33.1,42.65
2002-06-18,26.01,37.55,4.74,36.48,42.3
2002-06-19,26.23,37.22,5.38,38.04,41.66
2002-06-20,26.23,38.63,4.85,33.07,42.78
2002-06-21,26.78,38.24,5.95,27.95,41.73
2002-06-22,25.87,38.17,6.01,29.13,41.37
2002-06-23,26.36,38.65,7.26,27.67,41.39
2002-06-24,25.92,38.64,5.17,26.94,41.97
2002-06-25,23.89,39.54,3.35,25.2,43.78
2002-06-26,22.82,40.08,4.67,27.81,44.31
2002-06-27,22.96,39.11,4.73,31.21,42.83
2002-06-28,26.0,39.08,3.27,31.69,43.41
2002-06-29,24.37,39.14,2.62,32.02,43.07
2002-06-30,24.57,38.86,4.11,32.22,42.66
2002-07-01,24.11,38.06,7.39,33.35,40.91
2002-07-02,25.28,38.35,7.21,33.93,41.42
2002-07-03,23.88,37.46,7.74,37.53,40.48
2002-07-04,21.64,37.05,6.77,38.57,40.46
2002-07-05,20.35,36.88,6.73,35.21,40.06
2002-07-06,18.63,36.66,6.77,33.68,39.62
2002-07-07,21.34,36.32,6.12,35.06,39.67
2002-07-08,22.41,36.23,6.45,34.81,39.41
2002-07-09,23.27,35.51,7.43,38.29,38.88
2002-07-10,23.71,35.81,5.93,34.63,39.06
2002-07-11,25.27,36.35,4.88,32.15,39.8
2002-07-12,24.84,36.39,5.88,32.77,39.45
2002-07-13,26.1,36.16,4.98,33.31,39.82
2002-07-14,24.71,35.75,6.06,34.14,38.72
2002-07-15,24.65,35.87,5.67,34.28,39.26
2002-07-16,27.0,36.21,5.36,35.54,39.75
2002-07-17,25.49,36.47,5.06,33.64,40.05
2002-07-18,26.27,37.59,3.24,30.09,42.33
2002-07-19,25.89,39.01,4.28,28.09,43.21
2002-07-20,24.38,37.37,8.59,34.48,40.26
2002-07-21,22.79,35.53,7.78,38.81,38.86
2002-07-22,17.99,34.91,7.85,41.04,38.09
2002-07-23,14.59,34.47,6.74,41.05,37.85
2002-07-24,17.5,34.46,7.86,39.93,37.35
2002-07-25,20.64,34.56,7.65,42.74,37.63
2002-07-26,21.11,34.68,7.64,42.37,37.48
2002-07-27,23.53,35.23,6.16,38.52,38.35
2002-07-28,22.77,35.41,5.81,36.78,38.72
2002-07-29,23.06,35.81,5.32,35.44,39.19
2002-07-30,20.01,36.49,4.66,31.97,39.61
2002-07-31,22.72,36.76,3.77,31.59,40.52
2002-08-01,23.05,37.33,1.89,26.06,42.03
2002-08-02,22.41,37.94,3.24,22.81,41.11
2002-08-03,23.77,37.81,4.18,23.44,40.84
2002-08-04,22.16,36.61,4.66,28.96,39.6
2002-08-05,21.71,36.62,3.58,31.95,39.83
2002-08-06,22.78,36.76,3.76,32.04,40.76
2002-08-07,22.48,37.46,3.72,29.63,41.59
2002-08-08,23.98,36.09,4.45,33.75,38.75
2002-08-09,19.32,36.01,5.04,35.36,39.29
2002-08-10,23.48,36.05,6.07,35.92,39.41
2002-08-11,22.03,35.71,8.13,41.05,38.54
2002-08-12,23.41,34.5,6.7,43.64,37.87
2002-08-13,17.65,34.71,6.1,41.19,37.84
2002-08-14,12.99,34.05,5.17,42.36,37.42
2002-08-15,16.07,35.17,2.32,36.39,38.97
2002-08-16,17.85,36.43,3.87,32.13,39.22
2002-08-17,20.17,35.31,5.14,31.63,37.73
2002-08-18,20.02,34.26,4.64,34.36,37.0
2002-08-19,22.53,35.31,3.48,32.39,38.78
2002-08-20,22.15,35.12,5.67,31.2,37.63
2002-08-21,23.04,34.65,5.77,34.89,37.21
2002-08-22,22.2,34.81,4.38,34.96,37.74
2002-08-23,18.98,35.07,2.16,36.31,38.95
2002-08-24,18.71,36.2,3.83,36.03,39.0
2002-08-25,23.42,35.54,5.26,39.94,38.3
2002-08-26,21.49,34.29,4.65,46.26,37.96
2002-08-27,17.82,32.88,6.54,45.46,35.87
2002-08-28,25.48,33.04,5.78,44.29,36.23
2002-08-29,23.97,33.38,4.6,41.01,36.74
2002-08-30,23.57,34.61,2.25,38.43,39.36
2002-08-31,22.31,35.9,3.01,35.33,39.69
2002-09-01,20.16,35.67,2.69,39.8,38.17
2002-09-02,19.9,33.85,2.34,50.22,35.46
2002-09-03,20.49,34.33,1.97,45.91,36.53
2002-09-04,20.68,35.05,1.5,37.5,38.05
2002-09-05,19.97,35.64,1.83,32.3,38.23
2002-09-06,18.76,35.41,2.64,29.89,37.77
2002-09-07,19.23,32.77,3.06,32.81,34.98
2002-09-08,21.02,32.76,3.49,32.78,35.53
2002-09-09,21.67,32.36,4.07,30.32,34.88
2002-09-10,21.56,32.48,3.81,28.43,34.82
2002-09-11,22.3,33.27,2.7,23.85,35.67
2002-09-12,21.77,32.83,2.77,21.49,34.39
2002-09-13,22.2,32.34,3.45,27.1,34.76
2002-09-14,21.04,31.4,5.42,35.98,33.67
2002-09-15,21.56,31.14,5.42,33.29,33.35
2002-09-16,21.72,31.15,5.29,36.02,33.36
2002-09-17,21.29,31.06,6.57,41.73,33.04
2002-09-18,21.38,31.67,4.65,41.73,33.99
2002-09-19,19.26,32.29,3.03,37.1,34.75
2002-09-20,20.8,33.2,1.5,30.87,35.34
2002-09-21,20.87,33.41,3.34,27.04,35.2
2002-09-22,21.46,33.38,3.23,27.23,35.34
2002-09-23,21.29,33.1,3.51,24.73,34.93
2002-09-24,21.57,32.51,5.19,23.87,34.01
2002-09-25,22.29,30.99,4.47,33.88,32.83
2002-09-26,20.19,31.28,3.26,30.5,33.19
2002-09-27,20.03,31.77,3.78,24.1,33.13
2002-09-28,19.93,32.43,3.25,22.54,33.57
2002-09-29,20.27,31.84,3.18,24.9,33.05
2002-09-30,18.72,31.81,3.07,23.56,32.93
2002-10-01,20.45,31.85,2.81,21.21,33.16
2002-10-02,20.96,32.8,2.08,13.15,33.21
2002-10-03,21.57,32.54,2.53,11.16,32.4
2002-10-04,21.64,32.43,2.06,12.04,33.04
2002-10-05,20.84,32.79,1.59,11.68,33.18
2002-10-06,20.59,32.37,3.62,12.92,33.05
2002-10-07,19.41,31.57,3.68,12.86,32.08
2002-10-08,20.25,31.26,2.91,14.78,32.0
2002-10-09,20.06,31.6,2.94,22.26,33.14
2002-10-10,20.31,32.02,3.22,21.24,33.57
2002-10-11,19.16,31.7,2.72,16.84,33.03
2002-10-12,19.83,31.93,2.35,12.44,32.09
2002-10-13,19.88,30.58,2.84,12.7,31.61
2002-10-14,17.72,28.37,3.01,23.83,29.35
2002-10-15,18.18,29.2,2.64,29.43,30.47
2002-10-16,16.81,29.64,2.04,24.11,30.68
2002-10-17,17.56,29.58,2.36,20.95,30.86
2002-10-18,17.34,30.25,1.41,17.2,29.87
2002-10-19,18.27,30.6,2.24,13.48,29.91
2002-10-20,18.71,30.83,2.23,14.6,29.96
2002-10-21,16.96,29.01,2.31,18.27,29.41
2002-10-22,16.85,26.08,3.58,23.54,26.86
2002-10-23,16.97,26.89,1.79,17.57,26.21
2002-10-24,17.12,27.02,2.11,14.67,26.89
2002-10-25,16.85,26.98,2.26,14.75,27.18
2002-10-26,17.36,28.94,1.58,12.3,27.27
2002-10-27,18.31,28.6,2.45,13.84,27.14
2002-10-28,17.43,28.91,2.37,14.18,27.39
2002-10-29,17.76,28.02,2.93,13.86,27.26
2002-10-30,16.65,26.85,2.37,14.21,26.47
2002-10-31,15.69,25.97,2.45,16.63,25.85
2002-11-01,15.28,25.97,2.93,17.21,26.14
2002-11-02,15.22,26.23,2.49,17.03,26.79
2002-11-03,14.24,25.38,2.41,18.06,24.64
2002-11-04,15.32,27.09,2.19,15.89,27.6
2002-11-05,13.68,26.32,2.79,17.91,27.33
2002-11-06,10.22,25.06,3.05,24.86,25.9
2002-11-07,11.79,23.61,2.88,41.35,24.99
2002-11-08,11.69,23.79,3.12,31.44,25.02
2002-11-09,9.62,24.76,2.42,32.17,26.19
2002-11-10,9.87,24.46,3.57,34.03,25.75
2002-11-11,11.51,23.02,3.31,42.22,24.72
2002-11-12,16.76,20.69,2.92,52.1,22.43
2002-11-13,16.46,21.4,2.69,43.31,22.24
2002-11-14,16.86,22.96,1.48,32.62,22.05
2002-11-15,16.53,23.38,2.56,24.57,22.58
2002-11-16,16.4,24.15,2.71,20.21,23.4
2002-11-17,15.75,25.7,2.5,21.18,23.86
2002-11-18,16.68,24.3,3.26,20.83,23.57
2002-11-19,15.93,22.28,4.05,18.22,22.06
2002-11-20,15.25,21.56,2.23,19.96,20.51
2002-11-21,15.96,22.28,2.61,16.54,21.33
2002-11-22,15.35,21.4,2.98,16.59,21.63
2002-11-23,14.63,21.55,2.45,15.5,21.62
2002-11-24,13.61,23.22,1.94,12.45,21.93
2002-11-25,15.39,22.61,1.49,12.6,19.98
2002-11-26,15.64,22.0,2.12,13.58,19.95
2002-11-27,15.32,20.23,2.67,15.7,19.69
2002-11-28,15.81,19.53,2.63,17.03,18.67
2002-11-29,15.24,19.77,2.97,17.47,18.9
2002-11-30,15.31,21.68,1.95,13.98,18.7
2002-12-01,15.21,20.41,2.47,16.73,18.8
2002-12-02,15.29,19.19,2.53,16.53,18.77
2002-12-03,14.84,18.77,2.56,14.81,18.09
2002-12-04,14.5,18.47,2.62,15.35,17.02
2002-12-05,14.47,18.02,2.44,18.18,17.32
2002-12-06,13.47,15.7,4.55,24.79,16.0
2002-12-07,13.91,14.8,3.34,26.49,15.37
2002-12-08,13.81,15.78,3.41,29.73,15.94
2002-12-09,14.4,15.77,2.77,21.8,15.91
2002-12-10,14.49,17.6,2.08,15.53,15.9
2002-12-11,13.33,17.45,2.65,14.48,17.0
2002-12-12,13.16,17.81,3.05,12.29,17.7
2002-12-13,12.77,18.81,2.21,11.27,18.84
2002-12-14,13.21,18.79,2.35,13.72,18.51
2002-12-15,13.74,19.9,2.42,13.7,18.77
2002-12-16,13.98,20.85,1.88,16.41,18.86
2002-12-17,13.33,19.32,2.88,21.5,19.09
2002-12-18,13.39,19.79,1.83,26.25,19.14
2002-12-19,12.49,21.26,1.41,24.75,19.3
2002-12-20,13.46,20.83,1.64,29.54,20.11
2002-12-21,13.31,19.44,2.29,33.43,19.41
2002-12-22,13.35,19.91,2.01,31.61,19.41
2002-12-23,9.74,19.67,2.34,29.12,19.1
2002-12-24,11.99,17.71,3.01,36.97,17.61
2002-12-25,8.33,14.34,2.83,57.43,15.32
2002-12-26,11.87,15.12,2.21,49.51,15.45
2002-12-27,13.52,16.67,1.62,36.35,15.86
2002-12-28,13.58,17.65,1.38,31.15,15.92
2002-12-29,13.89,17.29,2.38,27.88,15.81
2002-12-30,10.66,17.03,1.56,41.2,16.37
2002-12-31,14.0,13.51,3.74,42.7,12.94
2003-01-01,15.82,13.34,2.97,37.01,12.81
2003-01-02,14.43,14.17,2.28,49.72,14.03
2003-01-03,13.66,13.77,3.28,41.76,13.14
2003-01-04,13.36,13.78,1.95,35.8,12.29
2003-01-05,14.36,14.08,1.73,30.96,12.71
2003-01-06,14.64,14.44,2.45,26.52,13.05
2003-01-07,14.36,14.75,2.75,25.95,13.63
2003-01-08,14.59,14.12,3.06,27.89,13.82
2003-01-09,15.31,14.24,3.35,26.57,14.41
2003-01-10,14.56,13.69,4.18,27.13,13.54
2003-01-11,14.7,14.42,2.68,25.33,13.49
2003-01-12,15.65,14.17,3.39,22.51,14.23
2003-01-13,15.47,14.81,2.99,21.26,14.05
2003-01-14,15.36,15.85,2.14,17.54,14.52
2003-01-15,16.67,15.52,3.45,17.15,14.93
2003-01-16,15.87,15.11,3.09,18.33,14.84
2003-01-17,15.47,15.78,2.93,18.48,15.66
2003-01-18,15.25,16.52,3.18,19.71,16.63
2003-01-19,15.24,15.05,3.02,20.9,14.95
2003-01-20,15.58,15.92,2.62,17.56,15.1
2003-01-21,15.64,17.46,2.0,15.53,15.74
2003-01-22,15.77,19.07,1.64,18.63,16.71
2003-01-23,14.38,18.87,3.16,26.7,17.58
2003-01-24,16.31,19.68,1.71,19.09,17.92
2003-01-25,15.05,20.99,2.74,19.38,19.8
2003-01-26,15.0,22.14,2.79,29.01,21.91
2003-01-27,6.95,18.82,2.53,36.88,19.87
2003-01-28,16.03,17.31,1.74,51.31,17.77
2003-01-29,16.23,18.31,1.84,35.3,18.69
2003-01-30,14.31,19.41,3.2,34.85,20.34
2003-01-31,9.17,17.29,3.71,55.48,18.27
2003-02-01,16.88,16.21,2.8,49.83,17.47
2003-02-02,17.44,14.73,4.8,46.16,15.14
2003-02-03,17.61,13.38,2.93,42.98,14.19
2003-02-04,18.15,14.91,2.41,33.7,14.24
2003-02-05,17.51,16.27,1.96,28.7,15.75
2003-02-06,17.8,17.41,1.93,26.15,17.45
2003-02-07,17.0,19.01,2.53,26.57,18.45
2003-02-08,16.61,17.76,3.44,27.26,18.39
2003-02-09,17.77,16.1,3.58,22.29,16.73
2003-02-10,17.67,16.5,3.43,21.95,17.01
2003-02-11,18.39,17.11,2.8,20.89,17.39
2003-02-12,17.41,18.51,3.0,18.53,18.57
2003-02-13,18.05,19.72,2.92,18.06,19.14
2003-02-14,17.58,21.67,1.35,16.25,20.09
2003-02-15,16.21,23.04,2.01,14.33,22.25
2003-02-16,10.44,21.49,3.72,27.4,21.07
2003-02-17,7.12,19.48,6.04,53.77,19.21
2003-02-18,15.0,19.39,6.18,71.69,19.78
2003-02-19,20.12,14.85,6.64,41.32,14.59
2003-02-20,19.52,16.24,3.37,22.77,16.23
2003-02-21,16.92,17.43,3.05,25.56,18.3
2003-02-22,17.89,20.42,1.56,26.62,20.94
2003-02-23,17.85,22.74,2.59,29.35,23.79
2003-02-24,18.72,22.37,3.07,33.68,23.74
2003-02-25,18.76,23.13,2.51,35.58,24.92
2003-02-26,18.34,25.33,1.49,28.99,25.55
2003-02-27,19.19,25.88,2.19,30.09,27.4
2003-02-28,18.67,25.59,2.25,32.23,27.05
2003-03-01,18.89,25.83,5.15,31.38,26.53
2003-03-02,20.74,21.6,6.73,26.15,22.83
2003-03-03,24.09,15.79,6.89,10.73,16.55
2003-03-04,24.09,14.64,4.14,12.16,15.75
2003-03-05,22.41,19.3,2.07,8.17,17.9
2003-03-06,23.09,21.42,2.35,10.67,20.3
2003-03-07,22.67,22.66,1.91,13.36,21.8
2003-03-08,22.8,23.22,2.6,12.15,23.64
2003-03-09,21.45,24.28,4.09,16.45,24.82
2003-03-10,21.37,22.56,4.16,19.39,23.76
2003-03-11,17.13,21.46,2.67,20.36,21.66
2003-03-12,22.59,24.03,1.72,14.88,23.9
2003-03-13,18.45,24.22,2.44,16.26,24.88
2003-03-14,15.94,25.97,3.04,16.12,27.22
2003-03-15,20.19,25.78,3.37,14.52,26.23
2003-03-16,21.0,24.06,3.02,16.29,24.63
2003-03-17,22.72,24.62,2.35,12.94,25.78
2003-03-18,17.69,25.25,4.19,16.06,26.15
2003-03-19,21.86,25.25,3.3,19.46,27.36
2003-03-20,23.04,26.51,2.3,18.08,27.79
2003-03-21,22.82,29.2,1.75,14.58,28.91
2003-03-22,22.51,29.23,1.6,13.1,30.14
2003-03-23,21.64,27.35,3.11,18.79,29.31
2003-03-24,22.56,27.09,2.75,28.85,29.27
2003-03-25,22.31,28.46,2.81,24.25,30.16
2003-03-26,23.74,28.07,2.43,17.94,29.69
2003-03-27,22.06,30.15,2.17,19.25,31.5
2003-03-28,18.32,30.36,4.38,20.16,31.52
2003-03-29,21.62,29.01,2.54,32.84,32.57
2003-03-30,22.67,30.13,2.13,30.69,33.47
2003-03-31,23.57,30.48,2.26,24.2,33.56
2003-04-01,23.14,31.11,2.33,18.41,32.0
2003-04-02,23.84,31.2,4.48,14.06,31.4
2003-04-03,24.54,29.77,3.71,15.1,31.58
2003-04-04,25.76,27.05,3.03,12.91,28.92
2003-04-05,26.27,27.22,4.1,12.79,29.55
2003-04-06,25.87,27.48,3.68,9.79,29.7
2003-04-07,26.69,29.95,2.38,9.67,30.73
2003-04-08,25.63,31.08,2.26,9.22,31.28
2003-04-09,25.58,31.64,3.27,8.13,32.28
2003-04-10,25.01,32.09,3.87,11.79,33.0
2003-04-11,24.99,33.06,4.0,13.65,34.1
2003-04-12,22.89,32.82,5.32,21.11,35.02
2003-04-13,25.49,30.06,5.91,26.75,32.19
2003-04-14,25.63,30.14,3.55,34.09,33.1
2003-04-15,22.2,30.96,2.67,34.28,32.75
2003-04-16,23.92,31.81,3.17,30.54,34.51
2003-04-17,24.34,33.6,1.08,20.6,36.18
2003-04-18,18.84,32.47,5.49,22.61,33.38
2003-04-19,21.67,29.34,6.4,31.7,31.42
2003-04-20,24.55,28.64,3.26,14.33,31.65
2003-04-21,26.9,29.29,3.61,17.98,31.27
2003-04-22,27.03,31.58,1.71,12.35,34.24
2003-04-23,25.43,33.7,2.59,9.07,35.01
2003-04-24,25.82,33.88,4.01,13.96,35.83
2003-04-25,26.04,33.37,4.81,26.49,35.96
2003-04-26,22.52,33.57,3.61,17.1,36.06
2003-04-27,26.56,33.72,2.73,15.0,35.96
2003-04-28,27.17,33.53,2.46,12.04,36.03
2003-04-29,27.68,34.03,3.08,14.57,37.09
2003-04-30,27.36,35.79,2.5,11.35,38.15
2003-05-01,26.11,35.5,5.23,11.72,37.17
2003-05-02,24.61,33.0,8.28,17.7,34.72
2003-05-03,29.24,29.07,5.6,5.42,31.18
2003-05-04,29.41,28.4,3.28,5.45,31.07
2003-05-05,26.8,30.51,3.57,5.23,31.61
2003-05-06,25.77,31.01,3.15,5.54,32.83
2003-05-07,26.29,31.22,2.47,7.25,32.92
2003-05-08,26.69,33.72,1.89,8.63,35.28
2003-05-09,26.0,34.26,3.41,8.82,36.11
2003-05-10,25.54,35.31,4.39,13.2,37.35
2003-05-11,26.33,35.82,3.54,11.13,37.24
2003-05-12,27.05,36.13,3.35,8.21,37.0
2003-05-13,25.0,34.83,3.13,15.49,37.75
2003-05-14,27.36,34.32,3.37,9.26,35.85
2003-05-15,27.19,34.88,2.86,8.16,37.44
2003-05-16,26.59,36.32,2.46,10.15,38.93
2003-05-17,24.83,36.51,5.33,21.78,38.83
2003-05-18,27.39,36.1,4.63,22.88,38.98
2003-05-19,26.41,36.32,4.51,20.53,38.64
2003-05-20,26.44,36.2,6.34,28.68,38.64
2003-05-21,23.13,36.21,7.14,33.23,38.8
2003-05-22,22.46,35.08,7.09,37.5,37.71
2003-05-23,23.89,35.33,5.91,29.91,37.73
2003-05-24,23.7,35.69,3.33,24.5,39.28
2003-05-25,25.41,34.62,7.63,29.72,37.09
2003-05-26,22.76,34.91,4.36,28.69,38.34
2003-05-27,25.32,35.49,6.6,27.97,37.73
2003-05-28,27.43,35.16,5.6,24.29,37.64
2003-05-29,25.93,36.27,3.05,18.45,39.74
2003-05-30,25.3,36.39,4.68,23.35,39.58
2003-05-31,24.97,36.36,5.39,28.58,39.45
2003-06-01,25.24,36.9,4.41,24.01,40.3
2003-06-02,26.4,38.35,3.77,18.66,41.32
2003-06-03,27.32,38.33,6.2,22.61,40.75
2003-06-04,25.3,38.71,5.36,26.49,41.93
2003-06-05,22.76,38.23,6.63,28.93,40.89
2003-06-06,24.55,37.97,7.13,33.01,40.87
2003-06-07,24.68,37.64,7.92,33.45,40.2
2003-06-08,22.79,37.02,8.82,36.8,39.46
2003-06-09,26.97,36.79,7.64,35.14,39.56
2003-06-10,26.13,36.85,6.68,33.58,39.97
2003-06-11,26.25,36.61,7.94,33.98,39.28
2003-06-12,27.29,36.16,6.5,36.03,39.31
2003-06-13,25.82,37.23,4.23,29.91,41.16
2003-06-14,26.55,37.97,4.15,28.21,41.94
2003-06-15,26.37,38.34,4.59,25.26,42.12
2003-06-16,25.45,39.11,5.48,25.3,42.82
2003-06-17,24.47,37.89,6.43,34.3,41.33
2003-06-18,10.39,33.05,5.15,47.46,34.98
2003-06-19,16.25,31.47,4.0,51.9,33.86
2003-06-20,26.36,34.59,1.71,36.03,38.69
2003-06-21,26.76,37.55,3.53,29.07,41.14
2003-06-22,25.66,38.44,4.16,31.15,42.1
2003-06-23,22.26,38.19,5.94,33.29,41.6
2003-06-24,23.54,37.53,4.83,36.41,41.95
2003-06-25,24.06,37.82,5.12,34.68,42.24
2003-06-26,23.36,37.23,6.9,34.56,40.75
2003-06-27,23.18,37.5,6.41,34.28,40.98
2003-06-28,20.42,37.39,6.28,35.31,40.83
2003-06-29,19.15,36.29,6.86,39.52,39.35
2003-06-30,19.32,36.23,4.43,40.84,40.82
2003-07-01,22.49,36.85,4.24,40.03,41.55
2003-07-02,23.76,38.34,2.29,30.21,43.19
2003-07-03,24.88,39.29,2.56,28.34,43.52
2003-07-04,24.09,38.75,5.02,35.75,43.2
2003-07-05,15.06,35.48,5.69,48.6,38.88
2003-07-06,17.09,30.6,3.97,71.98,32.24
2003-07-07,23.42,30.87,3.37,66.77,32.26
2003-07-08,25.36,31.98,4.12,63.41,34.39
2003-07-09,19.27,31.38,3.61,65.94,33.4
2003-07-10,24.51,31.29,1.56,65.69,33.16
2003-07-11,24.16,33.28,2.64,57.0,37.14
2003-07-12,25.33,35.03,4.48,49.45,38.75
2003-07-13,25.82,35.39,4.47,48.09,38.36
2003-07-14,26.01,33.79,1.74,52.77,37.06
2003-07-15,22.95,36.55,1.99,42.11,40.55
2003-07-16,15.0,35.56,3.96,45.69,38.42
2003-07-17,19.22,31.82,5.18,64.96,33.03
2003-07-18,19.05,32.27,2.17,64.25,34.62
2003-07-19,26.32,32.74,4.5,58.84,35.07
2003-07-20,26.32,34.16,6.18,53.61,37.02
2003-07-21,23.46,34.71,6.26,48.82,37.45
2003-07-22,14.83,32.15,3.99,59.35,34.87
2003-07-23,17.19,32.42,2.34,63.12,34.84
2003-07-24,24.41,33.38,2.43,59.11,35.56
2003-07-25,26.07,34.16,4.35,54.14,37.21
2003-07-26,25.52,32.42,6.36,61.63,35.3
2003-07-27,19.69,33.87,2.68,56.98,36.11
2003-07-28,21.93,34.06,5.6,54.62,35.79
2003-07-29,12.6,31.36,5.42,67.3,33.34
2003-07-30,21.66,31.22,9.02,63.39,33.14
2003-07-31,22.16,31.25,9.32,59.24,33.55
2003-08-01,17.06,31.79,6.4,58.11,34.99
2003-08-02,14.22,31.87,5.87,56.39,35.4
2003-08-03,22.47,32.66,5.15,54.47,36.41
2003-08-04,22.64,32.34,4.82,58.91,35.67
2003-08-05,15.21,33.66,2.41,53.2,38.19
2003-08-06,21.66,34.5,2.31,49.89,38.56
2003-08-07,23.84,35.78,2.05,44.77,40.37
2003-08-08,24.39,35.58,3.86,45.76,39.4
2003-08-09,25.32,33.87,5.36,53.62,36.62
2003-08-10,24.66,33.39,6.7,53.78,35.71
2003-08-11,23.54,33.55,6.06,52.38,36.49
2003-08-12,24.1,34.08,5.12,51.26,37.5
2003-08-13,25.46,33.72,4.95,49.46,36.89
2003-08-14,25.05,33.82,3.97,44.75,37.37
2003-08-15,25.34,33.92,3.9,44.54,37.73
2003-08-16,25.32,34.67,4.19,41.53,38.36
2003-08-17,25.09,33.76,6.16,43.96,36.81
2003-08-18,23.6,33.55,7.73,48.14,36.05
2003-08-19,21.23,33.38,6.6,50.99,36.21
2003-08-20,18.27,33.57,5.09,49.62,36.77
2003-08-21,18.61,34.03,2.82,47.12,38.38
2003-08-22,21.26,34.79,2.67,42.9,38.3
2003-08-23,24.48,36.0,3.49,37.78,38.43
2003-08-24,23.74,33.9,4.45,48.34,36.72
2003-08-25,21.07,33.49,3.02,53.81,36.31
2003-08-26,15.1,33.81,2.47,52.92,35.97
2003-08-27,19.53,32.16,1.72,64.62,32.68
2003-08-28,17.93,30.42,2.67,72.44,31.22
2003-08-29,23.85,32.23,1.96,58.25,35.04
2003-08-30,22.93,32.75,3.5,54.61,35.48
2003-08-31,22.9,32.65,3.37,53.49,35.83
2003-09-01,23.54,32.63,5.26,53.5,35.23
2003-09-02,21.87,32.81,5.08,51.05,35.42
2003-09-03,21.97,32.46,4.91,52.43,35.3
2003-09-04,22.35,32.52,4.18,50.98,35.65
2003-09-05,22.78,32.19,3.49,49.63,35.56
2003-09-06,21.84,32.35,1.84,45.62,36.06
2003-09-07,21.77,32.14,3.08,42.63,35.0
2003-09-08,22.51,32.45,4.26,42.67,35.1
2003-09-09,23.35,31.91,4.23,43.26,34.39
2003-09-10,23.29,31.87,4.38,46.49,34.45
2003-09-11,23.04,32.33,3.66,47.46,35.28
2003-09-12,22.72,32.55,4.26,47.09,35.22
2003-09-13,23.18,32.65,4.2,46.13,35.53
2003-09-14,23.02,32.84,3.11,44.46,36.2
2003-09-15,22.97,33.3,3.5,43.21,36.39
2003-09-16,22.96,33.18,3.05,43.81,36.64
2003-09-17,22.62,33.42,3.91,42.58,36.07
2003-09-18,22.38,33.47,3.81,42.87,36.13
2003-09-19,21.96,33.41,3.91,39.74,35.87
2003-09-20,22.17,33.21,4.41,36.66,35.04
2003-09-21,21.75,33.39,4.01,37.68,35.46
2003-09-22,22.01,33.42,4.96,38.68,35.27
2003-09-23,21.97,32.64,4.75,44.12,34.82
2003-09-24,21.93,32.3,4.5,44.93,34.59
2003-09-25,21.86,32.92,2.36,41.61,35.9
2003-09-26,20.19,32.91,2.61,38.33,35.41
2003-09-27,19.84,33.22,1.76,30.94,35.39
2003-09-28,21.21,32.31,2.04,24.43,33.77
2003-09-29,21.24,31.23,1.74,30.31,32.57
2003-09-30,20.61,31.16,3.0,46.36,33.52
2003-10-01,20.92,31.49,2.7,34.93,33.79
2003-10-02,21.62,30.68,2.14,23.24,31.96
2003-10-03,22.16,30.29,2.5,19.23,31.79
2003-10-04,22.01,30.65,2.63,18.14,31.43
2003-10-05,22.19,30.14,2.62,18.31,31.2
2003-10-06,22.06,29.27,3.52,22.06,30.64
2003-10-07,21.34,29.25,3.13,25.37,30.74
2003-10-08,20.7,30.5,2.59,27.07,31.62
2003-10-09,20.55,30.4,2.46,25.04,31.67
2003-10-10,20.77,29.82,2.28,20.84,30.38
2003-10-11,21.53,28.81,1.57,17.9,29.35
2003-10-12,21.35,28.15,2.3,20.69,29.14
2003-10-13,20.99,28.41,2.41,22.59,29.83
2003-10-14,20.64,29.02,1.77,19.45,29.52
2003-10-15,20.92,29.3,1.83,18.49,29.33
2003-10-16,20.32,28.6,3.41,21.3,29.2
2003-10-17,19.74,27.96,3.24,25.58,28.97
2003-10-18,18.56,28.55,2.0,19.84,28.34
2003-10-19,19.19,28.74,2.24,16.67,28.52
2003-10-20,19.71,27.95,2.35,17.7,28.37
2003-10-21,20.04,28.95,1.34,16.06,28.18
2003-10-22,19.65,28.98,1.37,13.78,27.79
2003-10-23,20.3,27.88,1.78,14.4,27.32
2003-10-24,19.85,27.81,1.97,13.28,26.68
2003-10-25,19.36,27.72,2.3,13.89,26.45
2003-10-26,18.51,28.03,1.81,17.26,27.01
2003-10-27,18.62,28.6,1.52,18.45,27.14
2003-10-28,18.68,27.84,2.56,17.58,27.02
2003-10-29,15.76,25.56,2.62,22.56,25.67
2003-10-30,16.01,26.44,1.56,19.38,25.07
2003-10-31,17.63,26.98,1.33,14.02,24.86
2003-11-01,18.57,26.04,1.95,15.23,24.83
2003-11-02,18.0,24.78,3.13,18.22,24.72
2003-11-03,17.83,24.94,3.02,27.54,25.46
2003-11-04,16.84,26.27,2.06,23.62,25.81
2003-11-05,17.64,27.09,1.66,19.21,25.13
2003-11-06,17.81,25.36,2.09,19.6,24.83
2003-11-07,17.74,24.68,1.76,16.18,23.13
2003-11-08,18.3,23.41,2.96,14.83,22.21
2003-11-09,17.72,23.33,2.12,14.7,22.27
2003-11-10,17.79,21.49,2.52,16.02,20.19
2003-11-11,17.65,23.63,2.21,14.19,21.16
2003-11-12,17.62,22.51,2.94,15.67,22.32
2003-11-13,16.03,22.05,3.09,16.85,22.4
2003-11-14,16.23,22.09,2.76,18.96,22.83
2003-11-15,14.76,21.02,2.37,28.14,21.27
2003-11-16,13.93,21.46,2.45,29.95,21.27
2003-11-17,16.05,19.49,3.52,22.77,19.12
2003-11-18,16.51,17.47,3.11,29.95,17.32
2003-11-19,17.15,16.43,3.4,26.8,16.86
2003-11-20,17.23,16.49,3.35,20.33,16.08
2003-11-21,17.15,17.94,1.71,19.68,16.35
2003-11-22,16.88,17.95,2.43,18.71,15.99
2003-11-23,16.46,17.65,2.37,18.84,16.43
2003-11-24,14.06,17.42,3.79,19.42,16.39
2003-11-25,15.7,17.22,2.99,22.27,16.52
2003-11-26,16.43,19.24,1.59,17.49,16.38
2003-11-27,16.39,17.43,3.41,17.77,16.53
2003-11-28,16.11,16.13,3.13,19.2,15.25
2003-11-29,15.86,16.51,3.43,20.77,15.87
2003-11-30,15.7,16.51,2.78,21.51,16.13
2003-12-01,14.79,16.93,3.29,20.84,16.89
2003-12-02,14.91,18.23,2.5,18.38,17.7
2003-12-03,14.78,18.95,2.58,17.45,18.28
2003-12-04,14.71,19.59,2.55,17.63,18.95
2003-12-05,13.65,19.17,2.83,22.44,19.19
2003-12-06,14.17,20.71,2.16,23.97,19.68
2003-12-07,14.29,22.06,2.42,25.62,20.17
2003-12-08,12.56,22.99,3.67,31.26,22.5
2003-12-09,14.38,20.08,3.79,39.27,20.59
2003-12-10,12.68,17.02,3.55,48.41,17.33
2003-12-11,10.78,17.26,2.25,53.66,17.48
2003-12-12,12.67,17.26,2.11,49.74,17.2
2003-12-13,12.1,17.54,2.03,46.23,16.87
2003-12-14,10.68,17.59,1.56,40.55,16.77
2003-12-15,11.89,15.33,3.51,47.15,15.56
2003-12-16,14.04,14.46,2.52,28.86,14.02
2003-12-17,14.09,14.61,2.11,28.61,13.86
2003-12-18,14.39,15.08,2.1,29.5,14.31
2003-12-19,14.66,15.21,2.87,29.17,14.18
2003-12-20,14.19,15.96,2.34,32.1,14.72
2003-12-21,14.13,16.28,2.14,34.85,14.71
2003-12-22,14.08,15.72,2.57,37.25,14.99
2003-12-23,13.5,15.74,2.51,35.15,15.64
2003-12-24,13.33,14.3,3.12,34.29,14.42
2003-12-25,14.08,13.34,2.06,32.22,12.93
2003-12-26,14.21,13.5,2.7,28.92,13.09
2003-12-27,14.2,12.75,3.34,35.0,12.62
2003-12-28,14.47,12.7,2.41,32.71,12.2
2003-12-29,13.77,13.55,2.0,28.44,13.14
2003-12-30,14.51,15.91,2.41,23.6,15.51
2003-12-31,14.46,16.34,2.21,23.79,15.85
2004-01-01,14.62,15.33,2.96,27.24,14.68
2004-01-02,13.59,12.76,2.98,31.28,12.95
2004-01-03,12.94,11.89,3.43,38.25,12.21
2004-01-04,13.41,14.03,4.39,29.98,14.22
2004-01-05,12.4,15.41,3.81,25.33,15.71
2004-01-06,13.6,13.4,4.45,28.2,13.71
2004-01-07,14.72,13.1,3.46,35.66,13.62
2004-01-08,14.63,15.25,2.69,33.06,14.64
2004-01-09,14.9,16.88,1.74,28.22,15.87
2004-01-10,14.89,19.21,1.28,23.31,17.1
2004-01-11,15.39,20.06,1.56,23.1,18.13
2004-01-12,15.05,20.28,2.75,24.89,18.24
2004-01-13,15.04,19.71,1.99,28.56,18.42
2004-01-14,13.85,20.08,1.93,27.27,18.53
2004-01-15,14.05,20.73,1.98,23.91,19.26
2004-01-16,13.25,21.06,3.43,29.8,20.77
2004-01-17,15.39,17.65,3.3,35.97,17.67
2004-01-18,15.95,16.21,2.66,25.33,15.77
2004-01-19,13.14,16.41,2.06,42.58,17.33
2004-01-20,5.36,15.5,4.32,42.55,15.25
2004-01-21,7.03,15.03,4.72,54.5,15.99
2004-01-22,6.77,13.95,3.07,63.56,15.51
2004-01-23,15.58,14.43,1.77,49.37,14.6
2004-01-24,15.93,14.7,2.82,38.1,15.18
2004-01-25,16.12,15.55,1.95,33.77,16.19
2004-01-26,16.64,16.18,2.14,29.86,16.1
2004-01-27,17.23,15.66,3.03,32.1,16.61
2004-01-28,16.33,16.54,3.22,30.27,17.86
2004-01-29,13.13,17.29,2.68,33.62,18.21
2004-01-30,14.25,14.17,4.45,58.02,15.35
2004-01-31,16.4,14.53,1.82,46.71,15.23
2004-02-01,17.94,15.03,2.13,32.28,14.99
2004-02-02,17.86,14.76,2.28,29.05,14.59
2004-02-03,18.89,16.29,1.21,20.15,14.86
2004-02-04,18.34,17.54,2.31,17.45,15.27
2004-02-05,18.22,17.55,3.08,18.34,16.18
2004-02-06,18.98,18.45,1.99,15.27,16.67
2004-02-07,19.03,18.36,2.39,13.83,17.33
2004-02-08,16.44,19.78,3.87,15.99,19.75
2004-02-09,17.49,17.91,5.04,41.08,18.43
2004-02-10,18.47,15.65,3.56,46.18,16.27
2004-02-11,18.63,16.07,2.8,42.57,16.35
2004-02-12,19.06,18.44,2.33,34.51,18.08
2004-02-13,19.32,19.28,2.34,29.78,19.78
2004-02-14,19.62,19.28,3.38,25.57,20.03
2004-02-15,19.45,21.76,1.4,18.59,20.94
2004-02-16,20.21,23.03,2.28,16.53,21.62
2004-02-17,15.77,21.72,3.29,18.39,19.87
2004-02-18,18.33,21.45,1.86,21.77,21.31
2004-02-19,17.38,21.96,1.95,20.44,21.64
2004-02-20,19.52,20.92,3.21,21.26,21.98
2004-02-21,18.95,23.17,2.68,19.35,23.03
2004-02-22,19.8,23.45,2.78,21.17,23.18
2004-02-23,20.56,23.9,1.85,21.04,23.11
2004-02-24,17.04,25.4,1.64,15.95,24.48
2004-02-25,20.09,26.52,2.6,15.62,25.21
2004-02-26,20.39,27.19,1.61,17.06,25.91
2004-02-27,20.48,25.26,2.49,19.4,25.78
2004-02-28,21.11,24.1,2.71,19.32,25.44
2004-02-29,22.45,23.47,2.19,12.94,23.63
2004-03-01,22.89,22.49,2.69,10.82,22.24
2004-03-02,23.08,23.8,1.44,9.5,22.53
2004-03-03,23.77,25.11,1.24,8.17,23.31
2004-03-04,23.28,25.24,2.4,8.57,23.62
2004-03-05,22.45,25.1,3.51,12.52,24.71
2004-03-06,23.35,25.02,3.2,13.86,24.35
2004-03-07,23.27,26.81,2.06,10.13,26.43
2004-03-08,23.48,28.68,2.63,7.85,27.05
2004-03-09,23.48,26.31,2.99,10.86,27.48
2004-03-10,22.69,26.41,2.76,14.88,27.11
2004-03-11,21.84,27.87,1.8,16.12,27.45
2004-03-12,22.22,29.06,1.61,14.13,28.54
2004-03-13,22.65,28.95,1.95,13.02,29.34
2004-03-14,22.62,29.79,2.21,14.79,30.0
2004-03-15,23.38,31.87,1.77,12.29,30.81
2004-03-16,24.88,30.66,3.58,11.25,30.67
2004-03-17,25.02,30.13,4.24,10.47,30.05
2004-03-18,23.03,30.62,3.32,12.9,30.76
2004-03-19,23.14,30.78,2.96,15.58,31.21
2004-03-20,23.63,32.07,2.64,14.29,32.24
2004-03-21,23.52,32.71,3.17,12.96,33.02
2004-03-22,21.97,31.14,3.52,16.04,31.81
2004-03-23,22.81,29.25,3.11,12.86,30.08
2004-03-24,25.8,24.85,4.06,6.6,25.94
2004-03-25,25.89,25.96,1.53,7.32,26.78
2004-03-26,25.47,26.17,2.99,11.69,27.09
2004-03-27,25.48,27.85,2.06,11.46,28.01
2004-03-28,25.36,28.36,1.88,9.78,28.51
2004-03-29,26.1,29.92,1.68,7.69,29.83
2004-03-30,26.19,30.1,1.95,10.57,30.1
2004-03-31,25.47,30.65,1.24,8.21,30.31
2004-04-01,20.99,28.96,4.43,22.56,29.62
2004-04-02,24.05,29.97,3.91,25.4,31.93
2004-04-03,21.5,30.7,1.96,23.83,33.22
2004-04-04,21.8,32.42,1.89,24.38,35.63
2004-04-05,25.26,33.07,2.58,19.29,35.2
2004-04-06,25.96,33.2,3.01,14.08,34.25
2004-04-07,23.35,32.72,4.19,20.6,34.51
2004-04-08,24.93,33.24,2.87,22.57,35.97
2004-04-09,23.3,33.32,4.31,23.61,35.13
2004-04-10,24.38,32.39,3.15,10.54,34.22
2004-04-11,25.74,33.18,3.05,9.72,34.22
2004-04-12,25.17,32.85,4.44,16.98,34.49
2004-04-13,25.72,33.01,4.53,12.7,34.42
2004-04-14,25.74,33.63,5.3,14.85,35.21
2004-04-15,26.45,35.48,3.67,14.64,36.59
2004-04-16,22.74,34.73,6.73,17.42,35.8
2004-04-17,23.58,31.77,5.14,18.28,34.22
2004-04-18,24.71,31.63,3.86,20.0,34.07
2004-04-19,26.02,32.54,4.34,20.22,35.06
2004-04-20,26.92,33.81,3.85,19.56,36.3
2004-04-21,21.83,33.9,1.65,18.31,36.34
2004-04-22,16.62,32.64,4.25,22.21,35.01
2004-04-23,22.77,32.33,2.95,17.69,35.1
2004-04-24,28.19,31.72,2.65,11.46,34.85
2004-04-25,27.82,33.06,2.57,13.78,36.0
2004-04-26,27.5,34.28,2.75,12.32,36.89
2004-04-27,26.53,34.94,4.94,14.57,36.71
2004-04-28,24.25,34.67,4.27,19.56,37.14
2004-04-29,20.93,34.13,3.82,25.4,36.88
2004-04-30,23.92,29.25,4.65,17.0,31.29
2004-05-01,26.57,28.9,3.43,13.4,30.82
2004-05-02,24.08,28.93,2.94,12.11,31.98
2004-05-03,23.73,31.39,2.61,12.72,34.41
2004-05-04,24.96,33.68,2.91,13.28,36.36
2004-05-05,26.14,34.98,2.96,13.92,37.48
2004-05-06,28.46,35.54,2.51,11.34,38.89
2004-05-07,26.69,36.35,4.11,7.7,38.22
2004-05-08,23.51,35.55,3.33,12.33,37.78
2004-05-09,24.82,35.79,2.55,16.12,38.59
2004-05-10,25.13,36.26,1.82,17.19,39.52
2004-05-11,18.69,35.73,5.78,25.75,37.94
2004-05-12,24.68,34.46,6.06,43.97,38.24
2004-05-13,27.28,35.67,4.52,36.72,39.94
2004-05-14,27.06,35.93,5.72,30.94,39.1
2004-05-15,27.2,35.72,4.61,30.03,39.39
2004-05-16,27.23,36.44,4.64,24.76,39.59
2004-05-17,27.29,36.64,4.31,17.8,39.45
2004-05-18,26.58,36.7,5.41,16.44,38.9
2004-05-19,26.92,36.35,8.66,26.27,38.33
2004-05-20,25.39,35.77,9.36,33.6,37.73
2004-05-21,25.92,35.93,8.57,32.05,37.92
2004-05-22,25.18,36.07,8.29,31.57,38.32
2004-05-23,23.77,36.01,6.52,25.6,37.97
2004-05-24,23.63,35.11,4.95,33.75,38.02
2004-05-25,24.79,35.71,5.91,33.91,38.53
2004-05-26,23.38,35.16,5.56,34.99,38.18
2004-05-27,24.97,35.34,4.56,31.2,38.46
2004-05-28,26.56,36.08,3.38,27.83,40.03
2004-05-29,26.06,36.49,3.96,27.64,40.19
2004-05-30,26.82,37.3,4.81,24.16,40.49
2004-05-31,27.66,37.04,3.88,23.66,40.58
2004-06-01,25.24,38.12,3.91,26.19,41.85
2004-06-02,25.19,38.51,4.49,24.06,41.73
2004-06-03,26.76,37.28,5.07,24.51,40.77
2004-06-04,27.25,36.85,6.31,25.49,39.78
2004-06-05,28.5,36.22,6.18,26.64,39.46
2004-06-06,26.96,36.37,7.17,29.61,39.2
2004-06-07,23.37,34.9,5.64,34.49,38.03
2004-06-08,24.0,36.04,4.42,29.59,39.66
2004-06-09,22.69,35.12,2.81,32.7,39.11
2004-06-10,25.81,36.29,1.95,30.03,41.02
2004-06-11,25.33,37.75,1.83,21.7,41.86
2004-06-12,22.78,39.27,2.72,18.22,42.55
2004-06-13,24.3,39.0,3.83,18.35,42.17
2004-06-14,26.19,39.34,3.1,21.96,43.55
2004-06-15,26.05,38.8,4.09,29.03,42.2
2004-06-16,24.16,38.48,2.92,30.01,43.12
2004-06-17,25.12,39.27,3.62,30.75,43.9
2004-06-18,22.43,36.89,6.55,35.62,39.46
2004-06-19,22.02,36.75,6.95,39.99,40.24
2004-06-20,21.71,36.69,7.82,40.19,39.88
2004-06-21,20.61,36.9,7.77,36.01,39.98
2004-06-22,19.66,36.32,7.45,36.43,39.63
2004-06-23,21.31,35.24,8.11,38.95,38.44
2004-06-24,20.13,36.02,7.12,38.67,39.19
2004-06-25,20.39,35.87,5.06,38.62,40.13
2004-06-26,22.27,36.16,5.86,40.72,39.69
2004-06-27,23.44,35.09,4.52,42.16,38.47
2004-06-28,27.05,36.67,3.02,32.12,40.7
2004-06-29,26.97,37.42,5.32,31.17,40.93
2004-06-30,26.92,36.96,6.81,32.06,39.91
2004-07-01,26.8,37.67,6.39,30.42,40.55
2004-07-02,27.6,37.66,6.58,30.03,40.64
2004-07-03,27.3,37.44,5.57,29.82,40.38
2004-07-04,25.93,38.22,4.19,29.56,42.38
2004-07-05,25.32,37.79,4.49,34.2,41.61
2004-07-06,24.66,38.49,5.93,34.6,42.18
2004-07-07,23.06,37.38,8.51,37.84,40.35
2004-07-08,18.68,35.8,8.93,42.92,38.84
2004-07-09,17.79,35.84,7.06,40.09,38.82
2004-07-10,19.25,35.03,6.37,40.06,38.19
2004-07-11,22.3,35.32,7.66,37.09,38.28
2004-07-12,24.47,36.02,6.57,38.5,39.33
2004-07-13,25.38,35.51,7.29,39.99,38.7
2004-07-14,25.11,35.36,6.73,40.19,38.48
2004-07-15,24.79,36.72,4.71,37.71,40.36
2004-07-16,25.23,37.91,3.35,32.79,42.17
2004-07-17,24.66,38.38,4.34,29.49,41.78
2004-07-18,24.6,37.16,5.65,33.17,40.98
2004-07-19,24.1,36.35,6.44,32.21,39.46
2004-07-20,22.5,35.42,5.83,31.64,38.45
2004-07-21,19.2,35.61,6.35,34.86,38.49
2004-07-22,21.14,34.91,6.25,33.2,37.51
2004-07-23,23.44,35.28,4.84,33.46,38.76
2004-07-24,24.73,36.84,3.5,27.69,40.43
2004-07-25,25.23,37.58,3.84,28.72,41.06
2004-07-26,25.67,37.06,5.18,30.95,40.44
2004-07-27,25.19,35.75,7.06,33.99,38.87
2004-07-28,24.27,35.9,6.8,36.06,39.18
2004-07-29,24.18,36.11,4.96,36.06,38.9
2004-07-30,23.18,35.58,4.45,40.34,38.63
2004-07-31,22.08,33.09,4.53,53.37,35.57
2004-08-01,23.23,31.27,4.79,60.72,33.0
2004-08-02,24.23,32.83,2.18,52.15,35.77
2004-08-03,18.25,33.95,2.27,46.47,36.31
2004-08-04,22.49,34.64,2.97,43.96,37.44
2004-08-05,23.07,35.7,2.74,43.39,39.14
2004-08-06,22.79,36.24,3.37,42.77,39.72
2004-08-07,19.36,36.17,1.96,41.89,38.55
2004-08-08,25.04,33.31,4.07,53.06,35.96
2004-08-09,22.72,33.4,2.91,51.83,36.45
2004-08-10,21.94,34.41,2.59,46.04,38.11
2004-08-11,21.41,35.69,2.38,41.78,38.54
2004-08-12,20.7,35.32,3.57,41.76,38.14
2004-08-13,24.08,35.53,3.17,40.54,39.89
2004-08-14,23.72,36.53,3.36,39.3,40.68
2004-08-15,24.04,35.69,4.61,40.47,38.46
2004-08-16,22.98,34.32,4.35,48.39,36.72
2004-08-17,22.88,33.63,2.97,52.88,36.11
2004-08-18,23.46,33.98,4.24,48.15,36.71
2004-08-19,20.53,34.41,5.62,46.76,37.25
2004-08-20,20.32,34.51,5.32,47.13,37.44
2004-08-21,21.35,35.16,4.48,41.13,38.18
2004-08-22,23.1,35.36,3.26,38.17,39.18
2004-08-23,23.33,36.48,4.01,32.75,39.51
2004-08-24,24.55,36.02,2.71,39.43,39.36
2004-08-25,23.38,35.86,2.99,37.57,39.06
2004-08-26,24.47,34.73,5.75,38.2,37.62
2004-08-27,24.31,33.78,5.33,39.94,36.58
2004-08-28,21.7,34.09,4.97,38.3,36.88
2004-08-29,23.44,34.36,5.12,35.98,37.06
2004-08-30,23.63,33.79,5.5,35.91,36.52
2004-08-31,24.54,33.18,6.16,37.69,35.81
2004-09-01,23.4,32.97,5.65,36.83,35.56
2004-09-02,24.29,32.9,3.82,38.43,36.31
2004-09-03,23.42,33.68,4.22,34.04,36.53
2004-09-04,24.02,33.16,5.21,35.95,35.6
2004-09-05,24.18,33.97,4.01,36.27,37.21
2004-09-06,22.98,34.35,3.18,34.0,37.75
2004-09-07,23.75,35.24,3.6,27.57,37.84
2004-09-08,23.49,34.5,6.15,25.35,36.15
2004-09-09,23.41,32.68,6.08,34.55,34.68
2004-09-10,22.51,33.02,5.29,38.29,35.42
2004-09-11,22.87,32.93,5.45,41.39,35.56
2004-09-12,20.85,32.96,4.77,39.46,35.63
2004-09-13,19.16,33.38,4.14,38.49,36.24
2004-09-14,21.03,33.62,4.49,39.42,36.22
2004-09-15,21.84,34.06,4.91,39.16,36.68
2004-09-16,20.78,33.05,4.36,43.54,35.94
2004-09-17,20.67,33.92,3.17,41.47,37.42
2004-09-18,20.17,34.96,2.33,35.05,37.84
2004-09-19,19.67,34.83,2.61,31.93,37.14
2004-09-20,21.36,35.23,2.36,29.89,37.38
2004-09-21,19.93,35.38,2.57,26.32,37.49
2004-09-22,20.2,34.19,2.79,34.99,36.63
2004-09-23,19.39,34.6,2.62,33.36,37.69
2004-09-24,20.53,33.72,3.01,33.99,36.76
2004-09-25,17.78,33.84,2.39,27.33,36.35
2004-09-26,13.33,33.06,2.47,38.6,35.66
2004-09-27,15.13,33.51,3.34,40.85,35.78
2004-09-28,20.15,34.16,3.45,37.22,36.76
2004-09-29,21.11,33.52,3.2,36.34,35.25
2004-09-30,18.13,32.59,4.74,36.17,34.29
2004-10-01,16.25,29.94,2.36,52.17,31.07
2004-10-02,12.46,27.56,2.85,63.02,28.75
2004-10-03,15.91,27.53,4.68,59.25,28.67
2004-10-04,18.9,29.53,3.31,50.02,31.2
2004-10-05,21.29,30.45,1.72,32.87,31.32
2004-10-06,21.99,31.0,1.94,22.39,31.75
2004-10-07,21.89,31.2,2.89,21.31,31.65
2004-10-08,20.08,29.62,4.88,29.1,30.55
2004-10-09,17.41,28.85,5.89,34.03,29.87
2004-10-10,18.19,27.88,3.51,21.0,28.34
2004-10-11,16.55,26.41,2.27,10.89,25.82
2004-10-12,15.87,25.25,2.46,18.75,26.01
2004-10-13,16.38,26.15,2.56,25.82,27.29
2004-10-14,16.84,26.15,2.51,26.79,27.22
2004-10-15,17.58,26.46,1.95,24.17,27.61
2004-10-16,18.49,27.59,2.03,18.83,27.69
2004-10-17,17.98,28.66,1.32,19.98,28.76
2004-10-18,18.54,29.04,2.0,22.62,29.05
2004-10-19,17.56,29.59,1.8,27.36,30.4
2004-10-20,17.98,28.51,2.38,26.57,29.91
2004-10-21,18.07,27.03,3.2,27.5,27.84
2004-10-22,16.86,26.28,3.08,25.68,27.0
2004-10-23,17.83,27.51,1.75,17.7,27.31
2004-10-24,17.86,26.76,3.07,18.39,27.83
2004-10-25,17.75,27.19,2.63,19.21,27.89
2004-10-26,15.67,26.31,2.61,21.04,26.71
2004-10-27,16.69,24.84,2.91,26.2,25.66
2004-10-28,14.91,24.81,1.98,25.36,25.25
2004-10-29,15.17,24.0,3.29,28.92,24.79
2004-10-30,15.46,22.57,2.88,32.29,23.7
2004-10-31,16.19,22.69,2.4,31.21,23.53
2004-11-01,17.0,22.84,2.23,22.96,23.25
2004-11-02,17.39,23.7,2.31,17.75,23.18
2004-11-03,17.6,23.67,2.36,18.05,23.24
2004-11-04,18.35,24.16,1.85,15.54,23.0
2004-11-05,17.96,23.78,2.33,13.42,23.16
2004-11-06,17.84,22.43,2.91,16.78,22.66
2004-11-07,17.92,22.86,2.28,13.6,22.2
2004-11-08,17.5,23.18,1.89,11.52,21.54
2004-11-09,17.01,22.88,2.27,12.63,22.12
2004-11-10,17.19,23.04,2.61,16.11,22.5
2004-11-11,16.71,23.24,2.39,21.71,22.93
2004-11-12,16.35,23.7,2.13,23.73,23.23
2004-11-13,16.29,23.51,2.4,27.6,23.94
2004-11-14,16.18,23.77,2.14,19.63,23.15
2004-11-15,13.99,25.25,1.95,16.52,23.2
2004-11-16,14.69,25.61,1.62,17.04,23.83
2004-11-17,9.69,26.44,1.1,20.48,23.93
2004-11-18,15.28,25.28,2.19,22.97,24.23
2004-11-19,15.22,24.82,1.76,20.0,23.51
2004-11-20,14.94,25.58,1.72,19.77,23.84
2004-11-21,15.35,26.11,1.47,17.94,24.32
2004-11-22,16.23,24.57,2.94,21.57,23.37
2004-11-23,15.12,24.63,1.63,25.57,23.16
2004-11-24,13.63,23.05,1.54,26.43,22.26
2004-11-25,13.46,22.71,2.29,29.92,23.13
2004-11-26,12.22,22.38,2.76,33.14,22.59
2004-11-27,11.9,21.87,2.59,40.89,22.44
2004-11-28,13.08,21.49,2.3,38.49,21.6
2004-11-29,14.29,21.72,2.99,32.28,21.48
2004-11-30,13.83,21.67,1.92,31.05,21.2
2004-12-01,13.36,18.67,3.72,43.55,19.3
2004-12-02,13.47,17.35,2.85,40.11,18.51
2004-12-03,12.76,17.14,2.62,40.12,17.77
2004-12-04,13.14,19.02,2.12,32.09,19.1
2004-12-05,14.29,19.63,2.84,28.1,20.1
2004-12-06,14.25,20.33,1.86,23.04,20.38
2004-12-07,11.86,19.62,2.76,19.91,19.29
2004-12-08,14.97,18.45,2.99,19.76,18.21
2004-12-09,14.49,19.8,1.61,15.69,17.6
2004-12-10,14.4,20.37,2.17,14.04,18.81
2004-12-11,11.81,19.68,2.21,15.31,18.02
2004-12-12,14.07,19.73,2.58,18.51,18.61
2004-12-13,13.99,19.06,2.57,22.39,18.79
2004-12-14,13.75,19.8,1.97,19.76,18.08
2004-12-15,14.21,20.89,2.12,19.23,18.29
2004-12-16,14.82,20.84,2.03,20.24,18.87
2004-12-17,14.58,21.62,2.03,19.59,19.24
2004-12-18,15.01,20.49,3.34,21.01,18.97
2004-12-19,13.39,18.41,4.7,27.89,17.78
2004-12-20,13.12,16.77,2.86,33.13,16.95
2004-12-21,13.58,14.78,3.25,28.63,15.1
2004-12-22,13.02,14.35,3.13,31.27,14.79
2004-12-23,12.91,15.21,2.61,30.07,15.2
2004-12-24,7.89,15.72,2.99,29.16,16.0
2004-12-25,13.27,14.93,3.22,29.26,15.15
2004-12-26,13.51,13.7,2.75,28.19,13.63
2004-12-27,13.77,15.36,3.0,22.82,14.88
2004-12-28,14.1,16.81,3.04,23.31,16.32
2004-12-29,11.92,18.75,1.83,40.2,17.08
2004-12-30,7.69,18.67,2.53,59.19,18.41
2004-12-31,7.65,14.17,4.84,60.13,14.52
2005-01-01,15.28,13.25,2.78,51.68,14.23
2005-01-02,13.82,12.8,2.94,51.31,13.83
2005-01-03,14.73,13.49,2.96,49.83,14.14
2005-01-04,14.1,12.57,3.23,50.54,13.32
2005-01-05,14.43,13.4,2.27,49.09,13.97
2005-01-06,14.23,15.29,2.49,44.89,15.41
2005-01-07,13.83,16.19,1.85,41.73,15.94
2005-01-08,14.12,17.65,2.81,36.42,16.48
2005-01-09,13.63,17.44,3.07,43.45,16.91
2005-01-10,14.41,15.58,2.62,39.98,15.3
2005-01-11,14.98,14.43,3.17,31.05,14.46
2005-01-12,15.05,14.53,3.02,29.1,14.79
2005-01-13,13.72,16.55,2.61,23.79,16.54
2005-01-14,15.22,16.91,3.09,25.51,17.42
2005-01-15,13.4,16.19,3.65,38.23,17.12
2005-01-16,14.07,15.71,3.88,30.46,16.49
2005-01-17,14.76,14.45,3.94,42.37,14.87
2005-01-18,15.69,14.95,1.97,26.18,13.58
2005-01-19,15.98,14.28,2.8,22.81,14.08
2005-01-20,10.1,15.25,2.77,18.68,15.47
2005-01-21,10.85,15.48,2.47,29.63,16.04
2005-01-22,15.2,14.95,2.92,44.19,15.88
2005-01-23,11.5,13.75,2.37,43.14,14.55
2005-01-24,8.15,14.79,2.56,31.21,15.73
2005-01-25,6.04,11.87,2.55,68.14,12.62
2005-01-26,16.23,14.37,1.52,59.42,14.85
2005-01-27,13.94,15.59,2.33,45.39,15.28
2005-01-28,17.5,13.62,2.07,34.43,13.75
2005-01-29,16.77,11.59,4.07,46.26,12.69
2005-01-30,17.06,11.49,3.53,39.3,12.48
2005-01-31,18.17,12.12,4.06,31.08,12.43
2005-02-01,16.59,13.54,2.38,25.53,13.05
2005-02-02,16.92,15.9,1.79,19.18,14.83
2005-02-03,16.28,16.24,2.56,17.42,15.13
2005-02-04,16.41,17.55,2.52,24.25,16.88
2005-02-05,9.89,17.4,3.08,44.6,18.51
2005-02-06,11.77,16.8,3.03,63.05,18.7
2005-02-07,12.03,18.14,3.57,62.49,19.02
2005-02-08,13.63,18.61,3.18,62.34,19.56
2005-02-09,13.87,19.45,2.28,53.33,19.15
2005-02-10,8.82,20.03,4.37,53.57,19.38
2005-02-11,15.2,19.11,2.7,60.89,20.05
2005-02-12,15.24,21.09,2.75,46.7,21.97
2005-02-13,14.27,21.71,2.53,37.87,22.57
2005-02-14,11.69,19.03,3.45,46.39,20.74
2005-02-15,18.55,20.52,6.16,44.37,21.26
2005-02-16,20.66,16.0,3.25,25.81,17.36
2005-02-17,18.56,15.31,2.83,26.95,16.85
2005-02-18,18.75,14.05,3.97,25.4,15.15
2005-02-19,19.8,11.79,2.88,22.78,13.03
2005-02-20,20.05,13.62,2.78,19.96,14.16
2005-02-21,20.58,13.95,2.61,21.25,14.53
2005-02-22,19.42,16.25,1.89,18.04,15.89
2005-02-23,19.62,16.49,2.53,21.67,17.57
2005-02-24,16.17,19.06,2.23,23.17,20.41
2005-02-25,17.95,20.62,2.49,28.85,22.49
2005-02-26,14.55,20.03,2.75,36.7,20.65
2005-02-27,16.82,23.16,2.38,34.69,24.01
2005-02-28,15.22,21.24,2.58,39.99,22.03
2005-03-01,19.24,21.27,3.44,43.22,23.44
2005-03-02,16.28,22.08,3.51,48.49,23.14
2005-03-03,20.13,22.81,2.99,44.2,24.8
2005-03-04,20.54,22.58,2.8,41.13,25.06
2005-03-05,20.75,23.08,2.21,33.33,24.82
2005-03-06,15.99,21.07,2.93,44.47,22.19
2005-03-07,19.84,22.6,2.54,36.96,24.54
2005-03-08,18.36,23.49,2.81,35.98,25.18
2005-03-09,17.95,23.02,4.23,44.65,24.92
2005-03-10,21.71,20.94,3.3,53.71,23.52
2005-03-11,23.01,23.21,2.36,40.06,24.93
2005-03-12,23.61,24.69,2.34,29.9,25.34
2005-03-13,24.23,26.95,1.31,20.98,27.37
2005-03-14,22.65,27.84,2.35,19.48,28.24
2005-03-15,22.5,29.39,1.99,19.1,29.79
2005-03-16,22.34,30.92,1.12,18.32,31.41
2005-03-17,21.15,30.48,1.76,19.09,31.49
2005-03-18,22.26,29.68,2.73,23.41,30.2
2005-03-19,20.96,28.42,1.16,31.24,30.73
2005-03-20,22.17,29.27,2.16,30.45,31.17
2005-03-21,22.36,25.37,4.96,41.44,27.41
2005-03-22,25.43,24.8,2.47,20.71,27.28
2005-03-23,24.76,23.54,3.59,32.0,25.8
2005-03-24,24.75,25.06,2.5,23.95,27.46
2005-03-25,21.09,27.27,3.86,18.85,28.29
2005-03-26,22.99,28.0,2.26,27.26,30.74
2005-03-27,23.66,28.33,3.01,23.67,29.63
2005-03-28,24.51,28.08,2.42,15.91,29.69
2005-03-29,25.32,25.7,3.8,18.24,27.84
2005-03-30,26.16,26.11,2.45,14.35,27.76
2005-03-31,26.48,26.55,2.26,12.3,27.35
2005-04-01,26.53,28.82,1.92,8.57,27.9
2005-04-02,25.96,29.89,2.04,6.85,29.64
2005-04-03,27.04,30.9,2.05,8.46,30.88
2005-04-04,26.97,32.06,2.45,9.23,31.49
2005-04-05,27.21,31.1,3.89,7.83,31.28
2005-04-06,24.35,31.26,6.95,9.48,32.01
2005-04-07,25.0,28.42,7.7,14.9,29.47
2005-04-08,27.3,24.81,4.71,7.34,26.7
2005-04-09,27.2,23.28,3.94,7.09,24.63
2005-04-10,26.45,23.9,1.98,6.99,24.83
2005-04-11,25.43,25.12,2.57,7.96,26.04
2005-04-12,25.67,26.86,2.04,8.55,28.55
2005-04-13,25.44,29.62,2.78,7.73,30.34
2005-04-14,26.46,30.38,2.41,9.51,30.53
2005-04-15,25.8,29.44,2.62,16.32,31.31
2005-04-16,26.49,30.75,2.05,11.9,32.46
2005-04-17,27.38,31.99,1.2,8.84,32.97
2005-04-18,26.77,32.43,1.99,7.09,33.0
2005-04-19,27.03,33.3,2.04,7.22,34.51
2005-04-20,26.03,33.82,2.59,9.76,36.19
2005-04-21,22.98,32.79,1.98,12.24,34.39
2005-04-22,17.47,31.94,3.16,19.48,32.9
2005-04-23,19.25,32.84,3.19,29.01,35.17
2005-04-24,24.35,33.0,1.98,24.12,36.46
2005-04-25,23.05,32.98,2.39,23.62,35.74
2005-04-26,24.41,31.78,2.75,26.41,35.37
2005-04-27,24.17,31.09,3.62,25.07,34.92
2005-04-28,18.93,31.48,2.83,22.39,35.14
2005-04-29,22.77,30.57,2.85,34.3,33.82
2005-04-30,20.69,32.89,2.47,30.39,36.24
2005-05-01,22.24,30.63,1.85,47.51,30.96
2005-05-02,22.76,29.17,2.36,42.72,31.25
2005-05-03,20.13,30.24,1.97,39.48,32.62
2005-05-04,23.0,30.74,2.74,36.98,33.67
2005-05-05,26.81,31.58,2.03,37.26,34.52
2005-05-06,25.55,33.73,4.63,30.15,36.07
2005-05-07,25.28,33.17,5.76,36.97,35.64
2005-05-08,27.15,32.01,5.42,29.38,34.33
2005-05-09,28.17,31.5,4.4,20.12,33.51
2005-05-10,29.39,31.31,4.94,11.29,32.67
2005-05-11,28.59,31.64,5.46,15.22,32.95
2005-05-12,28.35,33.22,4.82,19.21,35.09
2005-05-13,27.43,33.76,4.94,20.85,35.5
2005-05-14,27.96,33.89,3.15,14.6,35.27
2005-05-15,26.76,34.98,3.35,10.17,35.94
2005-05-16,26.63,35.56,4.24,18.55,37.75
2005-05-17,26.02,35.15,4.5,26.36,38.14
2005-05-18,26.86,35.84,4.91,25.43,37.8
2005-05-19,27.63,35.93,4.16,11.23,36.77
2005-05-20,27.59,35.76,3.6,11.63,37.4
2005-05-21,24.76,36.28,3.85,17.21,38.33
2005-05-22,23.65,34.0,3.45,21.16,36.69
2005-05-23,25.91,33.83,2.95,25.03,37.54
2005-05-24,25.19,35.44,1.81,14.52,38.62
2005-05-25,24.24,35.95,2.76,17.72,37.19
2005-05-26,25.88,35.22,5.38,22.3,37.76
2005-05-27,28.6,34.28,2.15,13.48,38.1
2005-05-28,22.89,35.61,3.3,11.95,38.78
2005-05-29,22.77,33.78,2.46,21.12,36.51
2005-05-30,26.22,34.69,1.25,25.94,38.96
2005-05-31,26.9,35.74,2.55,22.31,39.33
2005-06-01,26.83,36.66,6.38,22.93,39.17
2005-06-02,26.96,36.77,7.4,22.37,38.92
2005-06-03,27.27,36.15,6.91,27.52,38.37
2005-06-04,27.43,36.39,5.38,25.56,38.67
2005-06-05,27.72,37.54,5.66,23.52,39.89
2005-06-06,27.03,38.21,5.89,27.82,41.05
2005-06-07,23.81,37.46,5.62,27.98,40.3
2005-06-08,24.35,37.56,5.36,26.64,40.48
2005-06-09,25.45,37.6,5.85,21.74,39.99
2005-06-10,25.61,36.08,5.54,28.03,38.93
2005-06-11,22.25,36.55,6.83,29.78,39.06
2005-06-12,23.86,35.53,4.09,33.43,38.44
2005-06-13,25.89,34.4,4.36,31.46,36.41
2005-06-14,26.88,35.6,1.76,25.87,38.86
2005-06-15,27.27,36.97,2.85,21.86,40.25
2005-06-16,27.26,36.47,5.72,22.59,39.16
2005-06-17,27.32,36.63,3.69,25.59,40.76
2005-06-18,27.59,36.88,5.06,24.62,40.06
2005-06-19,23.97,37.95,2.42,20.37,41.74
2005-06-20,18.8,38.45,2.34,25.96,41.81
2005-06-21,19.52,36.45,3.11,41.96,38.83
2005-06-22,25.79,37.06,2.92,42.2,39.94
2005-06-23,27.14,38.3,5.09,36.69,41.55
2005-06-24,27.87,38.68,4.88,35.25,42.54
2005-06-25,26.53,38.65,5.72,39.98,42.87
2005-06-26,23.26,39.39,7.35,37.09,42.98
2005-06-27,21.99,37.8,6.9,41.61,41.56
2005-06-28,24.04,37.31,6.18,42.12,41.82
2005-06-29,22.46,37.97,3.52,40.1,43.0
2005-06-30,23.34,36.07,4.28,47.98,39.73
2005-07-01,25.43,35.41,4.4,51.17,38.27
2005-07-02,24.72,35.19,3.51,49.5,38.07
2005-07-03,24.72,35.39,4.65,48.04,38.26
2005-07-04,23.91,36.08,4.75,42.71,39.88
2005-07-05,25.32,35.85,3.9,43.37,38.99
2005-07-06,23.24,35.11,3.42,44.83,38.11
2005-07-07,23.82,35.53,3.23,40.62,39.24
2005-07-08,23.13,36.73,2.78,38.44,40.5
2005-07-09,20.46,37.48,2.6,36.6,41.1
2005-07-10,24.3,37.87,4.31,34.56,41.26
2005-07-11,23.17,37.66,6.46,35.77,41.08
2005-07-12,21.28,36.47,5.38,39.68,40.24
2005-07-13,21.87,35.84,3.84,41.2,38.34
2005-07-14,23.22,36.5,4.75,39.68,40.02
2005-07-15,23.89,36.82,4.49,38.4,40.53
2005-07-16,23.4,34.44,3.37,45.48,37.92
2005-07-17,25.27,36.01,4.54,39.77,39.78
2005-07-18,24.5,35.95,6.15,39.25,38.87
2005-07-19,24.71,36.02,6.3,38.53,39.17
2005-07-20,23.29,35.98,7.65,39.46,38.95
2005-07-21,24.13,35.58,6.51,40.07,38.97
2005-07-22,24.27,35.77,6.25,41.06,39.14
2005-07-23,23.81,36.37,5.9,36.98,39.72
2005-07-24,25.25,36.35,4.73,36.4,40.39
2005-07-25,23.72,37.96,3.46,32.36,41.74
2005-07-26,24.82,38.58,3.56,32.04,42.93
2005-07-27,22.67,36.51,5.64,37.64,39.53
2005-07-28,23.79,35.08,2.25,43.94,37.09
2005-07-29,25.46,33.3,2.16,56.34,34.21
2005-07-30,24.14,32.88,2.3,57.74,34.17
2005-07-31,23.43,34.34,1.61,52.1,36.87
2005-08-01,14.26,35.42,1.72,46.97,37.15
2005-08-02,24.43,35.55,1.97,46.24,37.99
2005-08-03,24.76,37.51,1.91,40.9,41.08
2005-08-04,23.79,38.06,3.26,38.79,41.27
2005-08-05,24.65,35.65,7.6,49.54,38.18
2005-08-06,22.26,34.61,7.35,47.11,37.58
2005-08-07,21.01,33.59,8.25,47.44,36.25
2005-08-08,18.78,32.8,4.98,47.58,36.32
2005-08-09,21.11,33.1,4.78,44.95,36.21
2005-08-10,22.86,33.63,5.55,42.64,36.42
2005-08-11,23.71,33.98,5.98,42.12,36.73
2005-08-12,23.38,34.4,6.02,41.75,37.15
2005-08-13,23.27,35.11,5.11,43.01,38.74
2005-08-14,24.02,35.5,5.46,39.92,38.74
2005-08-15,23.99,35.37,6.69,40.49,38.2
2005-08-16,24.83,34.92,4.19,40.72,38.51
2005-08-17,22.91,35.52,4.75,39.5,39.01
2005-08-18,24.38,34.95,5.93,43.27,37.95
2005-08-19,25.13,35.55,6.18,43.05,38.5
2005-08-20,25.38,35.27,5.66,41.91,38.65
2005-08-21,25.26,34.88,6.14,37.1,37.89
2005-08-22,25.61,34.02,6.41,36.76,36.82
2005-08-23,25.16,33.77,6.57,38.27,36.38
2005-08-24,24.92,33.43,7.3,40.31,35.89
2005-08-25,25.04,33.8,7.07,41.08,36.27
2005-08-26,24.71,33.89,6.63,39.82,36.28
2005-08-27,25.26,33.88,6.95,38.42,36.14
2005-08-28,25.52,33.79,4.83,36.72,36.61
2005-08-29,25.99,33.81,3.69,37.16,37.01
2005-08-30,25.04,34.52,4.34,35.03,37.24
2005-08-31,25.72,33.58,5.11,35.69,36.18
2005-09-01,24.59,33.19,4.15,32.95,36.2
2005-09-02,24.34,34.33,3.87,28.43,36.91
2005-09-03,25.07,34.88,3.89,25.02,37.32
2005-09-04,24.29,35.5,3.43,24.43,38.17
2005-09-05,23.93,36.18,2.7,27.65,39.52
2005-09-06,22.4,37.58,2.15,24.4,40.26
2005-09-07,15.23,37.33,3.2,29.59,39.54
2005-09-08,16.07,32.1,2.39,61.01,32.38
2005-09-09,17.55,30.14,1.19,72.17,31.01
2005-09-10,21.07,29.41,1.72,68.96,30.79
2005-09-11,22.46,30.88,3.38,59.77,32.32
2005-09-12,20.63,30.71,4.98,60.81,32.3
2005-09-13,17.7,30.11,5.6,67.26,31.91
2005-09-14,15.35,29.36,7.03,65.9,30.83
2005-09-15,10.42,29.3,6.62,63.34,30.95
2005-09-16,17.51,30.91,2.32,56.83,33.71
2005-09-17,21.97,31.95,3.15,57.1,34.17
2005-09-18,17.34,32.94,1.81,51.04,35.74
2005-09-19,22.6,32.57,3.5,47.67,34.6
2005-09-20,22.91,32.71,2.9,39.26,34.42
2005-09-21,23.18,33.4,2.73,31.58,34.73
2005-09-22,21.74,33.57,2.16,39.69,36.35
2005-09-23,17.07,33.55,2.96,45.53,35.86
2005-09-24,19.96,33.15,3.14,46.43,35.18
2005-09-25,21.04,31.85,5.16,45.59,33.69
2005-09-26,21.82,30.59,4.96,46.25,32.51
2005-09-27,21.2,30.5,4.31,46.26,32.5
2005-09-28,21.69,30.8,4.0,44.36,32.66
2005-09-29,21.35,30.57,3.82,35.5,31.95
2005-09-30,22.01,30.07,4.4,37.37,31.3
2005-10-01,21.98,29.62,4.6,35.82,30.88
2005-10-02,22.02,29.33,4.68,38.28,30.58
2005-10-03,22.26,29.72,4.7,37.35,31.05
2005-10-04,21.86,29.08,4.69,35.38,30.16
2005-10-05,21.78,29.26,3.48,37.72,30.62
2005-10-06,21.3,29.36,3.5,33.12,30.32
2005-10-07,21.88,29.89,3.19,29.71,30.66
2005-10-08,21.57,29.24,3.41,29.49,29.79
2005-10-09,21.79,29.49,2.52,29.07,30.12
2005-10-10,21.3,29.46,2.81,24.47,30.0
2005-10-11,20.7,29.85,3.29,27.28,30.31
2005-10-12,20.34,29.93,2.29,27.05,30.38
2005-10-13,20.07,30.87,2.09,26.53,30.69
2005-10-14,19.8,30.92,1.59,25.01,31.01
2005-10-15,19.97,30.88,1.13,23.9,31.27
2005-10-16,19.84,30.68,1.49,21.53,31.03
2005-10-17,19.2,27.87,2.97,26.57,29.17
2005-10-18,19.0,27.7,3.06,24.35,28.54
2005-10-19,17.34,26.6,3.0,24.55,27.09
2005-10-20,16.61,26.38,3.05,29.62,27.12
2005-10-21,17.71,25.96,3.16,23.92,26.3
2005-10-22,18.63,27.09,1.59,21.03,26.32
2005-10-23,19.63,28.2,1.65,16.78,26.37
2005-10-24,19.38,27.15,2.24,16.63,26.04
2005-10-25,19.08,27.31,2.28,15.97,25.91
2005-10-26,18.63,27.79,1.45,14.69,26.12
2005-10-27,17.72,26.15,2.31,21.66,25.91
2005-10-28,17.39,25.89,2.63,20.91,25.92
2005-10-29,18.25,25.98,2.58,18.72,25.08
2005-10-30,18.91,26.6,2.51,14.88,24.65
2005-10-31,18.53,25.98,2.39,14.23,25.11
2005-11-01,17.79,25.41,2.03,22.55,25.04
2005-11-02,15.92,25.49,1.74,22.51,25.18
2005-11-03,14.66,24.08,2.67,25.33,24.96
2005-11-04,13.96,23.43,2.91,30.28,24.11
2005-11-05,13.87,22.98,2.61,29.35,23.75
2005-11-06,15.29,22.48,2.59,28.28,23.03
2005-11-07,15.27,22.81,2.41,24.43,22.6
2005-11-08,16.48,23.15,2.49,20.14,22.93
2005-11-09,16.59,23.87,2.22,18.35,22.97
2005-11-10,16.68,24.57,2.26,16.64,22.38
2005-11-11,16.27,24.07,1.64,15.83,21.69
2005-11-12,15.82,23.55,1.89,19.6,22.28
2005-11-13,16.34,23.1,2.06,30.42,22.55
2005-11-14,15.72,24.36,2.07,30.66,23.28
2005-11-15,15.88,24.31,2.49,26.1,22.97
2005-11-16,16.08,23.38,2.87,23.64,22.52
2005-11-17,16.59,21.68,2.53,20.02,20.97
2005-11-18,16.18,23.84,2.68,13.84,21.88
2005-11-19,15.84,23.82,2.66,18.14,22.93
2005-11-20,16.25,24.69,1.14,18.07,22.91
2005-11-21,15.78,23.8,1.95,19.98,22.32
2005-11-22,15.14,22.8,1.93,19.15,21.49
2005-11-23,14.55,22.3,2.09,20.56,21.07
2005-11-24,15.63,21.41,3.31,21.26,21.2
2005-11-25,15.46,21.13,2.67,21.67,20.76
2005-11-26,15.07,20.45,2.92,24.08,20.57
2005-11-27,14.32,20.16,2.71,23.54,19.38
2005-11-28,14.24,17.03,3.99,38.37,17.5
2005-11-29,14.5,15.83,3.52,42.18,16.37
2005-11-30,15.38,16.3,2.64,25.62,15.91
2005-12-01,16.19,16.06,2.51,17.55,14.55
2005-12-02,15.68,14.78,3.39,19.35,14.33
2005-12-03,15.57,15.87,2.51,18.86,14.33
2005-12-04,15.41,16.91,2.42,15.51,15.24
2005-12-05,15.13,18.36,2.18,15.47,16.81
2005-12-06,15.02,19.18,1.95,16.14,17.11
2005-12-07,15.07,19.06,2.24,17.4,17.4
2005-12-08,15.17,19.99,1.74,18.82,17.89
2005-12-09,14.59,19.14,2.42,21.41,17.79
2005-12-10,14.51,17.75,2.86,23.53,16.87
2005-12-11,14.53,15.89,2.41,23.83,15.29
2005-12-12,14.86,15.72,2.61,17.89,14.45
2005-12-13,15.07,15.34,2.43,17.25,13.87
2005-12-14,14.88,15.92,1.95,17.19,13.97
2005-12-15,15.1,14.9,2.99,19.47,14.34
2005-12-16,14.18,14.28,3.17,19.38,13.69
2005-12-17,14.31,13.73,2.68,19.83,12.41
2005-12-18,14.02,14.4,2.27,18.17,12.01
2005-12-19,14.19,14.71,2.39,18.1,12.86
2005-12-20,13.26,14.16,2.7,22.71,13.44
2005-12-21,12.31,13.82,3.15,23.36,13.0
2005-12-22,12.16,12.7,2.87,22.85,11.99
2005-12-23,12.31,12.27,2.62,24.41,10.77
2005-12-24,13.17,13.9,2.06,28.36,11.43
2005-12-25,13.81,15.61,1.72,25.13,13.44
2005-12-26,13.12,17.3,2.5,18.14,15.08
2005-12-27,12.19,18.4,3.94,29.16,17.66
2005-12-28,13.46,17.83,2.98,37.95,17.85
2005-12-29,14.07,18.18,1.51,26.84,17.22
2005-12-30,13.25,16.87,2.26,26.97,16.73
2005-12-31,11.63,17.61,1.8,27.67,16.23
2006-01-01,10.12,16.37,3.54,30.2,16.39
2006-01-02,11.07,12.74,3.14,53.26,13.29
2006-01-03,15.33,10.4,2.9,19.81,10.39
2006-01-04,14.86,10.12,3.38,22.83,10.08
2006-01-05,15.67,10.67,3.26,24.64,10.19
2006-01-06,16.02,9.93,3.9,16.82,9.42
2006-01-07,16.68,9.2,3.55,14.03,8.5
2006-01-08,16.11,10.58,2.77,17.52,9.29
2006-01-09,12.59,12.32,2.27,16.45,11.36
2006-01-10,14.68,14.02,2.92,16.4,13.95
2006-01-11,15.06,13.36,3.34,18.21,12.68
2006-01-12,15.23,14.87,2.4,14.72,13.15
2006-01-13,14.92,17.24,1.7,15.67,14.95
2006-01-14,13.87,18.72,1.82,15.55,15.57
2006-01-15,11.68,18.67,3.78,24.96,17.21
2006-01-16,14.28,17.72,2.91,39.62,18.2
2006-01-17,13.03,18.17,2.8,54.63,18.35
2006-01-18,14.21,18.7,2.24,50.49,18.6
2006-01-19,12.08,17.12,2.71,44.58,17.96
2006-01-20,14.9,15.63,3.15,32.61,16.28
2006-01-21,15.56,14.49,2.16,29.95,15.28
2006-01-22,15.5,14.52,2.22,27.1,15.04
2006-01-23,15.6,15.83,2.49,25.64,15.02
2006-01-24,15.66,16.33,2.12,24.28,15.43
2006-01-25,16.36,16.66,2.4,21.42,15.94
2006-01-26,16.64,16.68,2.78,19.74,16.56
2006-01-27,16.26,18.01,2.37,18.71,17.22
2006-01-28,14.82,19.18,2.51,15.96,17.56
2006-01-29,14.52,19.16,2.59,17.23,17.91
2006-01-30,15.21,20.09,2.15,16.67,18.9
2006-01-31,16.95,20.16,2.18,18.04,19.16
2006-02-01,12.69,19.65,2.96,21.84,19.25
2006-02-02,16.53,19.53,3.17,25.74,20.29
2006-02-03,17.04,21.07,2.25,22.43,20.2
2006-02-04,18.03,22.65,1.53,18.81,20.04
2006-02-05,16.05,22.54,2.64,15.56,20.17
2006-02-06,14.72,22.18,2.25,15.39,20.92
2006-02-07,16.75,21.11,1.74,18.17,20.71
2006-02-08,17.06,20.71,3.03,18.49,20.6
2006-02-09,17.61,21.04,3.25,21.29,21.38
2006-02-10,17.85,22.34,1.97,20.04,21.94
2006-02-11,18.06,23.25,3.53,19.54,22.93
2006-02-12,17.97,25.29,2.23,17.71,24.2
2006-02-13,16.28,25.45,1.69,21.17,25.18
2006-02-14,14.09,24.24,3.02,25.8,23.93
2006-02-15,17.8,23.55,3.24,28.84,24.09
2006-02-16,16.91,24.2,1.89,33.03,25.07
2006-02-17,17.64,24.68,1.64,31.94,26.07
2006-02-18,16.28,24.23,2.13,33.15,25.27
2006-02-19,16.73,25.44,3.23,33.86,26.3
2006-02-20,18.1,26.04,1.69,27.78,26.77
2006-02-21,19.07,24.49,2.53,26.64,25.66
2006-02-22,17.41,25.34,2.69,26.16,26.38
2006-02-23,19.47,24.43,2.85,29.37,26.46
2006-02-24,19.74,25.36,2.5,25.33,26.45
2006-02-25,17.61,25.74,3.25,25.57,26.41
2006-02-26,16.42,24.07,3.42,35.67,26.01
2006-02-27,22.0,21.75,3.41,17.17,23.0
2006-02-28,22.23,22.91,2.24,16.82,22.91
2006-03-01,22.73,23.99,2.12,13.18,23.74
2006-03-02,23.01,24.85,1.96,11.06,24.19
2006-03-03,22.54,24.75,2.2,11.69,25.03
2006-03-04,22.18,24.85,2.51,12.71,25.86
2006-03-05,20.45,23.94,2.06,15.05,24.32
2006-03-06,21.77,23.03,2.98,18.72,23.49
2006-03-07,22.29,23.6,4.36,24.93,24.74
2006-03-08,16.72,23.56,5.44,26.86,24.49
2006-03-09,6.95,22.49,5.26,41.58,22.66
2006-03-10,16.77,19.7,2.77,68.04,20.77
2006-03-11,22.27,22.12,2.1,52.76,23.3
2006-03-12,21.68,23.87,2.57,38.79,25.49
2006-03-13,19.21,24.63,3.12,37.26,25.82
2006-03-14,21.87,24.03,1.83,44.98,26.05
2006-03-15,21.78,22.4,2.6,44.6,25.3
2006-03-16,21.55,22.82,3.13,35.68,25.19
2006-03-17,23.88,23.06,3.25,25.77,24.89
2006-03-18,23.49,23.66,2.85,24.38,25.48
2006-03-19,23.51,26.28,2.46,18.3,27.44
2006-03-20,22.78,24.36,3.42,32.53,25.88
2006-03-21,24.74,24.13,2.98,34.57,26.46
2006-03-22,22.39,26.25,2.11,21.4,27.33
2006-03-23,22.62,28.03,1.75,22.35,29.8
2006-03-24,22.64,25.3,3.42,33.24,27.84
2006-03-25,23.71,25.68,3.6,32.72,28.32
2006-03-26,24.26,23.7,3.57,36.11,25.43
2006-03-27,25.04,24.71,2.96,21.64,26.04
2006-03-28,25.67,24.3,3.33,26.04,26.79
2006-03-29,25.96,25.61,2.36,23.86,27.19
2006-03-30,25.84,28.42,2.39,15.03,28.86
2006-03-31,23.27,28.95,3.14,11.14,29.1
2006-04-01,25.21,28.29,3.81,20.67,30.01
2006-04-02,25.53,28.14,2.78,16.15,30.42
2006-04-03,25.24,29.45,2.82,19.23,31.77
2006-04-04,24.54,30.12,2.4,14.76,32.18
2006-04-05,24.8,32.79,2.07,14.92,34.77
2006-04-06,24.39,33.48,3.51,17.78,34.54
2006-04-07,24.54,34.11,2.49,12.4,35.02
2006-04-08,22.62,33.11,5.11,18.31,34.42
2006-04-09,22.15,31.6,7.79,22.95,32.69
2006-04-10,26.74,29.24,3.3,13.18,30.51
2006-04-11,26.43,28.16,3.32,9.79,28.7
2006-04-12,27.36,26.14,3.33,5.81,28.43
2006-04-13,25.34,27.79,3.46,6.27,29.79
2006-04-14,23.11,29.12,4.52,9.69,30.57
2006-04-15,25.28,27.94,3.69,12.64,30.17
2006-04-16,24.75,29.18,2.37,15.6,31.63
2006-04-17,24.3,28.21,3.0,19.6,30.55
2006-04-18,25.13,29.67,3.35,19.0,31.22
2006-04-19,24.43,31.54,2.74,19.76,33.57
2006-04-20,22.14,31.83,2.52,25.76,35.02
2006-04-21,24.82,31.3,1.62,22.68,34.02
2006-04-22,25.26,33.2,2.73,22.47,35.33
2006-04-23,26.35,33.16,3.53,21.72,35.72
2006-04-24,25.66,33.59,3.22,26.32,36.2
2006-04-25,26.3,34.32,4.53,20.83,36.45
2006-04-26,26.86,33.27,5.11,22.44,35.57
2006-04-27,25.93,33.72,3.73,22.83,36.3
2006-04-28,24.03,34.43,4.36,23.18,37.0
2006-04-29,23.69,35.58,2.96,23.61,38.55
2006-04-30,22.97,35.48,2.21,20.24,37.52
2006-05-01,24.6,35.37,2.97,18.99,37.24
2006-05-02,25.15,34.82,2.49,17.44,37.05
2006-05-03,25.04,35.89,1.79,16.99,38.5
2006-05-04,26.66,37.27,2.67,13.94,38.64
2006-05-05,26.95,37.28,4.64,14.42,39.2
2006-05-06,26.48,36.74,5.44,18.08,38.79
2006-05-07,25.66,36.3,6.24,25.29,38.82
2006-05-08,26.11,36.4,5.75,26.86,39.35
2006-05-09,25.24,36.78,3.54,20.54,39.69
2006-05-10,20.33,36.93,3.63,20.11,40.11
2006-05-11,25.25,37.79,5.16,18.53,39.99
2006-05-12,26.45,37.35,4.73,20.83,39.89
2006-05-13,25.67,37.09,5.99,20.85,39.35
2006-05-14,25.91,36.31,6.35,26.06,38.61
2006-05-15,25.42,36.24,6.16,32.2,38.78
2006-05-16,24.71,36.69,4.56,27.74,39.46
2006-05-17,24.9,37.21,4.5,25.89,40.52
2006-05-18,24.01,36.19,4.38,25.31,38.62
2006-05-19,25.88,35.88,6.02,27.43,38.63
2006-05-20,22.59,35.38,5.34,36.5,38.75
2006-05-21,21.7,35.63,4.95,36.2,38.97
2006-05-22,21.05,36.54,5.51,34.22,39.53
2006-05-23,23.91,36.38,5.56,34.3,39.72
2006-05-24,24.33,36.42,5.56,32.24,39.7
2006-05-25,24.17,37.46,4.49,28.34,41.11
2006-05-26,24.89,37.72,5.02,24.08,40.74
2006-05-27,25.39,39.03,6.11,23.25,41.19
2006-05-28,27.42,39.07,7.52,22.93,41.11
2006-05-29,27.08,38.42,6.06,20.07,40.39
2006-05-30,25.69,38.23,2.38,14.51,40.27
2006-05-31,26.02,38.26,5.68,26.25,41.33
2006-06-01,23.0,37.46,4.69,26.37,41.03
2006-06-02,22.62,34.51,6.29,33.02,37.81
2006-06-03,23.61,34.86,2.78,36.42,38.43
2006-06-04,24.54,35.63,5.68,30.68,38.45
2006-06-05,22.1,34.43,4.11,30.92,37.81
2006-06-06,21.74,34.48,4.7,31.56,37.36
2006-06-07,23.83,34.64,4.78,29.85,37.71
2006-06-08,25.84,35.1,4.33,29.25,38.46
2006-06-09,26.11,36.29,4.06,23.01,39.47
2006-06-10,26.95,36.09,5.48,22.09,38.13
2006-06-11,27.06,35.24,6.4,29.81,37.95
2006-06-12,23.81,35.07,7.16,35.5,37.82
2006-06-13,23.83,34.73,6.14,37.41,38.35
2006-06-14,24.37,34.95,5.81,36.12,38.3
2006-06-15,23.26,35.15,6.01,37.61,38.44
2006-06-16,23.04,35.63,5.86,33.82,39.06
2006-06-17,19.48,34.68,4.2,34.75,38.72
2006-06-18,23.48,35.46,3.44,32.21,38.41
2006-06-19,23.05,34.95,3.3,33.52,38.38
2006-06-20,25.51,35.54,2.86,29.15,40.16
2006-06-21,26.74,36.32,3.25,22.72,40.18
2006-06-22,27.89,37.49,3.42,23.15,41.23
2006-06-23,26.45,38.8,3.25,21.09,42.56
2006-06-24,26.65,39.99,3.01,23.49,44.17
2006-06-25,22.12,39.32,3.21,27.88,43.0
2006-06-26,20.86,38.14,3.19,36.27,44.02
2006-06-27,23.5,34.93,5.05,52.77,37.24
2006-06-28,23.48,33.0,3.68,61.51,34.8
2006-06-29,23.75,34.65,3.93,51.78,36.17
2006-06-30,25.58,34.49,2.77,50.57,37.21
2006-07-01,25.04,36.53,3.6,44.78,39.61
2006-07-02,26.58,39.57,2.97,34.5,43.34
2006-07-03,25.27,40.63,3.89,30.35,43.68
2006-07-04,23.16,40.92,1.6,29.16,44.68
2006-07-05,25.28,40.05,4.92,30.47,43.41
2006-07-06,23.66,38.21,3.87,36.88,42.54
2006-07-07,24.9,36.65,7.28,46.74,40.02
2006-07-08,20.81,36.07,8.58,49.25,39.22
2006-07-09,20.19,35.34,8.48,46.94,38.24
2006-07-10,18.3,34.6,7.17,46.75,37.79
2006-07-11,16.21,35.2,6.92,47.75,38.47
2006-07-12,18.81,35.16,6.93,45.77,38.02
2006-07-13,18.16,34.75,6.92,45.77,37.3
2006-07-14,17.61,34.15,4.42,44.74,37.99
2006-07-15,18.23,35.25,3.8,38.68,39.13
2006-07-16,19.15,35.9,3.51,35.85,39.63
2006-07-17,21.29,37.17,3.95,33.14,41.02
2006-07-18,22.81,37.0,5.35,32.19,39.48
2006-07-19,22.85,36.68,6.74,38.13,39.8
2006-07-20,23.65,35.77,6.32,42.09,39.52
2006-07-21,17.26,35.94,4.66,40.43,39.15
2006-07-22,24.99,37.56,4.49,35.15,41.21
2006-07-23,26.36,38.01,4.15,36.29,42.44
2006-07-24,22.65,36.65,4.13,43.05,39.99
2006-07-25,21.92,34.19,5.68,52.93,36.85
2006-07-26,17.85,34.31,6.38,49.57,36.92
2006-07-27,18.96,34.44,5.19,46.19,36.9
2006-07-28,20.17,35.75,3.49,43.71,39.73
2006-07-29,24.54,35.65,4.64,42.83,38.95
2006-07-30,20.05,33.21,6.05,52.32,35.06
2006-07-31,24.04,35.49,5.24,43.7,38.52
2006-08-01,22.19,35.44,5.27,43.72,38.55
2006-08-02,16.01,34.63,4.13,48.01,38.19
2006-08-03,21.64,33.66,3.23,49.22,37.85
2006-08-04,20.4,32.94,2.5,53.54,36.65
2006-08-05,19.33,31.08,1.72,68.13,32.7
2006-08-06,21.09,29.82,3.24,78.26,30.41
2006-08-07,24.76,31.29,1.56,67.34,32.42
2006-08-08,20.34,32.09,2.32,59.88,33.52
2006-08-09,20.88,33.05,3.3,55.3,34.41
2006-08-10,21.16,33.35,2.59,55.81,34.27
2006-08-11,24.31,33.58,2.65,55.51,34.86
2006-08-12,21.11,34.35,4.14,49.26,36.03
2006-08-13,21.02,33.99,4.6,53.44,36.21
2006-08-14,24.7,32.44,3.22,59.81,34.2
2006-08-15,20.43,32.44,2.62,57.17,34.32
2006-08-16,22.13,33.37,4.14,52.77,34.62
2006-08-17,22.14,33.74,3.47,53.44,35.76
2006-08-18,23.94,32.98,2.3,61.97,33.52
2006-08-19,23.04,32.81,2.18,63.53,33.48
2006-08-20,13.75,29.71,1.38,74.41,30.11
2006-08-21,12.24,28.08,2.61,84.31,28.55
2006-08-22,16.52,28.75,4.49,80.18,29.39
2006-08-23,17.12,28.89,5.89,74.26,30.48
2006-08-24,14.9,29.02,4.46,73.87,31.22
2006-08-25,21.85,29.25,5.24,73.82,31.19
2006-08-26,22.58,28.72,6.29,72.04,30.57
2006-08-27,23.57,28.79,6.72,71.55,30.44
2006-08-28,23.6,28.98,4.91,70.38,30.97
2006-08-29,22.27,28.75,4.31,69.24,30.79
2006-08-30,22.4,29.32,2.93,65.32,31.4
2006-08-31,22.33,31.2,3.27,58.1,32.72
2006-09-01,23.84,31.18,3.06,57.41,32.69
2006-09-02,21.53,30.32,2.54,60.94,32.66
2006-09-03,21.93,29.64,4.0,63.55,31.84
2006-09-04,22.33,29.83,2.68,58.81,32.16
2006-09-05,22.21,31.44,2.4,51.9,33.31
2006-09-06,22.52,32.07,3.66,45.33,33.11
2006-09-07,17.41,31.62,3.02,57.94,32.72
2006-09-08,15.41,29.99,4.3,68.6,32.07
2006-09-09,9.75,28.92,4.88,74.07,30.36
2006-09-10,18.74,29.54,4.68,67.33,31.32
2006-09-11,21.1,29.49,5.07,65.31,31.27
2006-09-12,22.19,29.64,4.19,62.75,31.69
2006-09-13,22.65,29.74,4.09,63.65,31.66
2006-09-14,22.42,29.64,2.98,59.61,31.69
2006-09-15,23.21,30.74,1.78,51.07,32.94
2006-09-16,22.33,31.98,2.72,44.21,33.48
2006-09-17,22.72,32.81,2.58,35.48,33.77
2006-09-18,22.77,32.42,2.21,37.18,33.76
2006-09-19,22.89,31.93,3.14,48.08,33.54
2006-09-20,22.34,32.81,3.57,50.43,33.96
2006-09-21,19.9,32.7,2.82,45.9,34.14
2006-09-22,21.58,31.2,3.22,54.46,32.75
2006-09-23,21.01,29.54,3.21,62.57,30.62
2006-09-24,21.63,30.24,2.89,56.3,31.89
2006-09-25,20.49,29.98,2.73,53.61,31.8
2006-09-26,21.5,30.12,3.77,59.6,31.83
2006-09-27,21.57,29.82,3.16,57.77,31.85
2006-09-28,21.36,30.21,2.99,50.2,31.76
2006-09-29,22.1,30.4,2.63,53.25,32.42
2006-09-30,21.59,31.21,2.46,47.54,33.01
2006-10-01,21.16,31.24,2.63,41.68,32.8
2006-10-02,20.72,31.19,2.16,36.21,32.05
2006-10-03,21.79,32.05,2.36,32.05,32.62
2006-10-04,20.92,30.97,4.35,38.43,31.6
2006-10-05,21.77,30.03,5.1,45.68,30.89
2006-10-06,21.32,29.03,4.8,56.33,30.36
2006-10-07,20.54,29.3,4.31,59.55,30.83
2006-10-08,20.91,28.72,4.79,58.44,30.16
2006-10-09,20.83,28.24,4.08,56.45,29.69
2006-10-10,20.72,28.46,3.45,51.64,29.71
2006-10-11,20.47,28.37,3.81,47.93,29.49
2006-10-12,19.8,28.37,4.41,49.14,29.49
2006-10-13,19.6,27.86,4.19,51.85,28.97
2006-10-14,18.84,28.9,2.02,48.3,30.3
2006-10-15,18.66,29.5,1.99,39.51,30.28
2006-10-16,18.4,30.62,1.34,36.05,31.05
2006-10-17,19.41,30.3,3.18,36.37,30.8
2006-10-18,17.89,29.36,4.79,37.26,29.94
2006-10-19,18.1,29.19,4.61,45.84,30.15
2006-10-20,17.2,27.01,3.11,55.19,28.0
2006-10-21,17.7,25.66,2.11,52.17,27.41
2006-10-22,18.16,26.3,2.49,45.81,27.51
2006-10-23,18.0,26.11,2.37,41.93,27.12
2006-10-24,17.34,25.82,2.41,41.13,26.44
2006-10-25,16.75,26.47,2.92,39.26,27.23
2006-10-26,15.73,26.43,3.1,42.45,27.19
2006-10-27,15.44,26.59,3.12,38.96,27.16
2006-10-28,14.53,26.29,2.81,38.83,26.93
2006-10-29,14.23,25.73,2.63,38.99,26.45
2006-10-30,14.26,26.39,1.81,34.57,26.2
2006-10-31,14.86,27.43,1.53,28.93,26.14
2006-11-01,15.19,25.84,2.36,33.56,26.07
2006-11-02,14.65,25.2,3.2,35.52,25.52
2006-11-03,15.34,24.97,2.92,34.14,25.34
2006-11-04,15.26,25.49,2.23,29.97,25.27
2006-11-05,16.28,26.27,1.7,27.38,24.92
2006-11-06,16.66,25.22,2.69,28.42,24.29
2006-11-07,16.36,25.21,2.18,33.66,24.79
2006-11-08,16.4,26.12,1.08,31.96,25.5
2006-11-09,16.6,25.97,1.47,29.3,25.05
2006-11-10,14.21,25.25,2.21,36.54,24.83
2006-11-11,13.9,26.15,1.66,35.95,25.4
2006-11-12,15.39,26.01,1.42,32.67,25.52
2006-11-13,15.34,24.43,1.88,35.33,24.21
2006-11-14,13.73,23.16,2.21,44.61,23.33
2006-11-15,13.59,23.96,2.56,39.42,24.81
2006-11-16,13.41,23.58,2.47,36.44,23.92
2006-11-17,14.52,23.2,2.29,37.62,23.16
2006-11-18,14.24,21.13,3.2,54.23,22.23
2006-11-19,13.92,21.22,2.62,54.81,22.45
2006-11-20,14.63,22.88,1.8,46.54,23.03
2006-11-21,15.09,24.07,2.13,40.41,23.51
2006-11-22,13.88,21.65,3.3,48.18,22.32
2006-11-23,15.86,19.15,2.86,41.91,19.57
2006-11-24,15.79,18.27,2.62,29.89,18.26
2006-11-25,16.53,17.73,2.38,27.83,17.35
2006-11-26,16.19,18.88,1.44,23.85,17.33
2006-11-27,15.64,18.78,2.28,23.58,17.26
2006-11-28,15.58,18.05,2.61,25.35,17.59
2006-11-29,15.23,17.9,2.44,25.78,17.19
2006-11-30,14.23,16.67,3.19,34.08,16.87
2006-12-01,14.18,17.65,3.09,34.48,17.91
2006-12-02,13.2,18.48,2.86,36.55,17.95
2006-12-03,9.77,19.22,3.58,36.08,19.13
2006-12-04,3.37,15.8,4.49,74.59,16.05
2006-12-05,14.46,15.64,2.99,65.45,16.04
2006-12-06,16.04,12.54,2.33,35.61,12.58
2006-12-07,14.14,12.69,3.3,45.02,12.64
2006-12-08,13.11,13.48,2.76,40.29,12.46
2006-12-09,14.46,15.06,2.06,39.0,13.47
2006-12-10,13.81,15.93,2.68,38.65,14.51
2006-12-11,14.68,14.52,2.66,40.24,14.29
2006-12-12,12.5,14.14,2.88,50.29,14.19
2006-12-13,13.54,15.11,2.43,46.89,14.97
2006-12-14,13.74,15.6,3.16,40.82,15.33
2006-12-15,13.32,17.02,1.72,35.84,15.9
2006-12-16,13.3,18.3,2.28,35.39,16.98
2006-12-17,14.09,17.11,2.62,44.55,16.58
2006-12-18,14.83,19.04,1.15,34.5,16.64
2006-12-19,12.98,18.52,2.51,31.75,17.27
2006-12-20,14.55,17.53,2.21,30.45,17.35
2006-12-21,12.51,15.35,3.02,43.24,15.19
2006-12-22,11.05,14.63,3.81,61.54,15.09
2006-12-23,12.47,15.41,2.64,57.59,15.81
2006-12-24,12.82,17.55,2.92,46.32,17.04
2006-12-25,5.81,17.74,3.8,49.72,17.63
2006-12-26,11.13,15.28,3.28,53.37,15.89
2006-12-27,14.13,13.43,3.65,58.85,13.94
2006-12-28,15.02,14.88,1.34,45.2,13.87
2006-12-29,15.24,14.63,2.31,39.38,14.33
2006-12-30,14.35,14.57,2.02,41.32,13.95
2006-12-31,12.95,15.31,2.46,40.86,14.99
2007-01-01,14.48,14.97,2.63,40.89,15.17
2007-01-02,13.6,13.74,2.68,42.07,13.71
2007-01-03,13.66,13.66,2.26,38.74,13.49
2007-01-04,11.19,13.84,2.58,36.07,13.49
2007-01-05,14.52,13.32,2.89,33.53,12.55
2007-01-06,14.74,11.89,3.7,27.8,11.66
2007-01-07,14.35,10.65,3.74,29.24,10.72
2007-01-08,12.37,11.45,2.79,30.93,11.49
2007-01-09,13.95,12.86,3.36,27.57,13.01
2007-01-10,14.14,12.44,3.25,33.51,12.09
2007-01-11,13.56,13.81,1.89,32.48,12.84
2007-01-12,14.79,15.31,1.46,26.57,12.9
2007-01-13,15.11,15.5,1.38,24.52,13.15
2007-01-14,15.29,16.33,2.15,21.32,14.19
2007-01-15,14.91,15.21,2.63,22.57,14.78
2007-01-16,15.67,15.36,2.49,25.22,14.73
2007-01-17,14.71,16.61,2.46,24.85,15.52
2007-01-18,14.45,16.96,3.65,27.07,16.36
2007-01-19,13.51,15.82,3.09,33.82,16.36
2007-01-20,13.7,14.69,2.86,36.13,15.08
2007-01-21,16.27,15.13,2.19,26.63,13.98
2007-01-22,16.61,15.55,1.85,20.74,13.44
2007-01-23,16.58,15.84,2.47,19.24,14.43
2007-01-24,14.99,17.95,3.11,17.41,17.81
2007-01-25,16.27,18.04,2.77,18.67,18.62
2007-01-26,17.18,16.43,3.55,24.47,16.08
2007-01-27,16.84,18.02,2.46,41.3,17.69
2007-01-28,16.49,18.1,2.17,36.07,17.86
2007-01-29,11.68,18.61,2.83,32.42,18.9
2007-01-30,15.39,19.07,1.94,37.14,18.79
2007-01-31,16.65,20.09,1.94,29.03,18.46
2007-02-01,17.11,21.24,0.85,24.0,18.72
2007-02-02,17.8,20.58,2.47,23.7,19.51
2007-02-03,15.45,20.15,3.41,27.2,20.2
2007-02-04,16.76,19.22,2.78,29.04,19.83
2007-02-05,16.97,20.4,3.22,29.75,20.01
2007-02-06,16.29,20.7,3.04,35.73,21.06
2007-02-07,16.84,20.75,2.67,40.31,21.3
2007-02-08,15.72,20.7,3.78,36.57,21.17
2007-02-09,11.75,20.57,2.68,40.01,20.69
2007-02-10,6.78,17.41,5.75,81.68,16.85
2007-02-11,18.38,17.46,2.6,58.53,16.7
2007-02-12,19.06,17.46,2.65,53.27,18.28
2007-02-13,18.44,16.06,2.67,61.35,17.22
2007-02-14,19.26,17.14,2.43,47.69,18.47
2007-02-15,13.76,17.65,3.18,47.6,19.24
2007-02-16,18.18,17.41,2.85,50.76,19.13
2007-02-17,16.37,18.64,2.88,43.85,19.79
2007-02-18,18.16,19.14,3.66,42.7,20.23
2007-02-19,18.5,17.77,4.43,51.02,18.83
2007-02-20,19.36,18.51,3.47,46.38,19.81
2007-02-21,19.04,19.3,2.8,39.77,20.61
2007-02-22,18.85,18.67,4.09,53.59,19.99
2007-02-23,19.16,19.29,3.89,47.26,20.72
2007-02-24,18.53,19.97,3.4,35.96,20.55
2007-02-25,20.22,20.08,2.25,48.64,21.28
2007-02-26,19.29,21.01,3.43,42.98,21.92
2007-02-27,16.81,22.39,4.74,50.74,23.21
2007-02-28,13.81,19.78,2.37,67.46,21.02
2007-03-01,18.71,19.19,2.34,57.61,20.08
2007-03-02,22.25,20.09,2.21,39.56,20.01
2007-03-03,22.14,21.32,2.59,30.67,20.52
2007-03-04,21.62,21.54,2.43,31.27,22.65
2007-03-05,21.78,20.8,3.22,37.78,22.21
2007-03-06,22.31,21.21,2.13,33.8,21.88
2007-03-07,22.49,22.58,2.26,21.73,22.37
2007-03-08,22.83,23.34,2.66,20.76,23.58
2007-03-09,18.47,23.7,3.8,45.02,24.75
2007-03-10,20.6,21.94,3.39,40.5,23.8
2007-03-11,11.39,20.0,4.34,56.18,21.06
2007-03-12,13.27,18.5,3.18,73.07,19.98
2007-03-13,22.11,18.71,2.73,55.5,20.08
2007-03-14,23.26,19.33,2.39,39.28,21.1
2007-03-15,23.09,20.32,2.7,34.56,22.31
2007-03-16,22.38,22.63,2.32,31.94,24.33
2007-03-17,22.62,25.18,2.07,31.89,26.41
2007-03-18,21.19,27.58,3.0,27.98,27.63
2007-03-19,10.86,26.53,5.59,35.59,27.19
2007-03-20,22.15,24.85,5.07,45.28,26.03
2007-03-21,24.54,23.27,3.78,33.82,24.92
2007-03-22,23.77,23.16,3.95,42.76,24.85
2007-03-23,24.29,23.64,2.68,33.75,25.28
2007-03-24,21.96,26.24,2.67,25.01,26.31
2007-03-25,24.64,26.76,2.31,21.51,26.66
2007-03-26,25.09,28.4,2.19,17.64,27.42
2007-03-27,24.29,29.34,1.85,17.8,28.54
2007-03-28,24.78,30.22,1.8,18.62,29.87
2007-03-29,25.14,31.31,1.98,17.84,30.94
2007-03-30,24.95,29.45,4.22,18.7,29.94
2007-03-31,25.21,29.43,5.19,23.09,30.3
2007-04-01,24.75,28.66,4.59,32.88,30.44
2007-04-02,26.8,25.32,3.65,18.27,26.58
2007-04-03,24.36,28.07,1.65,15.32,28.33
2007-04-04,25.33,30.78,2.1,13.05,30.27
2007-04-05,24.13,31.14,1.75,20.02,31.82
2007-04-06,23.85,31.99,2.22,24.84,33.77
2007-04-07,25.34,31.97,2.96,25.53,34.37
2007-04-08,22.2,31.52,3.63,24.56,34.2
2007-04-09,26.3,31.43,2.07,22.9,33.21
2007-04-10,26.35,32.5,3.35,19.32,33.42
2007-04-11,26.69,31.66,4.7,19.0,32.98
2007-04-12,26.73,31.85,4.08,18.39,33.45
2007-04-13,27.02,32.23,4.06,18.9,33.56
2007-04-14,26.3,33.8,2.4,17.99,35.11
2007-04-15,26.7,35.17,1.68,16.91,36.17
2007-04-16,26.8,34.24,3.39,20.72,35.1
2007-04-17,26.43,34.23,3.73,18.47,35.91
2007-04-18,26.27,34.69,3.74,18.56,36.0
2007-04-19,25.31,35.0,1.46,16.15,36.15
2007-04-20,24.97,34.04,1.92,19.08,35.86
2007-04-21,26.48,33.35,2.72,22.43,35.64
2007-04-22,26.31,33.79,5.07,22.65,35.43
2007-04-23,25.47,33.46,6.58,27.99,34.78
2007-04-24,25.98,32.65,5.14,28.4,33.93
2007-04-25,27.3,33.85,5.75,23.12,34.6
2007-04-26,27.51,33.79,4.53,23.72,35.08
2007-04-27,27.63,33.91,4.49,18.67,35.46
2007-04-28,27.51,34.16,3.63,18.71,35.96
2007-04-29,27.31,35.78,1.57,15.62,37.1
2007-04-30,26.56,35.97,2.51,15.95,37.43
2007-05-01,25.39,36.46,2.14,17.25,38.56
2007-05-02,27.08,37.09,3.31,17.05,38.77
2007-05-03,27.22,36.56,3.47,16.8,38.89
2007-05-04,27.54,37.09,1.51,13.48,39.71
2007-05-05,25.94,37.04,1.83,14.98,38.87
2007-05-06,27.1,37.32,3.74,15.97,38.95
2007-05-07,27.44,36.55,4.88,19.87,38.03
2007-05-08,26.79,36.29,5.89,19.13,37.94
2007-05-09,23.91,36.12,4.19,23.18,38.42
2007-05-10,24.95,36.45,2.21,20.76,38.2
2007-05-11,25.7,35.42,3.34,16.63,37.12
2007-05-12,26.83,35.03,3.39,20.76,37.04
2007-05-13,27.14,35.13,4.39,29.82,38.1
2007-05-14,27.4,35.32,4.55,27.4,38.03
2007-05-15,26.62,35.53,6.15,34.09,37.75
2007-05-16,26.03,34.85,5.85,37.7,37.69
2007-05-17,26.37,35.68,4.87,32.5,38.75
2007-05-18,26.54,36.89,6.43,29.49,39.28
2007-05-19,24.33,35.98,5.33,32.08,39.02
2007-05-20,21.95,35.37,5.55,37.07,38.02
2007-05-21,24.61,35.04,5.66,33.34,37.6
2007-05-22,27.85,33.74,3.84,22.25,36.0
2007-05-23,27.47,34.94,2.05,15.09,36.98
2007-05-24,27.6,35.49,2.11,12.59,37.32
2007-05-25,26.57,34.33,2.52,10.96,36.17
2007-05-26,25.02,33.26,2.69,15.33,36.18
2007-05-27,26.24,32.76,3.23,19.22,36.91
2007-05-28,21.66,33.96,2.06,18.72,37.89
2007-05-29,21.45,33.81,2.34,21.85,36.99
2007-05-30,21.21,34.94,1.58,23.0,38.81
2007-05-31,26.14,36.33,1.73,21.85,38.81
2007-06-01,27.65,37.05,3.3,21.1,39.88
2007-06-02,28.3,37.03,3.71,19.75,39.94
2007-06-03,26.81,36.68,4.89,24.41,39.52
2007-06-04,23.74,35.13,6.01,38.4,39.07
2007-06-05,26.56,34.89,5.71,41.93,38.37
2007-06-06,27.41,36.63,5.52,37.34,39.94
2007-06-07,28.48,37.46,6.14,33.38,40.58
2007-06-08,27.19,37.6,5.7,32.16,40.68
2007-06-09,27.68,39.02,5.6,28.88,42.16
2007-06-10,25.65,38.68,7.62,32.39,41.36
2007-06-11,25.06,38.29,7.53,34.07,41.26
2007-06-12,25.87,38.04,7.15,39.12,41.25
2007-06-13,26.05,38.38,6.61,36.84,41.6
2007-06-14,26.23,38.78,7.12,34.81,42.0
2007-06-15,25.12,38.01,7.87,37.26,41.04
2007-06-16,26.01,37.82,6.22,38.13,41.29
2007-06-17,26.26,38.34,5.81,36.22,42.19
2007-06-18,23.81,36.65,4.46,43.16,42.16
2007-06-19,25.22,37.21,3.7,42.28,41.94
2007-06-20,24.67,37.45,3.29,39.6,42.91
2007-06-21,26.06,36.03,3.1,39.12,39.1
2007-06-22,25.65,35.71,5.27,37.64,37.97
2007-06-23,23.44,37.43,7.46,37.15,40.3
2007-06-24,22.07,37.51,8.18,37.7,40.42
2007-06-25,22.59,35.39,6.94,45.14,39.35
2007-06-26,22.49,34.21,6.74,49.22,38.01
2007-06-27,19.79,34.25,5.81,51.79,37.75
2007-06-28,26.6,35.99,4.74,42.45,39.29
2007-06-29,13.44,36.33,2.05,41.36,41.31
2007-06-30,25.43,36.11,2.27,44.8,40.31
2007-07-01,25.95,38.6,4.72,35.53,42.08
2007-07-02,25.0,38.48,6.37,35.11,41.94
2007-07-03,24.88,37.73,4.88,36.84,41.79
2007-07-04,24.36,36.37,3.02,40.96,40.42
2007-07-05,21.73,36.01,5.61,45.34,39.14
2007-07-06,25.29,36.81,5.2,43.04,40.95
2007-07-07,24.32,36.4,5.36,43.55,39.36
2007-07-08,21.78,34.33,2.99,52.51,36.8
2007-07-09,24.62,34.38,4.0,48.29,36.82
2007-07-10,20.0,35.8,2.43,38.88,38.95
2007-07-11,20.85,36.95,2.85,41.08,40.82
2007-07-12,25.65,36.61,6.31,44.25,40.0
2007-07-13,24.62,37.05,6.95,43.95,40.39
2007-07-14,23.33,36.9,5.94,43.08,40.85
2007-07-15,21.17,36.11,4.9,44.09,40.34
2007-07-16,22.97,37.08,3.19,38.04,41.62
2007-07-17,22.25,37.43,4.04,35.3,42.1
2007-07-18,24.57,37.19,6.24,35.11,40.75
2007-07-19,23.97,36.42,7.17,37.8,39.56
2007-07-20,23.91,35.37,8.02,41.66,38.47
2007-07-21,19.01,34.3,8.09,44.45,37.05
2007-07-22,20.39,33.52,5.31,47.71,35.72
2007-07-23,21.19,33.06,3.32,54.04,34.28
2007-07-24,22.51,34.33,3.45,46.94,36.56
2007-07-25,24.75,34.92,6.38,44.73,37.09
2007-07-26,25.39,36.03,7.96,40.79,38.56
2007-07-27,23.7,35.85,7.23,45.38,38.6
2007-07-28,22.79,35.65,6.6,45.86,39.25
2007-07-29,22.82,34.45,4.79,49.37,38.01
2007-07-30,20.99,36.0,3.16,42.38,40.36
2007-07-31,24.59,36.07,5.41,43.46,39.31
2007-08-01,25.17,35.03,7.05,46.15,37.43
2007-08-02,24.51,35.36,7.1,46.94,38.58
2007-08-03,24.91,35.83,3.32,42.46,40.33
2007-08-04,16.92,36.47,3.34,37.82,39.37
2007-08-05,21.86,34.04,4.04,48.7,36.46
2007-08-06,18.88,33.16,2.36,55.73,34.78
2007-08-07,22.48,31.82,3.7,63.09,32.25
2007-08-08,24.28,34.66,4.63,49.24,36.29
2007-08-09,21.36,34.93,5.55,49.17,37.32
2007-08-10,23.31,34.89,4.23,51.85,38.21
2007-08-11,25.05,35.46,4.14,47.66,39.4
2007-08-12,22.75,34.86,7.16,51.8,37.79
2007-08-13,20.4,34.51,7.47,47.73,37.25
2007-08-14,18.76,33.94,6.23,44.63,36.77
2007-08-15,20.12,33.46,5.52,45.01,36.15
2007-08-16,23.02,33.11,5.61,42.16,35.71
2007-08-17,24.87,33.63,5.31,42.83,36.62
2007-08-18,25.18,33.7,5.34,40.82,36.47
2007-08-19,25.85,34.48,4.27,38.18,37.86
2007-08-20,23.03,34.14,4.53,40.48,37.31
2007-08-21,20.87,32.89,4.21,47.01,35.93
2007-08-22,21.74,32.63,2.77,51.85,35.13
2007-08-23,4.87,29.57,2.09,73.22,30.1
2007-08-24,23.5,30.08,3.43,71.09,31.57
2007-08-25,25.13,33.08,3.06,53.78,35.66
2007-08-26,25.27,34.73,2.85,44.93,37.63
2007-08-27,24.93,35.31,2.96,44.79,38.67
2007-08-28,24.12,35.07,3.34,44.47,38.4
2007-08-29,22.8,35.03,2.59,44.26,38.4
2007-08-30,22.9,34.52,1.66,44.35,37.79
2007-08-31,23.19,36.23,1.69,37.9,39.64
2007-09-01,21.13,35.28,2.63,43.03,38.29
2007-09-02,20.67,35.69,2.15,43.55,39.02
2007-09-03,22.23,36.43,1.62,38.94,39.5
2007-09-04,22.33,36.24,3.29,38.99,39.65
2007-09-05,22.52,35.96,5.36,42.54,38.68
2007-09-06,21.17,34.36,5.01,47.32,37.37
2007-09-07,18.73,32.91,3.41,50.99,36.73
2007-09-08,18.87,33.14,3.6,45.93,36.39
2007-09-09,20.71,33.0,3.34,45.87,36.23
2007-09-10,22.02,33.81,3.2,41.18,36.76
2007-09-11,22.61,33.17,3.82,43.07,35.79
2007-09-12,22.84,32.86,4.33,40.75,35.1
2007-09-13,23.17,32.96,3.82,39.97,35.48
2007-09-14,22.78,32.79,4.11,41.88,35.4
2007-09-15,22.57,33.21,3.36,43.41,35.87
2007-09-16,20.02,33.53,2.68,42.03,36.17
2007-09-17,19.14,34.11,1.81,41.27,37.51
2007-09-18,21.88,35.55,1.05,34.7,38.07
2007-09-19,21.5,35.89,1.19,33.67,38.75
2007-09-20,21.85,36.71,1.15,29.79,38.47
2007-09-21,20.49,35.94,2.3,32.34,38.0
2007-09-22,19.72,35.05,2.95,37.75,37.84
2007-09-23,17.2,31.2,4.04,51.99,32.73
2007-09-24,15.93,30.07,2.87,58.51,31.2
2007-09-25,20.42,31.99,0.95,44.57,34.23
2007-09-26,22.57,33.03,1.54,30.03,33.84
2007-09-27,21.94,32.78,1.72,21.6,33.43
2007-09-28,20.69,30.87,2.65,26.49,32.72
2007-09-29,20.11,31.96,1.81,22.41,33.35
2007-09-30,20.14,31.16,2.34,21.7,32.47
2007-10-01,21.66,32.15,2.18,19.89,31.9
2007-10-02,22.07,30.9,3.26,18.19,30.73
2007-10-03,21.08,30.02,1.86,18.64,30.73
2007-10-04,22.04,29.56,2.62,25.36,30.41
2007-10-05,18.23,29.63,2.02,19.67,30.12
2007-10-06,20.25,29.95,2.13,20.53,30.36
2007-10-07,21.1,29.36,2.74,16.37,29.29
2007-10-08,22.43,28.79,2.29,9.82,27.79
2007-10-09,22.4,28.5,1.98,9.52,27.15
2007-10-10,21.65,29.21,0.94,10.55,27.55
2007-10-11,21.28,28.36,2.1,20.48,28.41
2007-10-12,21.26,29.39,1.65,17.03,29.0
2007-10-13,21.44,28.91,1.8,15.19,28.24
2007-10-14,21.16,28.8,1.17,11.91,27.64
2007-10-15,20.98,27.76,2.08,15.39,27.45
2007-10-16,20.72,28.61,1.98,11.75,26.51
2007-10-17,20.45,28.4,1.73,11.04,26.74
2007-10-18,20.69,26.91,2.47,17.22,26.72
2007-10-19,20.05,28.22,2.33,14.06,26.65
2007-10-20,20.46,27.17,4.15,17.5,26.68
2007-10-21,19.44,27.57,3.17,23.98,27.27
2007-10-22,18.38,27.49,2.43,24.57,27.64
2007-10-23,17.38,26.79,2.2,20.68,26.86
2007-10-24,18.39,27.52,2.34,19.66,27.54
2007-10-25,18.73,28.63,1.91,20.04,28.32
2007-10-26,18.32,29.83,1.43,19.16,28.56
2007-10-27,18.8,29.05,2.01,20.88,28.16
2007-10-28,18.4,27.71,2.26,20.93,26.88
2007-10-29,19.11,27.52,2.34,16.89,26.35
2007-10-30,18.48,25.76,3.69,18.25,26.07
2007-10-31,17.9,24.94,3.28,17.83,24.93
2007-11-01,17.55,25.05,2.65,15.58,24.31
2007-11-02,17.39,26.45,1.95,11.77,24.51
2007-11-03,17.73,26.64,2.28,11.37,24.73
2007-11-04,16.94,25.58,2.16,13.7,25.61
2007-11-05,17.24,26.43,1.97,13.7,25.3
2007-11-06,17.3,27.67,2.1,13.27,25.3
2007-11-07,17.02,25.96,3.3,18.4,25.71
2007-11-08,15.69,24.39,2.68,19.3,24.07
2007-11-09,15.31,24.83,2.14,20.27,23.86
2007-11-10,16.26,25.41,1.39,19.98,23.55
2007-11-11,15.69,24.82,2.04,22.58,23.84
2007-11-12,15.8,24.89,1.66,22.65,23.71
2007-11-13,15.29,25.05,1.95,20.06,23.25
2007-11-14,16.45,25.26,1.57,19.49,23.64
2007-11-15,15.95,24.7,1.91,21.7,23.66
2007-11-16,14.71,23.41,2.47,25.52,23.3
2007-11-17,15.07,23.51,2.27,19.5,22.15
2007-11-18,16.18,23.38,2.07,16.51,21.39
2007-11-19,16.12,22.33,2.61,21.43,21.91
2007-11-20,15.48,22.09,2.15,22.38,21.37
2007-11-21,15.27,23.41,2.21,21.08,21.24
2007-11-22,15.51,23.5,2.19,22.1,21.67
2007-11-23,14.93,22.81,2.2,22.54,21.72
2007-11-24,15.61,23.54,2.23,19.85,21.45
2007-11-25,15.6,22.29,2.52,20.19,21.23
2007-11-26,15.98,21.62,2.71,23.0,21.33
2007-11-27,15.84,21.36,2.25,24.44,21.05
2007-11-28,15.65,20.76,3.01,24.37,20.09
2007-11-29,13.66,20.28,3.31,33.14,20.09
2007-11-30,13.53,19.11,3.24,34.7,19.49
2007-12-01,12.0,18.42,3.06,40.3,19.43
2007-12-02,12.36,17.39,3.21,44.46,18.17
2007-12-03,12.52,16.19,3.48,44.62,16.69
2007-12-04,13.03,17.52,1.95,35.88,17.97
2007-12-05,14.81,17.11,2.62,30.23,16.94
2007-12-06,13.88,17.39,2.8,29.14,18.17
2007-12-07,14.25,18.14,2.25,25.29,17.85
2007-12-08,14.4,17.07,3.17,25.68,16.65
2007-12-09,13.9,17.38,2.92,26.86,17.34
2007-12-10,10.61,16.66,4.81,36.0,17.53
2007-12-11,8.6,14.24,3.42,64.84,15.15
2007-12-12,11.72,14.08,3.76,57.27,14.56
2007-12-13,13.79,14.52,2.44,47.54,14.56
2007-12-14,13.79,14.86,2.58,39.81,14.26
2007-12-15,14.55,14.48,2.4,37.15,13.97
2007-12-16,15.16,14.98,2.5,29.07,14.18
2007-12-17,14.8,13.91,3.23,29.42,13.81
2007-12-18,14.9,14.0,2.83,25.17,14.1
2007-12-19,14.29,14.77,2.89,23.92,15.06
2007-12-20,13.68,15.54,2.55,27.64,15.43
2007-12-21,14.2,15.85,2.99,29.69,15.79
2007-12-22,13.49,15.99,2.77,30.03,15.71
2007-12-23,6.52,18.24,1.79,31.84,16.29
2007-12-24,13.19,17.67,3.16,34.68,17.33
2007-12-25,14.04,17.19,1.99,26.68,15.63
2007-12-26,14.73,16.29,2.06,24.79,15.22
2007-12-27,15.14,14.87,2.61,25.14,14.52
2007-12-28,15.64,14.19,2.54,22.51,13.39
2007-12-29,15.58,13.17,2.85,16.16,12.51
2007-12-30,15.48,12.36,2.65,19.12,12.1
2007-12-31,13.63,12.54,3.02,21.12,11.99
2008-01-01,16.09,13.4,2.32,15.56,11.73
2008-01-02,15.34,12.77,2.97,14.46,11.23
2008-01-03,15.08,11.76,3.68,18.0,11.41
2008-01-04,13.98,12.44,3.38,16.5,12.34
2008-01-05,11.88,14.85,3.32,13.35,15.14
2008-01-06,14.0,16.42,3.92,20.59,16.98
2008-01-07,9.89,17.12,3.35,32.12,17.52
2008-01-08,4.06,17.23,3.97,48.22,17.02
2008-01-09,11.63,14.74,1.74,74.94,15.29
2008-01-10,13.3,15.03,3.42,56.42,15.08
2008-01-11,15.81,12.52,2.97,27.69,13.07
2008-01-12,12.85,12.2,3.04,26.42,12.58
2008-01-13,15.81,15.51,2.96,21.91,15.54
2008-01-14,15.05,16.15,3.24,29.27,16.08
2008-01-15,13.73,16.55,3.03,25.56,15.71
2008-01-16,12.09,19.21,2.74,28.25,18.87
2008-01-17,10.58,17.1,3.57,42.89,17.16
2008-01-18,17.53,13.05,3.47,26.94,12.92
2008-01-19,15.95,14.09,2.27,14.12,12.1
2008-01-20,17.03,13.19,2.37,15.33,12.17
2008-01-21,16.79,11.14,3.49,20.72,11.62
2008-01-22,14.37,11.76,2.75,18.07,11.6
2008-01-23,16.33,11.47,3.01,18.79,11.38
2008-01-24,16.01,10.46,3.76,19.13,10.28
2008-01-25,12.89,10.34,4.28,18.37,10.82
2008-01-26,15.39,10.05,3.7,22.31,10.55
2008-01-27,16.43,10.19,3.5,23.65,10.63
2008-01-28,15.27,12.78,2.33,18.08,13.41
2008-01-29,12.4,16.02,2.03,27.05,15.17
2008-01-30,16.93,14.94,2.61,31.52,14.9
2008-01-31,17.63,14.28,3.04,23.86,13.96
2008-02-01,17.36,14.19,2.93,18.82,14.12
2008-02-02,5.12,15.18,3.8,22.64,15.51
2008-02-03,14.62,11.53,4.28,54.46,12.8
2008-02-04,14.48,11.52,2.78,54.94,12.67
2008-02-05,14.36,13.91,1.86,35.29,13.19
2008-02-06,13.58,14.26,2.77,34.75,14.97
2008-02-07,17.22,11.63,2.79,42.7,12.4
2008-02-08,18.53,12.2,2.65,26.99,12.92
2008-02-09,18.4,12.04,2.46,36.25,12.18
2008-02-10,19.04,15.33,1.25,19.37,13.25
2008-02-11,19.93,14.64,3.32,16.58,14.13
2008-02-12,19.91,13.73,3.4,21.83,14.05
2008-02-13,20.08,15.21,2.34,16.7,14.62
2008-02-14,19.84,18.41,1.91,12.05,15.98
2008-02-15,19.91,18.24,3.22,11.31,17.52
2008-02-16,19.36,19.58,2.3,13.77,19.03
2008-02-17,18.06,22.21,2.36,15.48,20.12
2008-02-18,19.57,21.72,3.34,19.6,20.79
2008-02-19,20.08,21.44,2.07,15.28,20.43
2008-02-20,20.02,21.76,2.94,11.22,21.35
2008-02-21,20.22,22.4,5.25,12.9,22.39
2008-02-22,18.47,22.06,5.14,26.4,22.6
2008-02-23,18.32,20.43,1.71,18.51,19.86
2008-02-24,20.11,19.58,2.24,17.83,18.9
2008-02-25,21.88,20.03,2.68,10.88,18.81
2008-02-26,21.82,21.6,1.74,8.86,19.96
2008-02-27,21.98,23.7,2.46,7.79,21.55
2008-02-28,21.79,25.58,1.5,7.98,23.16
2008-02-29,21.97,26.09,2.49,9.24,24.05
2008-03-01,22.38,24.67,3.42,11.7,24.04
2008-03-02,21.6,25.87,2.39,10.71,24.38
2008-03-03,22.17,26.02,1.72,11.89,24.82
2008-03-04,21.2,26.44,2.94,12.44,25.53
2008-03-05,22.44,27.02,1.92,11.89,25.84
2008-03-06,22.23,26.36,3.53,14.31,25.84
2008-03-07,21.57,23.81,2.46,20.57,25.72
2008-03-08,21.36,24.36,2.74,26.6,26.54
2008-03-09,20.32,26.42,1.95,19.72,27.86
2008-03-10,21.28,26.18,2.56,17.47,27.24
2008-03-11,17.09,26.77,2.51,18.65,27.31
2008-03-12,19.81,25.89,2.0,30.2,27.43
2008-03-13,23.01,26.81,1.0,20.41,27.41
2008-03-14,23.83,27.24,2.12,17.32,27.85
2008-03-15,23.49,27.4,2.05,15.45,28.73
2008-03-16,24.06,27.88,3.57,14.97,28.72
2008-03-17,23.71,28.27,4.72,15.0,29.2
2008-03-18,23.18,27.97,4.3,17.91,29.06
2008-03-19,25.08,26.6,3.14,9.62,27.83
2008-03-20,24.38,27.69,2.33,8.32,27.7
2008-03-21,23.85,27.87,3.06,11.89,28.61
2008-03-22,20.89,27.14,2.96,13.16,28.69
2008-03-23,23.82,27.87,3.33,15.33,29.5
2008-03-24,23.78,28.02,2.54,13.6,29.6
2008-03-25,20.39,28.65,2.89,13.44,30.66
2008-03-26,21.89,29.85,2.61,11.8,31.46
2008-03-27,22.99,30.15,2.46,12.77,30.77
2008-03-28,24.15,30.5,4.31,12.08,30.1
2008-03-29,23.77,30.64,2.53,12.43,30.81
2008-03-30,23.62,31.26,2.34,17.06,31.68
2008-03-31,23.72,30.2,3.84,20.71,31.43
2008-04-01,22.55,28.81,3.68,31.14,31.06
2008-04-02,16.14,29.36,3.42,33.91,32.15
2008-04-03,21.74,26.27,1.96,43.99,27.66
2008-04-04,15.79,23.28,4.25,57.99,23.68
2008-04-05,21.13,25.18,3.6,55.76,27.11
2008-04-06,20.78,25.86,2.71,47.27,28.54
2008-04-07,24.63,27.12,1.65,36.44,29.65
2008-04-08,25.04,29.55,2.29,24.41,30.59
2008-04-09,23.19,30.07,1.67,22.03,32.71
2008-04-10,25.03,31.25,2.75,22.64,33.42
2008-04-11,24.17,31.73,3.42,21.31,33.7
2008-04-12,24.77,32.67,3.35,27.74,34.8
2008-04-13,25.35,31.85,2.77,26.39,35.11
2008-04-14,24.52,32.47,2.9,18.83,35.02
2008-04-15,22.26,30.13,2.7,24.53,33.09
2008-04-16,26.01,28.92,4.2,22.14,31.18
2008-04-17,27.69,27.79,3.53,20.33,30.01
2008-04-18,27.63,30.61,1.81,13.51,32.18
2008-04-19,26.59,30.96,3.51,11.68,32.65
2008-04-20,26.48,30.84,2.82,18.91,33.35
2008-04-21,26.39,32.54,1.72,15.85,34.45
2008-04-22,26.47,31.59,4.0,17.82,33.54
2008-04-23,26.94,32.52,1.69,12.44,34.39
2008-04-24,26.54,34.16,1.64,11.23,35.32
2008-04-25,27.02,34.79,2.02,15.08,36.81
2008-04-26,27.47,35.13,2.51,11.81,37.18
2008-04-27,28.4,33.93,2.24,9.37,36.16
2008-04-28,27.39,35.86,2.34,6.6,35.91
2008-04-29,27.36,34.76,2.42,11.88,37.11
2008-04-30,26.96,34.2,3.62,14.75,36.66
2008-05-01,25.98,34.84,3.46,17.53,37.77
2008-05-02,27.06,35.35,4.38,17.93,37.78
2008-05-03,26.25,35.71,5.73,20.37,37.78
2008-05-04,25.69,35.07,6.48,24.9,36.92
2008-05-05,23.45,34.8,3.57,24.04,37.91
2008-05-06,25.81,34.93,4.59,21.13,36.95
2008-05-07,25.73,34.56,3.62,27.37,37.79
2008-05-08,24.27,33.81,4.88,28.03,35.84
2008-05-09,24.13,32.65,3.47,34.89,34.51
2008-05-10,26.32,32.5,3.18,36.13,34.24
2008-05-11,27.49,33.71,3.2,29.55,36.08
2008-05-12,25.94,34.76,4.63,31.86,37.32
2008-05-13,25.1,34.92,5.11,31.99,37.5
2008-05-14,25.74,35.2,4.81,31.44,38.11
2008-05-15,23.59,34.79,5.02,33.53,37.56
2008-05-16,26.42,35.5,4.72,31.73,38.61
2008-05-17,26.11,36.06,7.56,30.45,38.2
2008-05-18,25.03,35.39,9.73,35.98,37.36
2008-05-19,25.28,34.18,5.71,39.2,37.46
2008-05-20,25.71,34.75,6.16,37.25,37.59
2008-05-21,25.32,34.7,6.31,37.83,37.58
2008-05-22,25.62,34.08,5.6,39.91,37.55
2008-05-23,23.6,34.8,4.63,36.1,37.6
2008-05-24,22.15,35.14,2.96,29.79,37.95
2008-05-25,23.68,35.37,3.23,25.61,38.56
2008-05-26,22.72,36.01,2.08,25.5,39.89
2008-05-27,24.99,36.29,3.05,23.64,39.48
2008-05-28,26.52,36.36,2.37,22.86,40.21
2008-05-29,27.03,36.3,3.38,26.57,39.46
2008-05-30,25.97,35.83,4.75,31.27,38.63
2008-05-31,26.15,35.92,5.81,32.41,38.7
2008-06-01,24.23,36.31,4.35,37.04,40.14
2008-06-02,22.37,33.97,4.89,50.84,35.7
2008-06-03,25.81,33.9,1.38,48.04,36.33
2008-06-04,25.81,35.55,4.17,37.66,38.64
2008-06-05,25.31,35.95,7.33,40.0,38.54
2008-06-06,25.44,36.18,7.27,38.43,38.87
2008-06-07,27.45,36.37,6.77,40.59,39.88
2008-06-08,27.17,37.02,4.82,39.47,41.46
2008-06-09,26.76,36.82,4.35,35.56,40.72
2008-06-10,25.6,36.45,3.54,36.37,39.78
2008-06-11,23.64,35.48,3.03,44.69,38.9
2008-06-12,19.73,34.17,3.74,53.24,35.96
2008-06-13,22.26,33.11,4.85,55.03,35.16
2008-06-14,26.79,35.31,4.63,44.51,38.26
2008-06-15,25.7,36.55,7.3,36.92,39.35
2008-06-16,22.58,36.05,5.44,41.91,39.63
2008-06-17,19.88,35.89,5.1,42.94,38.84
2008-06-18,20.25,35.89,5.72,42.63,38.59
2008-06-19,20.65,35.73,5.99,40.81,38.91
2008-06-20,19.41,35.64,6.71,40.93,38.55
2008-06-21,21.07,35.76,5.19,43.27,38.69
2008-06-22,21.01,36.43,6.43,40.92,39.42
2008-06-23,24.17,35.81,5.96,39.98,39.06
2008-06-24,23.18,36.69,6.13,38.72,39.66
2008-06-25,24.92,37.22,5.19,37.3,41.1
2008-06-26,24.68,37.56,4.92,36.18,41.37
2008-06-27,23.81,37.35,6.18,34.6,40.61
2008-06-28,25.05,37.02,5.66,36.72,40.82
2008-06-29,23.8,37.79,3.64,34.62,42.1
2008-06-30,21.64,38.18,4.43,34.82,41.45
2008-07-01,22.59,35.67,5.45,46.48,38.99
2008-07-02,24.09,36.67,5.84,43.25,39.85
2008-07-03,24.21,37.22,8.06,36.44,39.91
2008-07-04,24.43,36.04,8.04,39.98,38.84
2008-07-05,22.14,35.15,7.07,43.19,37.9
2008-07-06,22.44,36.18,5.87,38.8,39.79
2008-07-07,20.54,36.4,4.8,39.11,40.16
2008-07-08,20.13,36.27,4.25,40.27,39.51
2008-07-09,23.15,34.45,3.84,48.29,36.8
2008-07-10,22.87,33.25,2.6,55.34,34.94
2008-07-11,16.58,33.0,3.07,58.11,34.74
2008-07-12,23.58,32.07,5.13,57.82,33.38
2008-07-13,23.56,33.72,5.84,49.05,35.99
2008-07-14,20.96,34.4,5.5,45.45,37.17
2008-07-15,19.73,34.64,6.59,43.35,37.19
2008-07-16,23.32,34.1,6.56,45.33,36.92
2008-07-17,22.95,34.6,6.22,41.41,37.17
2008-07-18,24.55,34.81,6.56,41.97,37.79
2008-07-19,23.96,35.24,5.94,41.07,38.14
2008-07-20,23.01,35.56,6.07,40.34,38.55
2008-07-21,21.02,35.41,4.88,41.74,38.43
2008-07-22,22.58,35.87,5.06,39.47,39.17
2008-07-23,23.3,35.98,4.99,39.32,39.54
2008-07-24,24.81,35.94,5.48,36.04,39.15
2008-07-25,26.34,36.4,5.28,37.31,39.79
2008-07-26,26.52,36.3,4.6,37.97,40.17
2008-07-27,24.98,37.24,3.05,33.87,40.77
2008-07-28,23.45,36.85,3.39,36.43,40.33
2008-07-29,23.11,34.95,2.59,46.61,37.53
2008-07-30,25.07,36.45,2.49,42.05,39.82
2008-07-31,23.63,36.6,5.0,43.71,39.97
2008-08-01,6.68,32.55,2.73,63.9,33.33
2008-08-02,17.45,28.26,4.57,86.65,28.32
2008-08-03,25.29,29.03,1.48,80.53,29.59
2008-08-04,23.25,29.85,1.33,73.51,31.05
2008-08-05,13.23,29.29,0.83,73.69,30.15
2008-08-06,11.66,30.32,3.55,64.81,31.85
2008-08-07,21.7,31.85,4.64,59.41,34.13
2008-08-08,23.68,32.49,5.03,55.77,35.08
2008-08-09,22.96,33.29,3.65,52.76,36.33
2008-08-10,20.86,35.38,1.61,45.55,38.73
2008-08-11,23.3,35.04,2.34,47.92,37.29
2008-08-12,22.71,34.19,2.59,52.52,36.49
2008-08-13,19.61,31.12,3.36,65.33,32.68
2008-08-14,21.22,32.55,2.59,59.43,35.11
2008-08-15,21.59,33.79,4.35,53.62,36.04
2008-08-16,23.89,33.26,4.53,51.71,35.81
2008-08-17,24.93,32.91,5.58,50.6,35.07
2008-08-18,25.23,32.15,5.36,49.83,34.32
2008-08-19,24.79,31.6,5.58,50.13,33.74
2008-08-20,24.45,31.64,5.23,50.55,33.84
2008-08-21,24.16,31.21,5.4,50.14,33.3
2008-08-22,23.43,31.96,4.86,47.57,34.38
2008-08-23,23.97,32.39,3.52,47.28,34.92
2008-08-24,25.23,33.53,3.06,45.28,36.7
2008-08-25,24.79,34.49,3.03,43.05,37.43
2008-08-26,24.57,34.86,3.7,43.29,37.69
2008-08-27,24.51,33.76,5.43,49.32,36.02
2008-08-28,24.82,33.4,5.6,49.82,35.8
2008-08-29,24.72,32.71,6.1,49.48,34.88
2008-08-30,25.12,32.46,5.35,49.27,34.86
2008-08-31,23.76,31.79,4.19,48.88,34.47
2008-09-01,22.54,32.7,2.39,43.74,35.85
2008-09-02,24.26,33.76,2.54,41.01,36.69
2008-09-03,24.46,33.82,4.06,39.32,36.17
2008-09-04,24.99,34.26,4.18,39.09,36.57
2008-09-05,24.18,33.05,6.0,41.2,34.9
2008-09-06,16.23,32.29,3.36,45.83,34.73
2008-09-07,18.77,30.69,2.38,52.7,32.78
2008-09-08,23.59,30.45,2.64,46.84,33.07
2008-09-09,24.21,31.29,2.47,39.81,33.7
2008-09-10,23.51,32.77,2.43,32.27,34.58
2008-09-11,24.48,32.59,3.3,33.78,34.35
2008-09-12,22.72,33.04,3.28,36.51,35.12
2008-09-13,22.82,33.71,3.18,46.3,36.33
2008-09-14,23.3,34.13,3.26,43.44,36.5
2008-09-15,23.17,33.32,3.43,46.92,36.16
2008-09-16,23.05,33.08,2.76,42.14,36.15
2008-09-17,17.33,32.58,3.12,48.03,35.42
2008-09-18,17.91,31.73,2.75,50.67,34.16
2008-09-19,21.66,30.31,4.39,51.72,32.64
2008-09-20,21.47,31.45,2.99,44.98,33.8
2008-09-21,21.51,32.45,3.02,39.62,34.74
2008-09-22,21.17,31.42,4.11,41.39,33.5
2008-09-23,20.89,30.55,3.71,42.15,32.82
2008-09-24,20.51,30.8,3.98,41.58,32.64
2008-09-25,21.68,30.78,4.3,37.39,32.5
2008-09-26,21.6,30.99,4.76,42.36,32.58
2008-09-27,21.92,30.99,5.48,44.02,32.59
2008-09-28,20.74,30.5,5.14,47.43,32.21
2008-09-29,20.75,31.16,4.61,45.99,33.06
2008-09-30,21.29,31.75,3.62,40.74,33.66
2008-10-01,21.31,33.04,1.89,35.06,35.23
2008-10-02,20.72,33.55,1.72,30.93,35.14
2008-10-03,20.87,33.39,2.35,27.93,34.22
2008-10-04,21.36,32.22,2.71,28.82,32.5
2008-10-05,21.26,32.19,3.96,27.89,32.73
2008-10-06,21.16,31.47,4.43,32.38,32.64
2008-10-07,20.51,30.83,4.06,37.52,32.38
2008-10-08,20.36,30.66,3.35,38.31,32.07
2008-10-09,20.21,30.82,2.67,35.51,32.09
2008-10-10,20.28,31.46,2.16,29.89,31.84
2008-10-11,20.94,31.4,2.56,25.43,31.64
2008-10-12,20.94,31.31,3.09,21.6,31.23
2008-10-13,20.94,31.09,3.68,20.22,30.9
2008-10-14,20.18,30.4,3.75,20.35,30.88
2008-10-15,19.49,30.36,3.08,25.45,30.68
2008-10-16,18.02,28.26,2.49,30.87,29.37
2008-10-17,18.96,27.83,2.75,38.24,29.12
2008-10-18,18.48,28.82,1.9,27.24,29.06
2008-10-19,19.48,29.33,2.0,20.08,28.96
2008-10-20,19.41,28.46,2.36,20.89,28.4
2008-10-21,19.16,28.69,2.08,19.89,28.79
2008-10-22,18.8,29.37,1.82,20.2,28.78
2008-10-23,18.86,29.49,1.84,19.2,28.63
2008-10-24,19.1,29.89,1.67,15.37,28.21
2008-10-25,18.96,28.18,2.49,16.33,27.95
2008-10-26,18.25,27.91,2.09,16.9,27.36
2008-10-27,17.31,27.75,2.33,18.67,26.02
2008-10-28,17.72,26.76,4.16,24.43,26.68
2008-10-29,17.99,26.49,3.73,33.09,27.16
2008-10-30,17.63,26.88,2.26,34.59,27.61
2008-10-31,17.31,27.05,2.0,31.07,27.32
2008-11-01,17.54,27.78,2.49,27.17,26.75
2008-11-02,17.92,27.34,3.59,28.89,27.13
2008-11-03,18.16,26.5,3.49,18.91,26.05
2008-11-04,17.52,27.12,1.79,15.02,25.01
2008-11-05,18.15,27.31,2.46,15.79,25.38
2008-11-06,17.04,27.52,2.16,24.25,26.89
2008-11-07,17.2,27.85,1.52,20.67,26.62
2008-11-08,17.21,27.07,1.69,19.12,25.23
2008-11-09,17.17,26.81,1.87,18.6,25.11
2008-11-10,15.74,25.58,2.4,18.64,24.56
2008-11-11,16.04,25.49,2.08,18.28,24.31
2008-11-12,16.23,24.25,2.2,19.83,23.38
2008-11-13,16.05,23.4,1.87,22.29,22.74
2008-11-14,15.27,21.41,2.38,27.38,21.39
2008-11-15,14.5,19.69,4.02,32.55,20.09
2008-11-16,13.43,19.28,3.12,32.84,19.97
2008-11-17,13.73,19.54,2.39,32.33,19.87
2008-11-18,14.56,20.35,2.36,33.06,20.86
2008-11-19,15.17,20.63,2.74,27.54,20.87
2008-11-20,16.33,17.82,3.81,18.08,17.95
2008-11-21,15.82,17.16,3.57,21.61,17.05
2008-11-22,15.95,17.87,2.3,23.77,17.41
2008-11-23,16.31,19.36,2.63,20.06,18.59
2008-11-24,15.69,21.13,1.84,16.62,19.25
2008-11-25,16.05,20.85,2.52,15.84,19.69
2008-11-26,15.67,20.0,2.58,20.94,20.01
2008-11-27,15.28,20.27,2.23,24.94,20.24
2008-11-28,15.09,20.22,2.17,27.25,19.86
2008-11-29,15.27,21.49,1.92,24.28,19.49
2008-11-30,13.76,22.0,1.45,19.25,19.87
2008-12-01,14.74,22.87,1.42,14.82,21.08
2008-12-02,15.21,21.9,1.78,14.64,20.12
2008-12-03,15.12,22.11,1.6,17.33,20.95
2008-12-04,13.25,23.19,2.03,25.64,22.77
2008-12-05,11.44,24.09,2.14,34.58,24.63
2008-12-06,5.62,23.55,1.97,42.23,23.37
2008-12-07,9.01,21.38,2.53,42.02,21.03
2008-12-08,13.75,21.29,2.76,46.2,21.89
2008-12-09,13.74,18.72,3.51,57.29,19.54
2008-12-10,12.31,17.99,3.11,51.08,18.4
2008-12-11,15.6,17.85,2.01,33.61,17.41
2008-12-12,14.73,16.14,2.76,28.48,15.49
2008-12-13,15.13,15.93,2.8,25.43,15.14
2008-12-14,14.33,15.46,3.29,23.82,14.56
2008-12-15,10.78,17.06,2.54,29.27,16.88
2008-12-16,5.52,17.38,2.26,47.23,16.98
2008-12-17,12.0,17.44,4.61,56.08,17.54
2008-12-18,8.43,17.01,3.37,62.68,16.93
2008-12-19,4.42,16.91,4.68,83.88,16.76
2008-12-20,5.66,17.46,2.95,79.66,17.86
2008-12-21,11.29,15.27,4.1,53.77,15.43
2008-12-22,15.86,13.47,2.99,38.16,13.05
2008-12-23,15.45,16.05,1.45,28.7,13.63
2008-12-24,14.08,17.71,1.67,25.71,15.04
2008-12-25,15.28,17.7,2.63,26.05,16.13
2008-12-26,14.9,16.95,2.26,34.36,16.08
2008-12-27,14.56,17.1,1.58,34.76,15.89
2008-12-28,13.19,16.84,1.91,34.83,16.2
2008-12-29,11.76,16.79,2.27,35.61,16.28
2008-12-30,11.18,15.9,2.9,42.2,15.97
2008-12-31,13.98,16.06,2.55,42.26,15.95
2009-01-01,15.33,16.49,2.16,37.15,15.84
2009-01-02,14.42,17.03,2.75,28.1,15.81
2009-01-03,14.73,18.29,1.95,24.97,16.54
2009-01-04,10.52,16.41,3.62,39.23,16.36
2009-01-05,12.43,14.46,4.02,55.68,15.11
2009-01-06,14.61,13.28,2.81,44.34,14.19
2009-01-07,15.08,13.94,2.42,37.76,14.01
2009-01-08,15.34,12.94,3.01,37.66,12.91
2009-01-09,14.08,13.55,2.41,39.93,13.37
2009-01-10,13.11,13.16,3.51,39.01,13.18
2009-01-11,13.48,12.36,3.07,46.46,12.16
2009-01-12,15.2,13.97,3.06,38.31,13.79
2009-01-13,13.89,14.92,3.62,30.99,14.95
2009-01-14,13.95,17.01,3.43,35.34,17.62
2009-01-15,8.31,18.97,2.86,44.62,19.35
2009-01-16,6.39,15.47,2.66,78.44,15.22
2009-01-17,11.26,16.13,2.83,76.63,17.18
2009-01-18,14.33,16.16,2.78,64.47,16.34
2009-01-19,15.62,14.28,3.09,43.99,14.52
2009-01-20,15.8,14.02,3.01,53.02,14.64
2009-01-21,14.45,16.21,1.6,36.64,15.63
2009-01-22,13.07,18.01,2.17,29.35,17.69
2009-01-23,13.54,18.05,2.84,28.56,17.78
2009-01-24,11.9,19.33,2.63,28.47,19.38
2009-01-25,16.24,18.36,4.15,40.96,18.19
2009-01-26,17.05,17.35,2.39,46.85,18.04
2009-01-27,17.37,16.97,3.23,40.33,17.43
2009-01-28,17.56,16.3,1.86,42.14,16.58
2009-01-29,17.29,17.5,1.95,34.72,16.5
2009-01-30,17.41,17.92,2.12,35.08,17.61
2009-01-31,17.59,17.08,2.56,38.74,17.42
2009-02-01,17.92,18.29,2.52,28.26,17.59
2009-02-02,18.11,19.37,2.35,24.68,18.69
2009-02-03,17.86,19.69,2.53,24.35,19.99
2009-02-04,18.01,19.72,3.08,27.45,19.53
2009-02-05,15.48,19.95,1.95,33.14,20.09
2009-02-06,17.13,17.49,3.44,38.91,18.83
2009-02-07,18.02,15.21,3.47,33.57,16.44
2009-02-08,18.9,15.99,2.63,26.12,16.52
2009-02-09,14.73,17.16,2.25,22.93,16.79
2009-02-10,11.9,16.25,3.29,31.8,16.42
2009-02-11,18.76,17.67,1.75,39.66,18.06
2009-02-12,16.45,18.71,2.75,35.92,19.87
2009-02-13,15.17,19.41,4.92,46.67,20.06
2009-02-14,19.58,19.0,2.24,40.15,19.88
2009-02-15,18.73,16.3,3.1,45.63,17.73
2009-02-16,19.82,17.67,2.32,36.27,18.68
2009-02-17,19.24,19.16,2.62,29.16,20.12
2009-02-18,20.15,20.08,2.86,25.01,20.51
2009-02-19,19.14,22.22,2.35,24.83,22.13
2009-02-20,19.8,22.18,3.14,28.01,22.93
2009-02-21,18.38,21.36,3.93,34.45,22.01
2009-02-22,13.92,21.03,2.31,32.86,21.94
2009-02-23,18.15,22.82,2.38,30.7,24.15
2009-02-24,18.95,24.94,1.99,28.04,25.13
2009-02-25,19.78,24.22,2.87,24.12,24.89
2009-02-26,18.34,24.27,3.04,21.18,25.11
2009-02-27,19.55,24.25,3.0,25.0,25.99
2009-02-28,20.27,24.01,2.95,24.47,25.75
2009-03-01,19.66,25.96,4.05,21.65,26.74
2009-03-02,21.29,27.48,2.13,19.91,27.99
2009-03-03,21.9,26.77,5.05,23.5,27.21
2009-03-04,19.73,25.25,3.17,32.75,26.57
2009-03-05,20.1,25.2,2.11,16.88,25.29
2009-03-06,22.29,24.22,4.64,17.76,24.6
2009-03-07,22.17,22.97,2.93,24.53,23.65
2009-03-08,21.95,23.15,2.46,21.73,25.03
2009-03-09,22.64,24.09,2.59,20.14,25.69
2009-03-10,22.4,23.95,3.72,17.76,25.51
2009-03-11,21.42,24.49,3.32,15.97,25.48
2009-03-12,23.05,26.38,1.43,11.85,25.61
2009-03-13,24.11,27.47,1.81,10.28,25.98
2009-03-14,23.77,25.53,3.16,13.58,26.76
2009-03-15,22.91,25.75,2.97,15.42,26.54
2009-03-16,23.25,26.87,3.76,15.01,27.67
2009-03-17,23.26,26.67,3.91,17.44,27.4
2009-03-18,22.93,27.99,1.46,14.02,28.21
2009-03-19,21.34,27.79,2.4,19.72,28.97
2009-03-20,20.81,27.14,2.62,29.09,29.28
2009-03-21,19.68,27.7,3.33,23.41,29.45
2009-03-22,19.06,26.26,2.95,26.55,28.53
2009-03-23,21.12,26.63,2.21,30.9,29.05
2009-03-24,22.37,27.25,3.94,34.07,29.46
2009-03-25,24.24,24.79,3.16,40.03,27.31
2009-03-26,20.48,27.4,2.51,25.3,29.02
2009-03-27,17.51,28.34,3.13,26.57,30.01
2009-03-28,15.73,26.49,5.07,44.64,29.39
2009-03-29,15.91,24.68,3.83,50.4,26.82
2009-03-30,22.9,26.52,2.66,34.1,29.06
2009-03-31,19.7,28.9,2.46,30.93,30.94
2009-04-01,16.87,29.92,2.78,28.72,30.63
2009-04-02,18.89,29.33,4.09,29.21,30.4
2009-04-03,21.4,28.57,2.44,27.98,29.8
2009-04-04,23.96,28.33,2.57,22.78,28.72
2009-04-05,20.63,29.52,3.96,23.48,31.21
2009-04-06,24.56,28.03,3.37,28.22,31.21
2009-04-07,24.67,27.77,2.6,25.99,30.6
2009-04-08,25.01,24.18,4.71,44.79,26.65
2009-04-09,27.25,25.77,2.55,26.75,27.84
2009-04-10,26.59,26.19,2.57,27.94,28.42
2009-04-11,26.74,29.98,1.5,18.33,30.8
2009-04-12,26.58,31.88,1.33,13.98,32.78
2009-04-13,26.78,32.37,1.92,13.1,33.76
2009-04-14,27.04,31.11,4.82,20.0,32.5
2009-04-15,25.05,30.04,3.15,29.64,32.82
2009-04-16,26.78,28.73,4.89,32.44,31.43
2009-04-17,28.79,29.14,3.06,12.78,30.81
2009-04-18,27.38,33.16,1.93,8.9,32.91
2009-04-19,25.23,34.49,3.4,11.32,35.08
2009-04-20,25.36,34.29,4.94,18.72,35.87
2009-04-21,25.84,30.39,3.88,17.13,32.48
2009-04-22,27.26,29.35,4.03,7.11,30.41
2009-04-23,25.41,30.41,3.25,8.73,32.48
2009-04-24,27.81,30.04,3.36,14.87,32.12
2009-04-25,28.53,32.6,2.29,9.2,33.77
2009-04-26,27.35,33.97,2.3,7.52,34.34
2009-04-27,27.57,35.63,2.43,7.47,35.82
2009-04-28,26.42,36.51,3.02,9.36,37.43
2009-04-29,25.7,36.72,2.02,12.1,38.4
2009-04-30,25.77,36.66,1.93,12.79,38.81
2009-05-01,23.22,36.1,1.85,14.01,38.58
2009-05-02,23.91,37.14,2.2,13.63,38.67
2009-05-03,25.41,35.58,3.81,16.04,37.65
2009-05-04,23.38,33.21,5.14,25.19,35.98
2009-05-05,25.44,31.96,3.29,26.96,35.87
2009-05-06,25.72,33.42,2.96,21.66,37.31
2009-05-07,26.29,34.52,2.75,20.54,37.64
2009-05-08,25.87,35.83,4.03,15.45,37.17
2009-05-09,25.84,35.05,3.53,20.32,38.13
2009-05-10,25.6,36.4,4.87,26.37,38.91
2009-05-11,26.95,35.86,5.96,22.6,38.11
2009-05-12,27.79,35.93,3.75,15.17,38.84
2009-05-13,27.56,37.9,3.2,16.91,40.21
2009-05-14,26.71,38.29,4.73,20.81,39.75
2009-05-15,27.52,38.5,4.21,17.99,40.45
2009-05-16,27.75,38.64,4.76,20.47,40.54
2009-05-17,27.37,38.34,3.95,21.95,41.07
2009-05-18,27.09,38.65,4.82,18.81,41.16
2009-05-19,27.46,37.5,4.83,22.38,40.21
2009-05-20,26.28,37.66,2.7,24.31,40.62
2009-05-21,27.13,38.02,2.14,15.97,41.52
2009-05-22,27.45,38.84,2.5,12.67,41.15
2009-05-23,25.97,38.84,1.06,11.86,41.65
2009-05-24,27.42,38.69,2.69,11.49,40.99
2009-05-25,26.99,37.43,4.46,16.33,39.42
2009-05-26,26.99,36.7,3.04,21.25,39.52
2009-05-27,26.37,37.07,5.7,31.21,39.89
2009-05-28,26.11,37.55,5.43,29.74,40.48
2009-05-29,24.48,37.61,4.96,31.9,40.85
2009-05-30,24.34,36.1,6.03,39.29,38.52
2009-05-31,25.11,36.66,5.55,36.03,39.38
2009-06-01,25.45,35.81,4.66,38.8,39.16
2009-06-02,23.5,35.86,5.37,39.98,39.09
2009-06-03,25.36,36.51,5.22,37.6,40.02
2009-06-04,23.88,36.61,6.62,32.87,39.31
2009-06-05,26.57,35.49,6.8,31.98,38.05
2009-06-06,27.46,34.86,4.71,15.39,37.21
2009-06-07,28.21,35.22,2.16,7.18,37.27
2009-06-08,29.53,36.01,3.57,10.78,37.96
2009-06-09,27.71,36.3,4.73,21.36,38.93
2009-06-10,26.96,37.08,5.97,30.45,39.66
2009-06-11,27.15,37.2,5.19,29.23,40.12
2009-06-12,26.31,36.93,3.7,24.36,40.08
2009-06-13,25.85,37.01,5.45,29.86,39.75
2009-06-14,23.91,37.21,7.43,28.42,39.3
2009-06-15,19.7,35.64,5.5,31.63,37.36
2009-06-16,26.07,32.76,2.62,37.85,35.02
2009-06-17,26.05,34.34,3.08,39.96,36.05
2009-06-18,26.27,36.45,2.13,29.57,38.72
2009-06-19,25.37,37.05,1.97,25.43,40.58
2009-06-20,25.97,37.99,2.35,20.52,41.27
2009-06-21,27.13,38.39,2.21,18.91,41.87
2009-06-22,27.22,37.52,4.7,22.28,40.87
2009-06-23,20.21,37.33,5.77,28.37,40.26
2009-06-24,12.25,35.62,3.51,37.65,37.92
2009-06-25,26.36,35.67,3.49,40.96,38.2
2009-06-26,27.66,37.32,3.24,35.54,41.13
2009-06-27,27.05,38.55,5.27,33.58,42.1
2009-06-28,26.66,38.67,6.5,33.48,42.15
2009-06-29,24.44,38.61,6.65,36.8,42.02
2009-06-30,25.14,38.36,6.34,37.44,41.88
2009-07-01,25.14,37.78,5.09,38.15,42.3
2009-07-02,22.15,37.11,4.7,39.65,41.33
2009-07-03,22.17,35.1,3.68,45.9,37.75
2009-07-04,23.17,35.56,1.76,40.98,40.12
2009-07-05,26.14,38.38,2.33,29.75,42.71
2009-07-06,26.16,39.78,2.11,23.77,44.28
2009-07-07,27.39,40.45,2.03,21.5,44.82
2009-07-08,26.34,39.91,2.58,20.87,43.74
2009-07-09,24.57,36.0,2.91,44.6,36.72
2009-07-10,22.97,35.13,3.6,48.54,37.33
2009-07-11,18.35,32.03,3.64,58.86,34.11
2009-07-12,23.04,34.14,2.77,52.56,36.76
2009-07-13,24.67,36.03,5.62,45.18,38.47
2009-07-14,22.42,35.03,2.98,48.06,38.46
2009-07-15,25.45,36.57,2.79,38.37,39.98
2009-07-16,25.42,36.52,4.48,38.16,39.82
2009-07-17,24.89,36.16,3.75,45.68,39.14
2009-07-18,21.9,35.42,2.71,52.14,37.64
2009-07-19,24.87,33.11,4.47,61.41,35.01
2009-07-20,25.89,34.98,5.27,49.79,37.54
2009-07-21,25.46,35.69,4.81,48.28,38.87
2009-07-22,23.35,33.4,3.44,52.88,34.56
2009-07-23,22.26,33.12,2.29,56.16,34.7
2009-07-24,16.81,32.53,3.29,60.34,34.42
2009-07-25,21.04,33.23,1.64,58.28,36.34
2009-07-26,25.96,35.79,3.78,47.39,38.71
2009-07-27,23.76,34.59,8.34,49.74,37.1
2009-07-28,22.31,34.26,7.44,52.1,37.06
2009-07-29,20.73,34.57,7.09,51.03,37.54
2009-07-30,16.79,34.66,5.77,48.47,38.0
2009-07-31,20.55,34.04,6.82,50.16,36.84
2009-08-01,22.68,34.16,6.92,49.2,37.21
2009-08-02,23.82,34.87,6.22,48.18,37.75
2009-08-03,23.67,35.0,6.55,47.14,37.82
2009-08-04,25.42,34.58,6.23,47.78,37.7
2009-08-05,24.09,34.73,6.54,47.56,37.81
2009-08-06,25.39,35.27,6.6,45.53,38.12
2009-08-07,22.72,34.93,5.62,46.81,38.02
2009-08-08,20.78,35.11,5.22,45.12,38.19
2009-08-09,21.41,35.64,4.58,42.72,38.94
2009-08-10,24.23,36.17,5.1,41.94,39.21
2009-08-11,25.59,36.86,3.79,40.04,40.58
2009-08-12,24.25,37.26,3.85,38.98,40.81
2009-08-13,24.58,36.22,6.12,40.73,38.92
2009-08-14,23.69,35.09,6.66,45.52,37.81
2009-08-15,23.31,35.45,5.28,42.3,38.87
2009-08-16,22.72,35.87,5.12,42.88,39.48
2009-08-17,23.85,35.88,5.94,43.01,39.1
2009-08-18,23.9,35.52,6.12,42.53,38.56
2009-08-19,22.86,35.09,5.04,43.41,38.15
2009-08-20,23.93,35.73,4.76,41.41,38.98
2009-08-21,23.58,35.28,5.84,42.77,38.06
2009-08-22,23.66,34.9,4.65,40.22,37.99
2009-08-23,23.68,35.39,4.45,40.43,38.38
2009-08-24,24.15,35.64,3.21,41.02,38.78
2009-08-25,25.07,36.03,2.04,36.95,39.49
2009-08-26,23.45,35.69,2.58,37.19,38.48
2009-08-27,23.29,35.52,2.1,39.5,37.65
2009-08-28,20.18,35.35,2.26,42.92,37.54
2009-08-29,24.06,35.38,3.94,42.82,38.25
2009-08-30,15.49,32.44,4.62,57.73,34.73
2009-08-31,20.12,31.52,2.2,63.05,33.56
2009-09-01,22.15,32.68,0.75,55.34,35.36
2009-09-02,23.03,34.71,2.11,46.89,37.96
2009-09-03,23.06,35.39,3.37,42.34,38.2
2009-09-04,21.98,34.38,3.21,42.85,37.35
2009-09-05,23.69,33.26,2.18,38.39,36.67
2009-09-06,21.98,33.72,2.56,30.47,36.57
2009-09-07,21.24,34.65,2.56,27.58,37.79
2009-09-08,22.71,34.8,2.56,24.97,37.3
2009-09-09,23.54,33.91,2.81,25.29,36.54
2009-09-10,22.86,32.83,3.4,40.49,35.34
2009-09-11,21.53,33.22,3.29,43.53,36.19
2009-09-12,23.23,33.17,3.75,37.2,35.49
2009-09-13,22.92,33.09,4.93,29.92,34.81
2009-09-14,23.18,32.55,5.5,32.53,34.24
2009-09-15,22.23,31.5,5.55,41.67,33.49
2009-09-16,19.8,31.45,4.39,43.51,33.9
2009-09-17,21.54,33.14,3.3,38.84,35.38
2009-09-18,21.71,33.76,4.09,33.74,36.07
2009-09-19,21.93,33.97,4.65,29.62,35.73
2009-09-20,21.76,34.0,4.35,31.1,35.99
2009-09-21,22.78,33.82,4.57,32.04,35.84
2009-09-22,21.73,33.78,5.21,27.35,35.15
2009-09-23,22.1,33.26,5.88,26.8,34.45
2009-09-24,22.5,33.01,5.98,28.89,34.4
2009-09-25,23.02,32.15,5.42,32.82,33.71
2009-09-26,22.6,31.13,4.4,37.54,33.11
2009-09-27,22.38,31.63,3.52,34.87,33.82
2009-09-28,22.24,32.11,3.0,34.26,34.34
2009-09-29,21.43,33.02,2.9,26.49,34.92
2009-09-30,21.96,33.88,3.34,26.34,35.49
2009-10-01,21.06,34.71,2.78,21.16,35.5
2009-10-02,21.63,33.09,3.4,25.24,34.44
2009-10-03,20.55,33.36,4.16,37.9,35.38
2009-10-04,18.69,32.71,4.57,43.18,34.79
2009-10-05,18.4,31.4,3.3,43.53,33.55
2009-10-06,18.54,31.77,1.41,31.81,33.74
2009-10-07,20.23,31.71,2.17,20.02,32.01
2009-10-08,20.0,29.57,3.95,23.49,30.45
2009-10-09,20.95,29.49,3.79,30.52,30.8
2009-10-10,19.62,29.9,2.74,30.74,31.13
2009-10-11,18.7,31.12,1.64,26.09,31.79
2009-10-12,17.64,31.1,1.47,24.26,32.48
2009-10-13,16.97,31.53,1.4,24.25,33.21
2009-10-14,17.27,30.94,1.91,24.58,32.78
2009-10-15,17.18,30.16,2.24,27.39,32.16
2009-10-16,17.68,29.84,3.1,27.64,31.07
2009-10-17,17.32,29.16,2.46,23.51,30.75
2009-10-18,18.47,28.2,2.77,28.5,29.36
2009-10-19,18.78,28.14,1.91,18.46,28.65
2009-10-20,18.85,27.98,2.03,14.94,27.97
2009-10-21,19.45,27.51,2.01,9.85,26.42
2009-10-22,19.55,27.05,2.74,9.19,26.2
2009-10-23,19.12,26.83,1.82,8.59,25.18
2009-10-24,18.1,27.32,2.53,10.72,25.74
2009-10-25,18.39,27.1,2.08,12.71,26.77
2009-10-26,18.06,25.75,2.68,16.8,26.74
2009-10-27,17.89,26.0,2.6,13.79,26.51
2009-10-28,17.55,26.41,2.33,13.93,26.84
2009-10-29,16.76,26.36,2.82,15.74,27.38
2009-10-30,16.79,26.69,2.53,16.22,26.7
2009-10-31,16.15,27.47,3.67,15.28,26.51
2009-11-01,17.58,27.65,2.26,15.44,26.92
2009-11-02,14.79,26.5,2.47,17.6,26.17
2009-11-03,14.21,26.24,2.75,22.94,26.75
2009-11-04,14.29,25.14,3.31,36.43,25.91
2009-11-05,14.26,25.01,3.25,30.52,25.55
2009-11-06,14.71,24.54,2.95,28.82,24.92
2009-11-07,14.85,24.67,2.26,27.47,25.17
2009-11-08,14.7,25.75,2.44,22.86,25.64
2009-11-09,14.19,24.16,3.01,23.53,24.48
2009-11-10,15.73,21.5,3.46,20.95,22.25
2009-11-11,16.9,19.03,4.11,24.46,19.44
2009-11-12,16.87,19.85,4.1,16.23,19.93
2009-11-13,7.13,22.32,3.41,58.12,23.61
2009-11-14,8.19,22.12,2.37,58.39,23.46
2009-11-15,13.84,22.26,1.08,35.64,21.48
2009-11-16,15.65,21.68,1.6,17.92,19.46
2009-11-17,16.29,21.07,1.88,13.75,19.07
2009-11-18,15.15,19.26,3.01,20.75,18.94
2009-11-19,15.59,18.98,2.51,18.34,18.54
2009-11-20,15.5,19.77,2.3,16.42,18.28
2009-11-21,15.79,19.88,2.38,14.92,18.8
2009-11-22,15.22,19.8,2.33,16.02,18.97
2009-11-23,15.18,19.78,2.28,19.22,19.58
2009-11-24,15.45,19.78,2.18,24.57,19.21
2009-11-25,14.69,21.08,2.09,22.08,19.17
2009-11-26,14.47,20.17,2.08,27.91,19.57
2009-11-27,14.47,18.27,2.37,27.0,18.94
2009-11-28,14.46,18.45,2.81,25.28,18.6
2009-11-29,13.5,18.96,2.63,19.29,18.62
2009-11-30,14.82,19.02,2.31,17.94,18.38
2009-12-01,14.2,20.5,1.96,19.17,20.55
2009-12-02,14.3,21.05,2.76,25.12,21.46
2009-12-03,14.56,20.8,2.44,27.28,20.21
2009-12-04,14.29,20.68,2.89,27.14,19.81
2009-12-05,13.69,19.23,2.35,28.69,18.04
2009-12-06,14.02,17.63,2.95,26.01,17.14
2009-12-07,14.18,15.01,3.62,15.11,15.37
2009-12-08,14.64,15.2,3.07,16.17,14.76
2009-12-09,11.59,15.83,2.95,18.53,15.84
2009-12-10,11.82,17.07,3.54,25.02,17.63
2009-12-11,10.86,17.66,3.55,32.47,18.19
2009-12-12,11.79,18.11,3.33,38.64,18.59
2009-12-13,13.49,17.99,3.45,39.5,18.51
2009-12-14,8.42,18.4,3.94,32.49,18.83
2009-12-15,13.17,17.3,3.23,32.58,17.96
2009-12-16,13.52,17.03,3.56,33.76,17.38
2009-12-17,14.01,16.29,3.05,32.7,16.21
2009-12-18,14.3,16.14,2.69,30.38,15.85
2009-12-19,14.28,15.93,2.91,28.99,15.9
2009-12-20,13.7,15.63,3.13,30.95,16.24
2009-12-21,13.88,16.57,4.02,28.64,16.94
2009-12-22,13.78,17.33,2.51,27.98,17.64
2009-12-23,14.36,18.83,2.1,28.75,17.64
2009-12-24,14.85,18.72,1.33,26.0,16.85
2009-12-25,14.65,18.06,1.63,22.1,16.17
2009-12-26,14.95,17.36,2.03,19.77,15.57
2009-12-27,14.81,15.3,2.41,23.31,15.31
2009-12-28,14.22,15.26,3.19,27.74,15.26
2009-12-29,13.79,15.83,2.86,31.58,16.44
2009-12-30,14.09,16.38,2.91,26.1,16.63
2009-12-31,14.47,16.64,2.53,27.31,15.65
2010-01-01,15.24,16.99,2.61,28.87,16.35
2010-01-02,10.82,16.95,3.13,28.32,16.64
2010-01-03,11.99,16.93,3.7,31.19,16.95
2010-01-04,12.22,15.0,2.71,41.62,15.58
2010-01-05,14.73,16.7,2.68,36.49,15.36
2010-01-06,15.52,17.93,2.06,30.03,16.32
2010-01-07,15.23,16.32,3.26,31.42,16.37
2010-01-08,12.09,14.03,3.52,33.92,14.47
2010-01-09,9.91,12.86,3.13,31.3,12.65
2010-01-10,14.6,12.54,3.17,28.71,11.96
2010-01-11,15.6,12.95,3.32,28.34,12.94
2010-01-12,6.79,13.42,3.25,27.28,13.69
2010-01-13,14.03,12.73,3.1,39.36,12.67
2010-01-14,13.63,13.77,2.98,37.08,13.69
2010-01-15,14.22,14.68,2.45,32.42,14.04
2010-01-16,16.15,15.66,2.95,25.22,14.63
2010-01-17,15.8,16.82,2.2,20.79,15.97
2010-01-18,15.69,16.62,2.31,19.44,16.3
2010-01-19,12.17,16.32,2.56,20.42,16.28
2010-01-20,14.99,16.33,2.72,20.46,16.52
2010-01-21,15.44,16.17,2.83,21.1,15.83
2010-01-22,16.34,18.5,2.36,16.57,17.97
2010-01-23,15.97,17.46,2.62,18.36,17.49
2010-01-24,12.7,15.57,4.11,23.5,15.29
2010-01-25,14.3,16.01,3.27,24.73,16.27
2010-01-26,14.94,17.59,2.86,30.22,18.0
2010-01-27,15.34,18.69,2.07,29.01,18.69
2010-01-28,15.55,20.3,2.24,24.28,19.14
2010-01-29,16.13,19.82,2.14,28.44,19.69
2010-01-30,15.74,17.58,3.57,30.91,18.52
2010-01-31,17.03,18.04,2.52,20.22,18.22
2010-02-01,16.43,18.85,2.55,21.03,18.75
2010-02-02,16.32,18.12,3.05,24.93,19.14
2010-02-03,16.65,18.04,3.52,24.43,18.94
2010-02-04,16.81,19.41,3.13,22.28,20.1
2010-02-05,16.31,21.31,2.7,19.86,20.77
2010-02-06,16.13,22.83,2.87,21.21,23.24
2010-02-07,11.66,22.06,2.95,26.92,23.0
2010-02-08,6.02,20.32,4.84,37.15,19.81
2010-02-09,20.33,15.38,4.66,23.34,15.78
2010-02-10,19.71,14.66,2.93,10.33,14.22
2010-02-11,17.97,13.12,3.46,22.71,14.33
2010-02-12,19.33,15.09,3.26,21.27,15.49
2010-02-13,18.58,16.05,3.18,18.87,16.34
2010-02-14,19.09,17.48,1.93,18.93,16.89
2010-02-15,18.99,18.7,3.15,18.17,17.42
2010-02-16,19.34,17.92,2.94,15.82,17.8
2010-02-17,20.31,14.61,3.59,16.04,14.89
2010-02-18,19.25,18.01,1.52,9.97,16.75
2010-02-19,19.42,20.39,2.31,10.36,19.75
2010-02-20,19.58,21.22,2.79,16.04,21.93
2010-02-21,20.63,22.92,2.46,16.96,23.21
2010-02-22,13.85,22.25,4.11,16.97,21.64
2010-02-23,19.51,20.63,2.46,34.11,21.27
2010-02-24,20.51,22.92,1.31,29.03,23.6
2010-02-25,19.76,23.67,2.53,23.23,23.38
2010-02-26,19.87,25.11,2.02,19.76,25.04
2010-02-27,19.39,25.74,1.96,21.5,25.84
2010-02-28,18.98,25.68,2.39,22.56,26.22
2010-03-01,20.97,26.67,3.36,32.22,27.38
2010-03-02,20.27,27.77,1.62,26.1,29.0
2010-03-03,18.11,27.89,3.21,27.65,28.64
2010-03-04,19.6,24.09,3.17,34.42,26.0
2010-03-05,19.67,23.88,2.6,38.53,26.84
2010-03-06,18.07,23.94,2.5,31.73,27.03
2010-03-07,21.89,22.11,3.96,40.39,24.52
2010-03-08,22.03,23.34,2.5,25.11,25.16
2010-03-09,22.65,24.46,2.31,19.31,26.19
2010-03-10,22.81,25.58,2.17,18.14,26.65
2010-03-11,23.18,26.94,1.69,16.55,27.72
2010-03-12,22.75,27.95,1.92,13.9,28.41
2010-03-13,22.49,29.51,2.62,12.01,28.77
2010-03-14,22.84,29.0,3.44,13.61,28.68
2010-03-15,22.88,29.92,2.16,13.89,30.13
2010-03-16,23.48,29.49,2.99,14.32,30.56
2010-03-17,22.7,29.16,4.03,13.59,30.78
2010-03-18,23.67,28.8,4.24,16.7,30.11
2010-03-19,23.84,30.21,2.63,13.68,31.09
2010-03-20,24.52,32.46,2.67,11.19,31.77
2010-03-21,23.93,31.8,3.71,11.32,31.78
2010-03-22,23.98,30.39,4.15,11.99,31.22
2010-03-23,23.73,30.68,4.07,17.29,32.26
2010-03-24,23.17,30.85,2.98,15.25,32.53
2010-03-25,23.37,30.92,2.25,11.54,32.72
2010-03-26,22.24,31.06,2.78,12.83,31.72
2010-03-27,23.35,31.14,1.51,14.05,32.71
2010-03-28,24.17,31.79,1.86,11.22,32.01
2010-03-29,24.02,31.11,4.34,13.63,31.87
2010-03-30,22.73,30.51,5.34,20.53,31.92
2010-03-31,24.42,30.66,3.82,11.27,31.79
2010-04-01,25.51,31.73,2.13,10.83,32.28
2010-04-02,21.81,31.48,3.02,16.25,32.3
2010-04-03,22.65,30.65,2.88,18.72,32.97
2010-04-04,21.04,32.09,2.32,15.2,34.03
2010-04-05,23.66,31.66,3.24,12.36,33.33
2010-04-06,26.12,30.94,2.58,10.06,32.46
2010-04-07,23.22,32.11,2.3,8.32,31.45
2010-04-08,21.39,33.3,2.37,9.77,34.19
2010-04-09,24.37,33.68,1.74,9.86,35.1
2010-04-10,23.9,33.32,2.46,11.58,34.59
2010-04-11,23.12,32.94,3.84,23.03,34.08
2010-04-12,23.92,33.4,2.44,20.71,35.5
2010-04-13,26.0,34.87,2.01,15.56,36.38
2010-04-14,25.43,35.73,2.24,10.77,36.67
2010-04-15,25.09,35.54,2.66,11.19,36.91
2010-04-16,25.84,35.93,3.27,12.83,37.24
2010-04-17,25.42,35.59,4.37,15.92,37.01
2010-04-18,24.17,35.81,6.6,19.49,36.76
2010-04-19,25.03,35.21,5.94,21.71,37.66
2010-04-20,22.72,34.66,6.35,21.72,36.86
2010-04-21,23.52,32.7,5.57,24.96,34.74
2010-04-22,25.9,32.68,3.7,11.62,33.6
2010-04-23,26.44,33.07,2.66,10.41,34.71
2010-04-24,26.41,33.81,3.26,19.69,35.98
2010-04-25,23.83,35.24,2.14,17.05,37.96
2010-04-26,25.02,35.59,5.21,21.45,37.86
2010-04-27,22.79,35.88,2.07,18.54,39.07
2010-04-28,21.93,35.44,2.69,21.87,39.07
2010-04-29,18.47,35.25,3.37,19.63,36.67
2010-04-30,24.79,34.34,2.16,21.21,37.84
2010-05-01,25.76,33.67,3.4,25.03,36.86
2010-05-02,26.59,36.26,2.12,18.01,38.48
2010-05-03,26.27,36.81,4.83,16.19,38.63
2010-05-04,23.65,36.86,7.02,18.57,38.38
2010-05-05,25.79,35.94,6.19,27.95,38.49
2010-05-06,25.2,35.24,3.58,29.44,38.88
2010-05-07,24.84,34.08,3.47,30.99,38.25
2010-05-08,22.44,35.18,2.72,26.1,38.98
2010-05-09,23.78,34.77,1.48,22.74,37.83
2010-05-10,24.48,35.1,3.12,18.87,37.39
2010-05-11,26.19,36.03,2.82,16.58,38.84
2010-05-12,27.88,37.19,3.6,15.72,39.52
2010-05-13,26.63,36.3,4.11,12.79,38.23
2010-05-14,27.4,35.56,4.18,17.88,37.69
2010-05-15,27.37,36.33,3.58,15.46,38.61
2010-05-16,24.67,38.02,5.71,21.58,40.16
2010-05-17,23.9,38.03,6.39,18.9,40.24
2010-05-18,23.62,36.06,3.19,21.73,39.67
2010-05-19,24.41,37.22,2.34,18.87,41.12
2010-05-20,27.65,37.98,2.92,13.1,40.98
2010-05-21,29.11,38.09,3.38,10.12,41.13
2010-05-22,27.21,39.32,4.32,11.1,41.79
2010-05-23,25.8,39.46,4.92,17.61,42.06
2010-05-24,25.77,40.15,3.48,16.51,43.13
2010-05-25,26.72,39.39,7.22,20.87,41.13
2010-05-26,26.5,38.53,6.67,30.49,41.21
2010-05-27,24.29,37.92,8.85,31.91,40.15
2010-05-28,26.98,38.33,8.66,24.12,40.15
2010-05-29,26.93,36.44,6.15,21.32,38.72
2010-05-30,27.17,36.88,1.35,8.09,39.47
2010-05-31,27.27,36.75,4.53,20.52,39.23
2010-06-01,26.0,37.0,6.43,25.7,39.67
2010-06-02,23.78,36.67,7.89,30.3,39.4
2010-06-03,23.5,35.25,6.38,40.35,37.32
2010-06-04,20.85,35.41,8.88,38.4,37.81
2010-06-05,19.08,35.24,8.21,36.53,37.45
2010-06-06,9.56,29.87,6.06,66.97,30.31
2010-06-07,17.56,26.11,8.13,84.29,25.96
2010-06-08,27.46,30.07,1.66,55.19,32.78
2010-06-09,27.08,33.65,1.75,36.38,36.86
2010-06-10,26.62,34.89,2.36,29.2,37.4
2010-06-11,27.74,35.87,2.84,27.57,38.4
2010-06-12,26.87,37.69,1.21,21.61,40.35
2010-06-13,26.98,37.81,1.8,22.04,40.76
2010-06-14,25.25,37.73,2.25,24.38,41.17
2010-06-15,22.24,35.56,2.93,31.09,39.04
2010-06-16,23.46,35.53,2.6,32.14,38.99
2010-06-17,23.45,36.65,2.28,31.87,40.54
2010-06-18,25.59,37.92,1.91,26.72,41.64
2010-06-19,26.76,38.64,3.48,24.6,41.23
2010-06-20,27.86,39.54,3.8,20.03,41.87
2010-06-21,26.8,38.19,6.16,28.16,40.49
2010-06-22,24.17,36.82,8.85,35.6,38.65
2010-06-23,23.63,36.03,7.33,41.75,38.45
2010-06-24,24.32,35.98,5.22,44.88,39.12
2010-06-25,22.74,36.38,4.5,43.58,39.62
2010-06-26,24.0,38.03,2.93,37.93,42.08
2010-06-27,25.28,38.37,5.11,33.36,41.17
2010-06-28,23.8,37.17,6.55,34.32,39.68
2010-06-29,23.32,35.86,6.39,42.69,38.6
2010-06-30,20.12,35.64,4.11,43.21,39.26
2010-07-01,23.58,37.18,3.97,38.23,40.52
2010-07-02,23.27,37.27,2.64,34.64,41.46
2010-07-03,21.63,39.0,2.85,28.81,42.34
2010-07-04,24.51,37.46,5.07,35.84,40.74
2010-07-05,23.21,34.6,4.66,47.14,37.92
2010-07-06,18.58,34.36,2.75,46.5,38.97
2010-07-07,21.58,33.71,3.34,53.21,36.67
2010-07-08,23.07,34.02,2.2,53.9,37.2
2010-07-09,26.83,36.07,3.78,45.91,39.85
2010-07-10,27.35,36.76,5.75,44.71,39.95
2010-07-11,23.84,36.44,7.63,44.71,39.21
2010-07-12,21.59,35.3,8.73,47.53,37.85
2010-07-13,19.78,34.99,4.38,46.77,39.25
2010-07-14,21.96,35.36,2.96,43.74,39.24
2010-07-15,25.17,36.94,1.99,37.81,42.09
2010-07-16,24.38,38.1,2.03,32.2,43.19
2010-07-17,23.07,39.39,3.47,28.95,42.58
2010-07-18,23.69,38.76,4.35,37.25,43.13
2010-07-19,23.9,37.27,8.27,43.59,40.1
2010-07-20,22.91,36.25,6.87,46.67,39.42
2010-07-21,22.89,36.67,5.31,41.88,40.74
2010-07-22,19.04,35.4,3.84,45.4,39.88
2010-07-23,13.8,32.71,2.38,60.69,34.75
2010-07-24,13.39,30.56,2.29,72.36,31.14
2010-07-25,17.71,31.48,2.35,62.32,33.26
2010-07-26,22.53,32.8,3.57,59.73,34.1
2010-07-27,22.05,32.68,2.7,61.65,35.12
2010-07-28,11.84,31.94,4.2,61.51,33.42
2010-07-29,24.76,33.28,3.6,52.96,36.06
2010-07-30,24.79,34.84,3.02,46.0,38.7
2010-07-31,22.33,32.36,4.54,58.76,34.56
2010-08-01,21.05,29.5,1.98,70.74,30.86
2010-08-02,11.96,29.74,3.88,69.05,30.55
2010-08-03,14.17,29.34,2.11,76.72,30.19
2010-08-04,17.68,30.5,2.28,74.66,31.5
2010-08-05,16.88,30.95,1.47,75.59,31.71
2010-08-06,20.01,30.11,1.9,79.12,30.65
2010-08-07,23.58,32.22,2.09,65.01,33.93
2010-08-08,23.31,32.64,2.23,62.18,33.69
2010-08-09,20.07,32.56,1.24,60.81,34.73
2010-08-10,22.17,32.38,3.19,62.92,34.06
2010-08-11,24.7,32.6,4.05,60.87,34.64
2010-08-12,25.67,33.41,4.65,56.96,35.54
2010-08-13,19.43,31.68,4.69,61.23,33.23
2010-08-14,18.5,31.11,3.15,61.31,33.42
2010-08-15,16.09,31.44,2.53,61.76,34.03
2010-08-16,23.28,31.42,2.46,62.92,33.96
2010-08-17,22.74,32.55,3.64,58.07,35.46
2010-08-18,25.09,32.89,4.58,57.38,34.96
2010-08-19,18.0,32.58,5.21,55.0,33.84
2010-08-20,19.15,31.34,4.4,60.49,32.67
2010-08-21,21.66,31.75,4.78,60.51,33.21
2010-08-22,22.34,32.54,6.3,57.18,34.57
2010-08-23,21.65,33.39,5.77,54.28,35.58
2010-08-24,18.22,33.25,5.48,54.63,35.51
2010-08-25,22.54,33.46,3.48,51.58,36.61
2010-08-26,21.63,33.61,2.24,49.31,36.57
2010-08-27,23.48,32.8,3.1,50.23,34.46
2010-08-28,22.75,34.53,1.55,41.98,37.55
2010-08-29,22.44,35.77,1.45,27.82,37.3
2010-08-30,22.26,34.09,2.86,43.11,36.19
2010-08-31,20.23,34.16,3.29,49.33,36.26
2010-09-01,20.86,33.56,3.89,53.8,35.64
2010-09-02,19.94,33.09,2.29,59.42,35.74
2010-09-03,18.94,31.22,3.84,68.87,32.41
2010-09-04,20.16,31.03,3.65,67.61,31.77
2010-09-05,18.93,31.71,3.11,59.88,33.51
2010-09-06,22.22,32.57,2.3,55.67,35.59
2010-09-07,21.54,33.63,3.34,50.49,36.17
2010-09-08,18.46,33.51,2.54,52.37,35.88
2010-09-09,16.04,32.65,3.55,58.0,34.34
2010-09-10,21.92,31.32,3.42,63.88,32.46
2010-09-11,9.16,28.13,2.4,81.63,28.62
2010-09-12,19.77,28.06,2.69,81.38,28.56
2010-09-13,21.17,29.52,3.31,71.44,30.58
2010-09-14,18.6,30.08,2.16,64.31,31.12
2010-09-15,19.98,29.66,2.18,57.23,30.43
2010-09-16,21.57,29.81,2.38,52.45,31.26
2010-09-17,21.77,30.16,3.76,50.41,31.49
2010-09-18,21.59,29.72,2.72,48.88,31.81
2010-09-19,21.08,29.98,2.14,45.38,32.17
2010-09-20,22.58,29.28,2.86,37.68,30.13
2010-09-21,22.22,29.75,2.85,26.99,30.19
2010-09-22,21.47,29.27,4.26,31.4,29.9
2010-09-23,22.77,29.27,3.93,38.81,30.47
2010-09-24,22.92,28.65,2.75,40.35,30.33
2010-09-25,22.87,29.07,3.28,35.95,30.42
2010-09-26,22.69,29.66,2.41,36.53,31.01
2010-09-27,22.55,29.6,2.79,38.13,31.24
2010-09-28,22.36,29.77,3.25,43.25,31.35
2010-09-29,22.24,30.85,2.18,37.04,31.9
2010-09-30,21.74,31.75,1.61,34.81,32.88
2010-10-01,21.3,31.63,2.17,38.13,33.07
2010-10-02,21.06,33.12,1.7,32.78,33.73
2010-10-03,21.2,32.34,2.19,37.76,33.47
2010-10-04,21.07,32.15,2.87,39.21,32.84
2010-10-05,21.6,31.93,2.39,32.76,32.2
2010-10-06,20.96,31.19,1.66,27.27,31.34
2010-10-07,21.31,30.96,2.31,23.59,30.67
2010-10-08,21.02,29.99,2.62,29.06,30.24
2010-10-09,21.04,29.2,4.7,31.07,29.73
2010-10-10,21.1,28.33,5.79,46.87,29.18
2010-10-11,19.79,28.84,4.02,51.98,30.37
2010-10-12,18.4,29.35,2.09,49.1,31.28
2010-10-13,19.51,29.94,2.82,41.38,31.26
2010-10-14,20.14,29.34,3.61,37.62,30.3
2010-10-15,20.12,29.28,3.36,34.6,30.02
2010-10-16,19.91,29.78,2.72,29.36,29.8
2010-10-17,19.21,30.7,2.27,26.98,30.36
2010-10-18,19.03,29.2,3.43,45.42,30.38
2010-10-19,18.92,29.44,2.93,43.28,30.51
2010-10-20,18.56,30.79,1.85,36.1,31.04
2010-10-21,19.14,30.57,2.47,28.39,29.92
2010-10-22,18.84,28.71,3.78,27.8,28.65
2010-10-23,17.92,26.37,3.33,30.58,27.24
2010-10-24,17.61,25.71,3.32,33.02,26.46
2010-10-25,16.7,26.88,2.66,36.28,27.78
2010-10-26,17.46,26.83,2.13,34.19,27.26
2010-10-27,16.7,26.84,1.8,31.79,27.46
2010-10-28,16.76,26.07,2.7,33.03,26.91
2010-10-29,11.24,25.15,3.09,37.78,25.49
2010-10-30,14.94,25.33,2.51,46.15,26.32
2010-10-31,15.21,24.45,2.43,39.95,24.84
2010-11-01,14.54,24.44,2.03,33.96,24.39
2010-11-02,16.68,24.36,2.45,30.58,24.06
2010-11-03,16.85,25.14,1.93,29.66,24.48
2010-11-04,16.56,25.74,1.88,26.65,24.27
2010-11-05,17.03,25.13,2.05,32.32,24.42
2010-11-06,16.91,24.67,2.43,29.6,24.13
2010-11-07,12.91,23.68,3.01,33.45,23.83
2010-11-08,13.26,23.06,3.1,31.84,23.02
2010-11-09,13.62,24.2,3.49,42.05,24.57
2010-11-10,13.81,25.72,2.37,52.99,26.98
2010-11-11,12.41,26.32,1.87,44.0,27.17
2010-11-12,13.06,24.87,2.29,54.83,25.03
2010-11-13,13.05,24.84,2.14,49.94,25.42
2010-11-14,12.06,24.27,2.41,60.0,25.36
2010-11-15,13.23,24.16,3.03,44.14,24.98
2010-11-16,13.43,21.82,2.79,37.9,21.68
2010-11-17,14.23,21.51,2.37,30.6,21.18
2010-11-18,14.43,20.95,2.73,29.79,20.19
2010-11-19,15.15,21.85,1.97,23.3,19.93
2010-11-20,16.42,21.76,1.35,21.76,19.12
2010-11-21,16.54,21.38,1.83,23.1,19.58
2010-11-22,4.61,20.26,2.79,34.51,19.63
2010-11-23,15.58,20.27,3.2,66.87,20.67
2010-11-24,12.28,20.73,2.62,60.4,21.69
2010-11-25,14.4,20.36,2.37,48.92,20.42
2010-11-26,15.81,20.7,1.91,29.42,19.05
2010-11-27,16.48,20.5,1.44,21.53,17.98
2010-11-28,16.47,18.97,2.5,23.81,17.5
2010-11-29,16.45,18.06,2.77,26.44,17.33
2010-11-30,15.42,19.47,1.3,19.95,16.97
2010-12-01,16.45,18.4,2.4,22.05,16.49
2010-12-02,16.11,17.28,3.03,25.14,16.32
2010-12-03,15.51,16.35,2.99,32.65,15.97
2010-12-04,15.0,15.59,3.47,31.28,15.39
2010-12-05,14.83,15.43,3.27,35.06,15.16
2010-12-06,13.62,15.47,2.95,42.73,15.54
2010-12-07,14.13,16.57,2.81,52.32,17.0
2010-12-08,13.79,15.62,2.56,42.88,15.88
2010-12-09,13.04,15.15,2.42,37.1,14.08
2010-12-10,14.24,15.67,1.56,26.09,13.11
2010-12-11,14.67,16.01,1.81,19.93,13.41
2010-12-12,15.15,15.81,2.92,22.55,13.9
2010-12-13,15.12,16.49,2.73,27.99,15.16
2010-12-14,14.93,18.25,0.86,25.87,15.28
2010-12-15,15.05,17.97,1.6,29.08,15.42
2010-12-16,14.86,17.33,2.1,30.25,16.0
2010-12-17,15.26,16.57,2.03,20.31,14.68
2010-12-18,14.45,14.65,2.67,19.12,13.24
2010-12-19,13.71,14.35,2.85,24.2,13.26
2010-12-20,14.51,15.2,2.29,21.59,13.63
2010-12-21,14.46,15.95,2.76,19.74,13.29
2010-12-22,14.4,15.97,2.82,21.0,13.42
2010-12-23,14.0,15.4,2.02,22.44,13.61
2010-12-24,12.02,12.12,3.0,33.52,11.76
2010-12-25,11.96,13.32,2.38,39.8,12.22
2010-12-26,13.62,13.62,2.89,41.95,13.22
2010-12-27,13.09,13.27,3.72,42.63,13.33
2010-12-28,10.7,14.61,3.47,52.65,15.16
2010-12-29,10.85,15.71,2.55,75.85,16.67
2010-12-30,13.23,14.28,3.32,59.85,13.88
2010-12-31,14.57,13.87,3.14,38.68,12.72
2011-01-01,14.72,14.03,1.53,25.68,12.06
2011-01-02,15.76,12.31,2.26,32.87,11.84
2011-01-03,15.33,11.71,3.01,38.08,11.94
2011-01-04,11.43,10.68,2.74,41.28,11.35
2011-01-05,13.58,9.86,3.14,39.38,9.88
2011-01-06,13.61,10.4,2.61,32.67,9.94
2011-01-07,13.26,11.66,1.92,28.67,10.32
2011-01-08,13.06,12.1,2.51,25.26,11.31
2011-01-09,12.69,11.38,3.13,26.22,11.02
2011-01-10,14.4,12.76,2.08,28.23,11.5
2011-01-11,15.2,15.6,1.47,22.54,13.2
2011-01-12,14.87,16.59,1.75,21.08,15.07
2011-01-13,14.33,17.83,1.84,25.25,16.25
2011-01-14,13.95,15.62,3.32,27.63,14.94
2011-01-15,16.43,11.48,3.48,18.47,10.43
2011-01-16,16.09,13.55,1.52,11.53,11.28
2011-01-17,15.63,14.64,2.9,13.17,13.83
2011-01-18,16.2,16.25,2.67,15.89,15.16
2011-01-19,16.01,15.3,2.27,19.24,14.55
2011-01-20,14.61,17.46,2.7,18.76,16.57
2011-01-21,14.47,17.43,2.86,28.26,17.62
2011-01-22,10.51,17.64,2.94,33.57,18.3
2011-01-23,15.19,17.05,3.15,27.93,17.63
2011-01-24,15.72,15.9,3.16,27.13,16.43
2011-01-25,16.6,15.38,3.16,27.64,15.87
2011-01-26,16.45,14.76,3.68,30.02,15.05
2011-01-27,16.88,13.94,3.14,26.42,13.96
2011-01-28,16.69,14.54,2.63,24.57,14.58
2011-01-29,10.55,16.04,4.16,24.0,16.74
2011-01-30,16.3,15.23,3.54,31.61,16.16
2011-01-31,17.14,15.11,3.0,36.77,15.93
2011-02-01,17.4,17.6,2.11,33.87,17.14
2011-02-02,17.63,20.26,2.0,26.81,18.82
2011-02-03,18.09,21.02,2.52,25.68,20.06
2011-02-04,17.09,21.18,4.51,24.44,20.57
2011-02-05,17.41,20.56,2.14,27.86,20.31
2011-02-06,17.03,20.26,3.4,36.94,20.36
2011-02-07,16.78,18.45,5.09,44.66,18.76
2011-02-08,19.91,17.24,1.74,15.23,16.87
2011-02-09,19.28,15.56,2.94,18.04,16.5
2011-02-10,18.39,18.04,2.86,19.26,18.7
2011-02-11,18.22,19.69,3.63,21.51,20.5
2011-02-12,17.21,19.02,2.71,32.98,20.34
2011-02-13,6.15,16.78,3.12,51.48,18.49
2011-02-14,7.38,16.84,1.79,67.83,17.85
2011-02-15,10.96,17.39,2.23,52.93,18.3
2011-02-16,19.49,16.67,2.31,36.4,17.34
2011-02-17,19.39,18.15,1.78,30.69,18.71
2011-02-18,13.26,18.33,3.27,35.84,19.32
2011-02-19,18.21,18.31,2.48,40.41,20.28
2011-02-20,19.07,18.74,3.23,39.34,20.21
2011-02-21,19.99,15.81,3.71,51.36,17.54
2011-02-22,20.47,18.21,2.03,39.29,19.63
2011-02-23,20.28,19.13,2.39,33.4,20.61
2011-02-24,18.38,19.59,2.75,38.22,21.26
2011-02-25,15.14,18.51,4.08,49.26,19.86
2011-02-26,20.29,17.87,3.24,50.54,19.88
2011-02-27,20.76,17.94,4.4,36.35,18.87
2011-02-28,19.34,18.82,3.78,34.56,20.21
2011-03-01,11.08,18.99,5.27,40.81,20.24
2011-03-02,18.7,21.47,3.51,42.32,23.94
2011-03-03,12.71,20.03,2.96,52.75,22.51
2011-03-04,19.92,19.71,4.4,54.81,21.9
2011-03-05,20.28,20.97,2.8,53.08,23.66
2011-03-06,20.92,21.37,3.64,41.75,23.37
2011-03-07,19.54,22.51,3.13,34.49,24.7
2011-03-08,21.06,22.76,3.1,31.26,24.63
2011-03-09,23.93,21.31,2.61,16.41,21.97
2011-03-10,24.46,21.96,2.49,15.15,22.13
2011-03-11,24.34,23.53,1.7,15.74,23.34
2011-03-12,23.85,24.92,2.71,12.26,23.8
2011-03-13,23.71,27.63,1.53,10.63,26.33
2011-03-14,24.05,27.96,2.57,14.73,28.4
2011-03-15,24.32,27.91,3.37,17.66,29.12
2011-03-16,24.05,28.48,2.31,16.71,29.32
2011-03-17,23.19,29.89,3.26,16.33,29.51
2011-03-18,21.5,28.94,4.58,20.7,29.7
2011-03-19,21.37,28.04,5.87,19.93,28.69
2011-03-20,24.9,26.09,3.17,10.92,27.21
2011-03-21,23.98,26.38,2.17,9.37,27.06
2011-03-22,25.36,25.93,2.31,10.05,27.0
2011-03-23,24.31,27.41,1.39,11.27,27.66
2011-03-24,24.6,28.09,1.86,14.01,27.83
2011-03-25,25.41,28.48,1.5,15.17,29.57
2011-03-26,25.57,29.19,3.54,16.56,30.5
2011-03-27,24.78,30.17,3.83,17.7,31.78
2011-03-28,24.02,29.87,5.41,21.08,31.21
2011-03-29,23.42,27.76,2.36,18.2,30.07
2011-03-30,24.97,28.53,1.38,16.46,30.63
2011-03-31,24.28,28.2,2.46,18.64,30.76
2011-04-01,23.23,28.26,3.19,17.76,30.41
2011-04-02,26.61,25.66,3.35,7.71,27.27
2011-04-03,26.31,25.56,3.17,17.56,27.16
2011-04-04,27.13,26.7,3.44,16.51,27.67
2011-04-05,26.08,26.65,3.6,10.77,27.76
2011-04-06,21.66,26.03,3.1,17.7,27.62
2011-04-07,23.86,26.48,3.97,23.53,28.19
2011-04-08,19.62,28.16,2.32,20.7,30.25
2011-04-09,22.62,30.36,1.87,19.09,32.57
2011-04-10,23.4,31.0,3.49,21.2,32.75
2011-04-11,14.83,26.97,5.0,33.85,28.46
2011-04-12,20.16,26.83,2.97,38.97,29.63
2011-04-13,25.75,29.18,2.35,29.06,32.53
2011-04-14,25.93,31.38,1.45,23.2,34.83
2011-04-15,25.23,33.0,2.07,20.92,34.78
2011-04-16,21.21,30.23,4.07,32.31,33.21
2011-04-17,25.31,27.39,4.2,37.45,30.56
2011-04-18,27.93,29.24,2.88,15.54,30.51
2011-04-19,28.38,27.9,3.26,21.83,30.89
2011-04-20,28.69,29.92,2.66,18.91,32.55
2011-04-21,28.61,31.78,1.65,11.42,33.45
2011-04-22,29.19,31.63,2.25,11.18,33.38
2011-04-23,28.82,33.09,2.33,9.6,33.57
2011-04-24,28.31,33.54,2.14,9.66,34.62
2011-04-25,28.32,33.72,3.28,11.33,35.18
2011-04-26,27.94,33.92,4.13,13.41,35.83
2011-04-27,27.76,34.72,4.68,13.65,36.48
2011-04-28,26.43,34.19,5.03,21.92,36.58
2011-04-29,26.19,32.54,5.46,27.43,34.19
2011-04-30,27.66,31.96,4.93,31.18,34.12
2011-05-01,27.47,33.68,3.52,24.14,36.36
2011-05-02,27.26,34.36,3.66,22.06,37.26
2011-05-03,26.82,34.7,5.72,29.04,37.02
2011-05-04,27.12,34.19,5.49,31.01,36.88
2011-05-05,26.71,34.73,4.13,26.43,37.47
2011-05-06,26.13,34.44,2.28,21.91,37.94
2011-05-07,27.46,34.59,2.88,21.88,37.67
2011-05-08,28.01,35.76,4.93,17.41,37.4
2011-05-09,27.83,36.1,7.17,19.68,38.04
2011-05-10,27.7,35.17,5.6,26.45,37.92
2011-05-11,27.26,35.28,6.99,30.48,37.45
2011-05-12,27.41,35.6,5.14,28.23,38.11
2011-05-13,27.78,36.47,3.82,25.17,38.66
2011-05-14,26.4,37.08,3.05,21.32,39.88
2011-05-15,27.16,37.88,2.88,22.87,41.44
2011-05-16,27.1,38.64,2.47,18.44,41.95
2011-05-17,25.71,38.51,2.92,17.19,41.54
2011-05-18,27.61,38.23,5.22,20.35,40.96
2011-05-19,27.26,37.34,6.5,24.7,39.8
2011-05-20,25.74,36.77,5.76,33.31,39.7
2011-05-21,25.39,36.68,7.37,32.97,39.36
2011-05-22,24.18,35.9,6.44,38.49,38.92
2011-05-23,25.46,35.92,4.52,36.55,39.49
2011-05-24,26.91,36.43,6.63,32.5,39.0
2011-05-25,23.53,35.82,5.29,35.51,39.0
2011-05-26,25.84,36.57,5.34,34.7,40.1
2011-05-27,26.78,36.86,3.9,31.18,40.42
2011-05-28,26.2,36.79,4.13,29.45,40.13
2011-05-29,27.32,37.45,5.43,24.95,40.37
2011-05-30,27.18,36.81,6.53,28.6,39.43
2011-05-31,27.22,37.16,6.74,32.47,40.04
2011-06-01,24.48,35.37,7.47,38.05,38.18
2011-06-02,20.25,35.56,3.38,35.71,39.52
2011-06-03,21.62,36.89,1.85,23.83,40.9
2011-06-04,24.06,37.92,1.94,20.43,41.42
2011-06-05,25.94,39.4,2.39,15.94,41.96
2011-06-06,26.27,40.8,2.16,12.1,42.64
2011-06-07,26.98,40.2,3.75,12.77,42.33
2011-06-08,27.92,39.8,6.67,12.86,41.73
2011-06-09,27.23,38.18,7.0,21.99,40.47
2011-06-10,26.74,37.28,7.24,30.76,39.78
2011-06-11,27.18,36.91,6.29,33.08,39.82
2011-06-12,26.73,37.55,4.53,31.67,41.14
2011-06-13,25.87,37.56,5.22,37.04,41.49
2011-06-14,26.55,38.76,6.4,34.62,42.16
2011-06-15,23.97,37.16,7.49,35.68,40.22
2011-06-16,26.69,36.99,6.68,38.44,40.65
2011-06-17,25.92,37.05,6.4,35.97,40.74
2011-06-18,25.71,36.84,5.53,37.01,40.66
2011-06-19,22.71,37.81,6.11,36.56,41.64
2011-06-20,22.72,38.21,5.46,33.75,41.96
2011-06-21,22.85,38.05,5.05,33.89,41.79
2011-06-22,22.93,39.03,2.99,30.85,43.51
2011-06-23,23.44,38.23,4.52,35.18,41.93
2011-06-24,21.9,38.34,7.33,33.86,41.38
2011-06-25,23.49,38.08,6.72,34.92,41.62
2011-06-26,21.7,37.56,6.21,36.38,40.74
2011-06-27,22.86,37.16,4.35,38.29,41.16
2011-06-28,19.69,38.59,5.05,34.28,42.61
2011-06-29,18.76,36.35,5.79,38.23,40.32
2011-06-30,21.28,36.51,6.6,38.95,40.03
2011-07-01,19.49,35.61,7.04,41.41,39.04
2011-07-02,21.05,35.77,6.17,39.21,39.27
2011-07-03,22.4,35.93,6.36,37.56,39.04
2011-07-04,21.06,36.09,3.9,36.36,39.99
2011-07-05,21.57,37.32,2.8,29.2,41.65
2011-07-06,20.75,37.88,3.17,29.22,41.02
2011-07-07,22.08,37.59,3.39,32.31,41.37
2011-07-08,21.0,36.65,3.1,41.74,38.7
2011-07-09,22.66,32.33,4.03,60.73,33.51
2011-07-10,19.74,30.97,4.15,66.74,32.09
2011-07-11,24.54,32.58,3.75,55.94,34.87
2011-07-12,25.39,34.98,4.48,42.98,37.65
2011-07-13,26.07,36.15,3.61,34.86,39.57
2011-07-14,24.87,37.16,2.95,35.93,42.09
2011-07-15,23.5,33.89,4.57,56.72,35.02
2011-07-16,16.03,32.16,2.53,63.69,33.66
2011-07-17,22.32,34.22,2.39,50.59,37.05
2011-07-18,16.93,36.26,3.25,39.52,39.03
2011-07-19,22.06,36.72,2.9,36.68,40.15
2011-07-20,25.34,35.96,6.23,38.44,38.74
2011-07-21,24.22,35.0,6.44,40.77,37.79
2011-07-22,25.42,35.19,6.09,38.68,37.99
2011-07-23,23.52,35.32,5.18,41.5,38.56
2011-07-24,22.32,36.19,3.76,37.87,39.7
2011-07-25,23.81,35.32,5.2,45.66,38.48
2011-07-26,22.52,35.24,4.02,49.34,38.88
2011-07-27,20.2,35.27,5.27,51.17,37.75
2011-07-28,23.44,33.11,4.34,60.89,33.43
2011-07-29,24.83,33.76,4.3,52.21,35.9
2011-07-30,25.19,35.4,4.52,45.33,38.93
2011-07-31,24.98,35.64,4.65,44.75,38.79
2011-08-01,26.27,35.11,5.56,46.23,37.54
2011-08-02,26.33,36.22,4.85,43.29,39.76
2011-08-03,27.08,36.63,5.47,42.02,40.13
2011-08-04,25.96,36.48,5.47,41.63,40.19
2011-08-05,23.42,36.3,5.7,42.68,39.28
2011-08-06,24.1,36.39,5.04,39.04,39.6
2011-08-07,23.77,36.66,4.52,39.07,39.86
2011-08-08,18.53,36.24,4.65,41.35,39.18
2011-08-09,18.6,32.21,2.28,59.69,34.42
2011-08-10,23.11,32.64,2.97,59.5,34.98
2011-08-11,19.28,33.38,3.83,56.17,35.87
2011-08-12,19.74,32.84,3.99,55.77,35.01
2011-08-13,13.9,28.86,5.02,77.34,29.3
2011-08-14,14.04,28.85,4.39,79.66,28.96
2011-08-15,18.75,29.58,2.53,73.04,31.16
2011-08-16,24.44,31.72,4.04,62.08,33.82
2011-08-17,25.23,31.82,4.53,56.64,34.49
2011-08-18,24.87,33.38,3.46,50.96,36.33
2011-08-19,24.66,33.52,3.87,51.46,36.36
2011-08-20,22.58,33.39,2.57,50.68,35.34
2011-08-21,21.19,32.97,2.1,54.2,35.66
2011-08-22,23.23,34.03,1.85,51.1,37.51
2011-08-23,24.16,34.99,3.96,47.97,37.6
2011-08-24,11.24,32.14,5.48,56.51,33.85
2011-08-25,20.16,31.9,3.28,57.16,35.21
2011-08-26,22.08,33.09,2.82,52.38,36.42
2011-08-27,23.56,33.71,2.59,52.03,36.79
2011-08-28,18.34,32.08,2.19,61.88,33.48
2011-08-29,21.38,33.36,2.5,55.22,36.0
2011-08-30,16.46,31.29,4.24,68.2,31.6
2011-08-31,17.39,30.08,2.23,76.11,29.72
2011-09-01,17.87,28.82,2.35,84.8,28.78
2011-09-02,18.78,28.2,3.13,83.67,28.22
2011-09-03,22.49,29.88,4.81,67.77,30.29
2011-09-04,19.02,30.71,6.47,65.36,31.46
2011-09-05,6.98,27.19,4.33,84.83,27.35
2011-09-06,15.3,28.26,2.72,81.92,29.03
2011-09-07,16.28,29.03,4.68,78.41,29.05
2011-09-08,17.63,29.27,5.87,77.25,29.51
2011-09-09,13.85,29.72,6.26,71.86,30.84
2011-09-10,20.97,31.25,2.4,63.54,33.17
2011-09-11,22.02,31.69,1.69,59.58,33.17
2011-09-12,20.18,32.39,3.93,57.78,33.92
2011-09-13,19.84,30.98,2.53,64.94,32.51
2011-09-14,20.85,31.04,3.34,65.87,33.02
2011-09-15,22.94,31.21,4.2,61.88,33.14
2011-09-16,21.83,29.89,5.57,61.78,31.09
2011-09-17,16.54,29.27,3.13,69.51,32.01
2011-09-18,21.08,30.14,3.93,65.32,32.31
2011-09-19,21.62,29.88,4.54,59.66,31.59
2011-09-20,22.15,29.48,3.59,55.86,31.35
2011-09-21,22.32,29.26,3.99,56.71,30.99
2011-09-22,22.89,29.28,4.06,58.48,31.1
2011-09-23,22.16,29.59,3.58,54.14,31.31
2011-09-24,21.61,29.69,4.79,54.34,31.13
2011-09-25,21.17,29.13,5.89,57.1,30.33
2011-09-26,21.81,28.86,5.17,60.6,30.25
2011-09-27,22.53,28.84,5.44,60.78,30.12
2011-09-28,22.41,28.69,5.3,59.21,29.87
2011-09-29,22.3,28.28,4.94,58.7,29.53
2011-09-30,22.3,28.24,4.6,56.7,29.48
2011-10-01,22.11,27.96,5.23,54.97,28.98
2011-10-02,21.6,28.09,5.31,54.77,29.18
2011-10-03,21.98,27.78,5.32,59.38,29.05
2011-10-04,22.18,27.3,4.76,59.98,28.71
2011-10-05,22.11,27.49,3.78,54.8,28.83
2011-10-06,21.78,28.11,3.26,52.25,29.49
2011-10-07,21.43,27.98,3.29,48.08,29.2
2011-10-08,20.2,28.72,3.64,46.12,29.86
2011-10-09,20.88,29.46,2.27,44.27,30.69
2011-10-10,20.35,29.65,2.09,41.11,30.85
2011-10-11,19.6,29.52,1.98,34.18,30.46
2011-10-12,19.78,30.03,1.95,35.55,31.07
2011-10-13,19.95,28.82,3.29,31.01,29.77
2011-10-14,20.76,28.36,3.49,26.7,28.6
2011-10-15,20.94,28.53,2.52,29.29,28.2
2011-10-16,20.72,29.72,1.32,21.12,28.4
2011-10-17,20.35,28.2,1.89,24.54,28.5
2011-10-18,19.82,28.08,2.29,26.79,28.37
2011-10-19,18.98,28.92,2.07,27.8,28.77
2011-10-20,19.08,29.35,1.62,28.22,28.69
2011-10-21,18.94,28.65,1.94,32.05,28.58
2011-10-22,18.94,27.97,2.62,34.59,28.17
2011-10-23,18.77,26.72,2.48,39.02,27.56
2011-10-24,17.34,25.39,2.27,42.31,26.17
2011-10-25,17.89,24.83,2.61,40.65,25.42
2011-10-26,18.48,24.86,2.5,32.12,25.4
2011-10-27,19.09,25.3,2.2,25.25,24.69
2011-10-28,18.6,26.65,1.6,19.82,24.48
2011-10-29,18.61,25.53,1.97,24.86,24.97
2011-10-30,18.36,26.08,1.73,23.46,24.8
2011-10-31,18.07,26.43,1.41,24.69,25.05
2011-11-01,17.52,25.72,2.36,33.24,25.37
2011-11-02,16.33,26.1,2.72,38.08,26.48
2011-11-03,13.64,26.47,2.88,54.53,27.21
2011-11-04,16.36,26.94,2.18,50.88,27.88
2011-11-05,15.98,26.82,1.9,44.78,27.96
2011-11-06,16.56,26.71,1.62,35.2,26.64
2011-11-07,16.92,27.06,1.7,32.87,26.97
2011-11-08,14.75,27.06,2.38,37.14,27.54
2011-11-09,13.24,26.61,1.97,41.01,27.65
2011-11-10,14.49,27.34,2.39,39.57,28.81
2011-11-11,15.23,26.04,2.77,47.1,27.28
2011-11-12,16.23,26.75,1.48,36.96,26.11
2011-11-13,16.64,26.44,1.94,31.39,26.07
2011-11-14,16.08,25.87,2.46,31.43,25.54
2011-11-15,16.27,26.19,1.84,37.99,26.12
2011-11-16,16.0,25.37,2.39,36.83,24.81
2011-11-17,16.07,25.52,2.45,31.76,24.45
2011-11-18,15.8,25.76,2.11,32.1,24.47
2011-11-19,16.23,25.91,1.89,30.95,24.86
2011-11-20,15.81,25.0,1.98,28.82,24.5
2011-11-21,15.34,24.34,2.17,28.29,23.59
2011-11-22,14.94,24.35,1.76,28.67,23.14
2011-11-23,14.88,22.48,2.57,33.88,22.5
2011-11-24,12.98,20.98,3.19,44.49,21.44
2011-11-25,13.02,21.2,2.35,51.91,21.64
2011-11-26,12.87,21.3,2.18,42.76,21.14
2011-11-27,13.24,21.01,2.22,41.96,21.52
2011-11-28,14.25,20.5,2.84,41.02,20.62
2011-11-29,14.27,20.61,2.53,35.79,20.21
2011-11-30,11.63,23.2,0.82,30.81,21.92
2011-12-01,12.98,22.82,1.58,30.93,22.31
2011-12-02,13.28,22.32,2.11,28.83,23.24
2011-12-03,13.73,23.92,1.52,29.59,23.25
2011-12-04,14.61,23.98,2.04,34.81,22.72
2011-12-05,14.81,23.16,2.26,32.73,22.14
2011-12-06,14.37,20.08,2.59,28.45,19.73
2011-12-07,13.28,17.83,2.56,45.62,18.4
2011-12-08,12.8,17.22,2.33,51.46,17.93
2011-12-09,14.94,18.18,2.27,33.42,17.86
2011-12-10,15.53,17.01,2.08,22.16,15.52
2011-12-11,15.41,17.79,2.3,16.9,14.63
2011-12-12,15.16,17.86,2.81,18.08,15.15
2011-12-13,14.88,17.77,1.7,19.13,15.8
2011-12-14,14.88,16.59,1.86,22.5,15.27
2011-12-15,15.22,16.08,2.76,23.42,15.24
2011-12-16,15.24,15.33,2.73,22.98,14.99
2011-12-17,15.08,15.24,2.96,23.62,15.05
2011-12-18,15.02,15.53,2.32,25.15,15.41
2011-12-19,14.02,16.17,2.61,31.61,15.93
2011-12-20,13.23,15.19,2.67,27.77,13.98
2011-12-21,12.17,13.33,4.23,30.12,12.77
2011-12-22,14.46,11.72,4.05,30.8,11.72
2011-12-23,14.36,10.68,3.66,24.03,10.24
2011-12-24,13.34,11.68,3.19,23.02,11.03
2011-12-25,14.52,12.75,3.53,22.86,12.52
2011-12-26,14.43,14.04,2.67,23.55,13.51
2011-12-27,13.37,13.75,3.3,25.75,13.49
2011-12-28,11.3,13.56,2.97,34.14,13.53
2011-12-29,11.91,13.13,3.18,35.68,12.7
2011-12-30,11.86,11.07,2.44,31.33,9.88
2011-12-31,12.66,13.15,2.39,29.71,12.14
2012-01-01,15.23,12.36,2.99,25.81,11.21
2012-01-02,14.77,14.63,1.26,20.07,11.9
2012-01-03,14.01,14.55,2.12,20.89,13.06
2012-01-04,10.61,14.92,3.26,24.97,14.17
2012-01-05,12.41,13.51,3.05,36.73,13.92
2012-01-06,12.35,13.63,3.01,39.38,13.1
2012-01-07,15.55,10.4,2.89,17.72,10.32
2012-01-08,13.3,10.52,3.85,34.76,10.74
2012-01-09,14.8,12.09,1.48,31.88,11.4
2012-01-10,14.85,11.34,3.06,31.42,11.44
2012-01-11,14.33,14.05,1.69,26.8,13.16
2012-01-12,15.1,15.11,1.94,28.29,14.07
2012-01-13,15.09,15.99,2.86,33.44,15.2
2012-01-14,13.09,18.15,2.21,39.23,17.34
2012-01-15,9.41,18.9,3.79,58.74,19.16
2012-01-16,13.85,15.95,3.51,47.1,16.87
2012-01-17,15.64,14.11,2.6,36.8,14.44
2012-01-18,16.37,14.17,2.22,30.84,14.16
2012-01-19,16.07,13.3,2.46,28.86,13.65
2012-01-20,16.35,12.67,2.97,28.53,13.07
2012-01-21,15.89,12.81,3.92,30.61,13.37
2012-01-22,13.45,13.58,3.36,32.01,13.96
2012-01-23,16.27,13.0,3.99,31.13,13.59
2012-01-24,11.95,12.44,3.86,43.11,13.19
2012-01-25,14.83,14.48,2.2,44.08,16.28
2012-01-26,15.74,15.11,2.66,34.08,15.84
2012-01-27,16.51,15.01,2.23,30.43,15.65
2012-01-28,17.27,14.73,2.81,28.4,14.97
2012-01-29,17.68,14.19,3.12,25.8,14.41
2012-01-30,17.47,14.81,2.18,22.76,14.3
2012-01-31,16.77,15.73,2.43,20.94,14.75
2012-02-01,16.73,15.31,2.24,23.86,15.45
2012-02-02,16.82,17.27,1.91,22.3,17.58
2012-02-03,14.92,18.59,2.99,20.05,18.37
2012-02-04,14.49,15.03,3.33,38.69,15.6
2012-02-05,18.19,15.25,2.43,36.02,16.36
2012-02-06,18.54,13.76,4.49,39.22,14.81
2012-02-07,19.18,11.81,2.54,19.4,12.66
2012-02-08,19.85,10.5,3.46,14.26,10.34
2012-02-09,19.49,12.76,2.12,10.9,12.02
2012-02-10,19.28,15.12,1.96,9.85,13.69
2012-02-11,14.95,16.87,2.95,12.72,16.15
2012-02-12,17.47,17.46,2.81,16.95,17.51
2012-02-13,17.79,14.25,3.4,44.88,15.44
2012-02-14,18.92,15.36,2.62,18.82,15.94
2012-02-15,20.45,13.54,3.33,24.01,14.73
2012-02-16,19.32,14.26,2.41,14.69,14.33
2012-02-17,16.86,15.01,4.08,15.3,15.73
2012-02-18,18.5,14.98,3.88,18.17,15.98
2012-02-19,18.62,17.69,2.62,23.99,18.93
2012-02-20,19.25,20.47,2.01,24.31,20.91
2012-02-21,18.17,21.56,2.37,30.98,21.97
2012-02-22,18.43,19.38,3.36,29.48,20.37
2012-02-23,20.55,15.84,2.34,18.48,17.54
2012-02-24,20.93,15.46,3.15,16.39,16.71
2012-02-25,22.01,15.31,3.66,13.77,16.44
2012-02-26,21.86,16.84,3.02,12.85,17.86
2012-02-27,20.44,19.68,2.43,12.1,20.04
2012-02-28,21.32,20.92,3.13,15.7,20.22
2012-02-29,22.5,21.79,2.81,15.93,20.73
2012-03-01,21.44,21.45,2.56,20.81,22.8
2012-03-02,21.17,22.12,3.17,18.93,23.35
2012-03-03,19.75,24.04,3.14,24.2,24.97
2012-03-04,18.15,25.75,6.2,37.86,26.45
2012-03-05,19.11,23.7,6.23,36.6,24.57
2012-03-06,21.35,21.94,2.42,19.58,23.21
2012-03-07,23.74,19.75,5.58,8.13,20.16
2012-03-08,23.76,18.05,6.19,11.14,18.74
2012-03-09,23.71,19.38,1.35,10.12,19.3
2012-03-10,23.54,19.91,3.32,9.13,19.41
2012-03-11,23.34,19.93,3.26,12.61,20.6
2012-03-12,22.68,21.29,3.29,16.19,21.64
2012-03-13,23.46,19.83,2.7,23.21,21.25
2012-03-14,22.6,22.43,2.6,15.32,23.18
2012-03-15,22.52,23.41,2.3,15.02,24.9
2012-03-16,22.93,25.81,3.3,15.22,25.87
2012-03-17,22.45,27.07,1.63,18.03,27.54
2012-03-18,23.55,27.73,1.6,17.65,28.64
2012-03-19,24.06,28.55,5.48,19.28,28.74
2012-03-20,26.73,22.13,5.89,6.43,23.18
2012-03-21,25.55,21.32,2.61,6.98,22.55
2012-03-22,23.66,23.15,2.41,8.04,24.38
2012-03-23,24.3,24.64,2.81,8.53,25.38
2012-03-24,21.83,27.26,1.75,8.96,26.84
2012-03-25,22.56,28.51,3.09,11.64,29.69
2012-03-26,21.47,27.47,4.7,22.35,28.95
2012-03-27,18.35,25.95,3.57,24.76,26.98
2012-03-28,20.81,25.13,4.16,24.33,26.35
2012-03-29,23.94,27.59,2.48,22.49,29.54
2012-03-30,25.03,30.63,4.02,19.06,30.81
2012-03-31,24.62,32.71,2.42,16.36,33.21
2012-04-01,23.95,32.61,2.6,16.77,33.9
2012-04-02,22.19,29.62,2.83,20.98,30.95
2012-04-03,23.61,30.44,3.57,24.99,32.35
2012-04-04,23.18,31.98,1.56,21.67,33.92
2012-04-05,25.04,33.43,1.36,17.04,34.8
2012-04-06,26.31,32.6,3.94,13.46,33.32
2012-04-07,24.96,30.8,2.82,13.86,33.3
2012-04-08,24.58,32.9,2.48,16.55,34.99
2012-04-09,25.22,33.83,2.0,17.26,36.03
2012-04-10,24.78,32.25,3.96,24.18,34.82
2012-04-11,25.87,32.56,3.65,17.16,34.07
2012-04-12,25.6,30.72,3.22,16.84,33.76
2012-04-13,24.42,30.05,2.04,19.56,31.46
2012-04-14,22.37,27.38,3.94,41.22,27.21
2012-04-15,26.34,27.57,1.51,39.1,30.25
2012-04-16,25.03,31.05,2.05,29.44,33.37
2012-04-17,23.3,29.72,2.42,37.53,32.8
2012-04-18,25.3,30.67,2.49,36.05,33.41
2012-04-19,18.83,30.31,4.88,34.59,31.94
2012-04-20,16.8,28.26,4.94,32.94,30.11
2012-04-21,24.69,29.01,3.47,29.77,30.91
2012-04-22,26.41,29.56,2.33,28.2,31.84
2012-04-23,22.64,30.84,1.85,27.81,33.7
2012-04-24,25.77,30.93,1.39,30.91,32.92
2012-04-25,24.53,31.53,1.18,26.69,32.97
2012-04-26,24.99,31.12,1.98,26.57,33.53
2012-04-27,25.8,30.75,2.66,26.95,33.65
2012-04-28,27.49,31.13,5.4,18.42,31.93
2012-04-29,28.16,31.2,3.65,13.06,31.36
2012-04-30,29.02,30.38,3.77,12.7,31.26
2012-05-01,29.58,30.47,3.47,10.96,31.84
2012-05-02,28.31,30.92,2.73,12.06,33.72
2012-05-03,27.81,32.57,3.64,14.58,34.82
2012-05-04,28.06,34.35,1.81,12.82,36.27
2012-05-05,27.68,34.82,2.96,12.54,36.09
2012-05-06,24.38,34.35,3.69,24.34,36.38
2012-05-07,24.03,34.3,4.07,26.32,36.31
2012-05-08,24.87,34.67,3.84,27.58,37.22
2012-05-09,25.44,35.42,5.23,28.65,37.75
2012-05-10,25.67,34.89,5.11,29.98,36.54
2012-05-11,23.75,33.8,4.34,34.44,35.81
2012-05-12,26.7,34.19,3.94,33.03,37.4
2012-05-13,24.71,33.81,3.29,32.44,36.69
2012-05-14,26.06,33.6,3.67,28.41,36.16
2012-05-15,27.56,35.14,5.8,25.49,36.99
2012-05-16,26.05,35.7,6.63,28.08,37.98
2012-05-17,25.78,34.97,3.92,30.33,37.04
2012-05-18,22.0,35.28,3.43,30.15,37.56
2012-05-19,26.85,35.88,4.29,25.03,38.03
2012-05-20,26.16,35.87,5.04,24.63,38.17
2012-05-21,26.34,34.85,4.85,26.24,37.2
2012-05-22,25.41,35.99,2.85,14.01,38.46
2012-05-23,27.84,36.87,2.06,14.79,39.37
2012-05-24,28.37,36.91,3.86,19.61,39.42
2012-05-25,26.19,36.0,5.7,28.08,38.9
2012-05-26,25.41,34.73,5.77,27.94,37.24
2012-05-27,25.65,35.9,2.52,16.1,39.0
2012-05-28,27.45,37.34,4.87,18.11,39.53
2012-05-29,27.77,37.37,6.56,22.07,39.38
2012-05-30,27.18,37.79,8.3,23.47,39.6
2012-05-31,26.5,37.47,7.93,25.19,39.4
2012-06-01,26.25,37.85,6.73,30.78,40.51
2012-06-02,27.13,36.41,6.96,31.3,39.08
2012-06-03,26.77,36.05,7.49,31.33,38.47
2012-06-04,27.68,35.69,7.36,36.6,38.31
2012-06-05,25.75,35.83,7.43,35.65,38.41
2012-06-06,21.02,34.13,3.92,38.64,36.08
2012-06-07,22.64,33.94,2.75,36.01,36.54
2012-06-08,25.71,35.67,3.51,31.78,38.74
2012-06-09,25.15,36.1,6.08,29.42,38.67
2012-06-10,26.88,34.83,6.42,32.89,37.56
2012-06-11,28.21,35.23,4.86,30.55,38.45
2012-06-12,25.68,36.27,3.76,30.73,39.76
2012-06-13,24.55,37.86,1.88,25.87,42.26
2012-06-14,25.31,38.51,4.59,27.12,41.91
2012-06-15,21.47,38.45,6.18,27.78,41.57
2012-06-16,27.1,38.12,6.67,30.82,41.57
2012-06-17,27.06,37.32,5.91,32.35,40.73
2012-06-18,27.03,37.28,5.35,31.05,40.73
2012-06-19,26.87,37.13,4.71,29.38,40.5
2012-06-20,27.05,36.99,6.97,31.62,39.71
2012-06-21,26.7,36.84,7.42,35.55,39.89
2012-06-22,25.75,36.68,7.51,36.16,39.53
2012-06-23,23.11,36.86,7.44,36.22,39.8
2012-06-24,25.67,37.11,7.6,35.53,40.04
2012-06-25,25.5,36.19,7.22,35.92,39.41
2012-06-26,23.41,35.86,7.04,36.28,39.31
2012-06-27,24.16,35.99,7.01,38.16,39.4
2012-06-28,24.04,35.62,6.2,37.79,38.94
2012-06-29,25.74,36.47,5.44,35.33,39.94
2012-06-30,26.91,37.29,6.38,30.56,40.08
2012-07-01,27.14,37.44,6.88,28.04,40.16
2012-07-02,28.13,38.22,5.82,28.84,41.21
2012-07-03,27.48,39.14,5.45,24.69,42.25
2012-07-04,26.68,39.54,7.01,27.42,42.43
2012-07-05,21.67,37.73,9.09,36.34,40.61
2012-07-06,23.02,36.91,8.05,39.18,40.07
2012-07-07,22.67,36.8,8.38,42.15,39.98
2012-07-08,22.35,37.5,4.79,38.25,41.26
2012-07-09,23.74,38.69,2.61,31.6,42.94
2012-07-10,24.28,39.28,3.76,31.62,43.32
2012-07-11,20.68,36.87,3.89,42.39,41.51
2012-07-12,23.97,35.86,6.01,46.04,39.58
2012-07-13,24.38,36.34,7.92,43.87,39.38
2012-07-14,15.46,34.41,5.44,48.18,37.67
2012-07-15,21.34,34.13,5.54,47.36,36.59
2012-07-16,23.73,34.78,4.24,43.98,38.14
2012-07-17,25.96,36.56,4.33,39.2,40.55
2012-07-18,27.03,36.71,7.31,37.76,39.53
2012-07-19,25.49,35.79,8.13,42.92,38.67
2012-07-20,24.52,36.36,5.35,41.55,39.57
2012-07-21,21.02,35.98,2.98,41.72,39.25
2012-07-22,24.91,37.29,1.41,36.31,41.24
2012-07-23,22.94,37.96,3.48,31.07,41.59
2012-07-24,24.76,36.67,7.2,36.6,39.59
2012-07-25,22.8,36.18,6.75,39.2,39.44
2012-07-26,22.24,36.84,4.49,35.79,40.48
2012-07-27,22.65,36.99,3.43,34.71,40.72
2012-07-28,22.01,36.84,4.05,33.5,39.86
2012-07-29,23.69,36.04,6.16,32.99,39.0
2012-07-30,20.49,34.68,6.55,38.36,37.58
2012-07-31,22.5,34.87,6.86,39.23,37.69
2012-08-01,23.02,35.58,6.98,37.5,38.27
2012-08-02,23.42,34.58,7.35,40.28,37.03
2012-08-03,22.26,34.78,7.47,40.44,37.44
2012-08-04,22.13,34.8,6.06,42.2,37.8
2012-08-05,19.76,34.83,2.97,41.08,39.41
2012-08-06,21.24,36.08,1.72,35.49,40.11
2012-08-07,19.36,36.05,1.53,36.7,40.15
2012-08-08,19.53,33.63,4.52,51.81,35.16
2012-08-09,23.51,33.2,4.75,49.98,35.6
2012-08-10,24.2,33.72,3.34,46.97,35.84
2012-08-11,13.06,33.02,3.63,50.49,35.19
2012-08-12,16.96,32.38,2.21,53.09,35.25
2012-08-13,18.55,32.56,2.14,56.78,34.26
2012-08-14,16.79,30.57,3.24,68.54,30.85
2012-08-15,10.84,29.97,1.81,72.05,31.06
2012-08-16,10.99,29.61,1.78,70.82,31.07
2012-08-17,16.97,29.86,3.12,67.72,31.68
2012-08-18,21.39,31.91,4.01,56.65,33.72
2012-08-19,25.11,33.13,4.23,50.1,35.41
2012-08-20,24.04,31.53,3.95,58.57,33.86
2012-08-21,22.8,31.21,4.93,59.14,33.11
2012-08-22,19.85,32.17,5.16,54.37,34.5
2012-08-23,14.97,31.14,4.87,60.69,32.8
2012-08-24,17.85,30.91,4.96,59.55,32.64
2012-08-25,24.02,32.47,4.47,53.54,35.28
2012-08-26,24.35,32.53,2.92,53.13,36.18
2012-08-27,21.23,33.17,2.14,50.17,36.54
2012-08-28,20.78,32.14,2.35,54.43,34.36
2012-08-29,15.56,32.2,2.5,54.97,34.81
2012-08-30,19.41,30.91,2.98,64.38,33.3
2012-08-31,22.52,32.2,3.0,59.39,34.97
2012-09-01,22.12,32.6,2.54,56.25,35.81
2012-09-02,22.44,33.28,2.03,52.09,36.53
2012-09-03,15.63,32.91,2.47,55.77,34.93
2012-09-04,21.86,30.68,3.42,68.37,31.9
2012-09-05,15.12,30.22,4.13,65.81,32.28
2012-09-06,20.09,31.01,4.42,62.46,33.73
2012-09-07,13.36,31.05,6.3,60.24,32.59
2012-09-08,10.98,27.5,6.04,82.38,27.76
2012-09-09,17.05,27.14,5.75,84.7,26.99
2012-09-10,20.26,29.34,3.84,75.75,29.93
2012-09-11,18.92,30.08,2.52,70.15,31.23
2012-09-12,22.27,30.92,2.44,65.09,32.69
2012-09-13,20.74,30.81,4.47,66.65,32.58
2012-09-14,20.12,31.49,5.25,61.86,33.14
2012-09-15,20.21,31.04,5.21,58.8,32.8
2012-09-16,16.35,30.27,4.98,58.59,32.1
2012-09-17,17.31,29.77,3.68,60.12,31.77
2012-09-18,15.29,28.58,1.77,64.43,30.14
2012-09-19,19.99,29.04,1.64,57.85,29.91
2012-09-20,22.23,30.15,2.01,47.89,31.3
2012-09-21,21.48,30.04,4.23,50.99,31.24
2012-09-22,22.46,29.87,4.23,45.99,30.54
2012-09-23,21.97,28.6,3.93,46.04,29.78
2012-09-24,22.88,28.18,4.25,46.02,29.44
2012-09-25,22.89,27.68,4.07,51.92,29.12
2012-09-26,22.75,28.4,3.66,52.43,30.0
2012-09-27,22.07,29.05,2.89,50.15,30.81
2012-09-28,22.27,29.68,2.94,43.88,30.87
2012-09-29,22.15,29.88,3.02,41.27,30.94
2012-09-30,22.5,30.87,2.34,31.13,30.99
2012-10-01,22.53,30.63,2.28,28.34,30.65
2012-10-02,21.98,31.12,2.22,28.01,30.98
2012-10-03,21.92,30.88,2.19,35.75,31.7
2012-10-04,22.23,30.2,2.18,30.66,30.73
2012-10-05,22.07,28.38,3.64,33.57,29.13
2012-10-06,21.45,28.59,3.64,35.6,29.03
2012-10-07,20.53,29.17,2.73,37.06,30.26
2012-10-08,21.26,28.61,1.8,25.04,28.82
2012-10-09,21.86,29.03,1.37,20.19,27.7
2012-10-10,21.57,28.98,1.91,22.26,27.72
2012-10-11,21.42,28.42,2.75,26.54,27.8
2012-10-12,20.4,27.27,4.45,33.08,27.6
2012-10-13,20.29,27.29,3.13,42.26,28.32
2012-10-14,20.04,27.86,2.33,38.6,28.57
2012-10-15,19.57,28.31,2.47,42.19,28.98
2012-10-16,18.77,27.05,1.79,40.08,28.31
2012-10-17,18.97,25.97,2.37,43.79,27.59
2012-10-18,18.32,25.63,3.07,41.97,26.46
2012-10-19,18.11,25.83,2.57,38.44,26.93
2012-10-20,15.6,26.09,2.28,36.93,27.43
2012-10-21,17.96,25.58,3.02,41.6,26.77
2012-10-22,17.01,25.28,3.2,40.15,26.33
2012-10-23,17.68,24.6,2.88,40.87,25.76
2012-10-24,19.33,23.79,2.23,34.11,24.37
2012-10-25,19.9,23.63,2.58,29.44,23.74
2012-10-26,19.59,22.93,2.75,29.85,23.81
2012-10-27,19.17,23.0,2.4,32.97,23.81
2012-10-28,18.8,23.89,1.84,28.8,24.09
2012-10-29,18.71,24.39,1.42,25.71,23.67
2012-10-30,19.25,24.52,2.04,26.35,24.18
2012-10-31,18.74,24.71,1.88,25.07,24.28
2012-11-01,17.87,23.63,2.33,27.03,23.62
2012-11-02,16.65,23.26,2.61,29.0,22.97
2012-11-03,16.99,23.63,2.18,30.76,23.55
2012-11-04,16.75,24.73,1.91,28.48,23.63
2012-11-05,16.58,23.77,2.73,31.38,22.67
2012-11-06,16.74,23.95,2.05,29.95,23.29
2012-11-07,16.63,24.16,1.47,28.16,22.6
2012-11-08,16.53,24.21,2.6,28.25,22.79
2012-11-09,16.65,24.13,2.73,36.15,23.27
2012-11-10,16.51,23.96,2.14,32.24,23.54
2012-11-11,15.8,23.4,1.52,27.8,22.64
2012-11-12,16.86,23.22,2.17,28.18,22.43
2012-11-13,16.85,22.17,2.52,30.57,22.36
2012-11-14,15.93,22.98,1.22,24.32,21.2
2012-11-15,16.67,22.12,2.01,23.47,21.1
2012-11-16,16.69,21.96,2.51,26.52,21.03
2012-11-17,15.95,21.78,2.5,29.75,21.6
2012-11-18,14.27,20.67,2.55,32.44,20.58
2012-11-19,14.48,19.76,2.95,32.75,19.26
2012-11-20,15.55,19.11,2.43,28.0,18.19
2012-11-21,15.59,19.39,1.9,28.36,18.88
2012-11-22,14.59,19.34,2.58,28.75,18.76
2012-11-23,15.37,20.08,2.17,27.55,18.46
2012-11-24,15.7,19.6,3.13,29.76,19.18
2012-11-25,15.2,18.65,2.71,30.87,18.52
2012-11-26,15.15,18.32,2.21,32.55,17.77
2012-11-27,15.34,18.53,2.34,31.72,18.24
2012-11-28,15.11,19.85,2.88,28.27,19.24
2012-11-29,14.05,19.48,3.63,34.67,19.65
2012-11-30,15.95,16.99,3.2,31.81,16.36
2012-12-01,15.81,17.43,1.6,21.28,16.25
2012-12-02,15.14,16.81,2.61,23.62,15.98
2012-12-03,15.18,16.5,2.94,25.84,15.93
2012-12-04,14.75,16.69,2.46,23.17,15.98
2012-12-05,14.91,18.37,1.85,21.86,16.87
2012-12-06,14.72,19.67,1.9,22.43,17.46
2012-12-07,13.13,18.73,1.59,22.53,16.27
2012-12-08,14.81,19.78,1.81,23.88,17.82
2012-12-09,14.83,20.16,1.63,28.0,18.57
2012-12-10,14.92,18.71,2.09,33.2,18.02
2012-12-11,14.98,19.32,1.96,28.8,17.57
2012-12-12,12.77,17.98,3.35,29.8,17.41
2012-12-13,10.96,16.76,4.87,44.15,17.16
2012-12-14,8.94,14.99,3.35,61.71,15.76
2012-12-15,8.16,14.83,4.02,55.45,15.55
2012-12-16,10.53,14.27,3.72,52.14,14.73
2012-12-17,12.76,14.95,3.07,45.44,15.43
2012-12-18,14.11,16.4,2.43,48.58,16.57
2012-12-19,14.69,15.65,2.87,46.47,15.32
2012-12-20,15.36,17.36,1.54,30.43,15.98
2012-12-21,15.68,15.93,2.5,27.58,15.3
2012-12-22,15.64,15.49,2.28,28.52,14.68
2012-12-23,15.77,15.34,2.75,26.59,14.61
2012-12-24,15.04,14.63,3.09,27.53,14.55
2012-12-25,14.73,15.17,2.64,29.19,14.51
2012-12-26,14.47,16.42,2.0,29.44,15.23
2012-12-27,14.68,17.54,2.89,26.94,16.54
2012-12-28,13.4,14.83,3.45,28.03,13.99
2012-12-29,13.77,12.2,4.01,31.74,12.27
2012-12-30,14.45,11.54,2.89,47.19,11.56
2012-12-31,14.84,12.82,2.32,41.41,11.84
2013-01-01,15.3,12.63,2.38,38.27,12.25
2013-01-02,15.37,12.07,2.7,33.79,11.87
2013-01-03,15.24,11.74,2.57,31.38,11.67
2013-01-04,14.2,11.29,3.59,31.7,11.54
2013-01-05,15.1,10.34,2.69,28.29,10.23
2013-01-06,15.14,9.93,3.05,28.13,10.05
2013-01-07,14.99,10.39,2.74,26.56,10.79
2013-01-08,14.87,11.9,2.19,25.95,11.83
2013-01-09,13.82,12.66,2.49,28.32,12.79
2013-01-10,14.35,14.78,1.74,33.66,14.0
2013-01-11,14.76,17.92,2.1,42.47,17.0
2013-01-12,14.02,19.54,4.46,47.5,19.48
2013-01-13,14.64,16.75,2.82,42.63,16.31
2013-01-14,15.49,15.1,2.25,32.09,14.19
2013-01-15,14.47,13.88,2.49,28.4,13.57
2013-01-16,13.44,14.25,2.26,34.83,13.87
2013-01-17,9.11,12.51,2.83,49.35,12.11
2013-01-18,15.08,11.73,3.72,43.04,11.5
2013-01-19,17.17,11.91,2.81,27.63,10.98
2013-01-20,17.24,11.92,2.54,26.98,11.22
2013-01-21,16.68,12.36,1.98,25.14,11.08
2013-01-22,16.6,12.61,2.51,26.12,11.7
2013-01-23,17.05,13.02,2.81,25.68,13.24
2013-01-24,16.38,13.15,2.83,26.28,12.93
2013-01-25,16.6,14.8,2.12,25.09,13.73
2013-01-26,16.74,16.36,2.23,25.16,15.21
2013-01-27,15.35,17.22,2.09,23.32,15.53
2013-01-28,16.89,18.25,2.32,22.67,17.15
2013-01-29,17.51,18.25,2.1,22.01,16.87
2013-01-30,15.46,17.16,3.87,25.62,17.16
2013-01-31,13.46,17.34,3.4,26.76,16.64
2013-02-01,10.16,16.54,3.38,32.2,16.09
2013-02-02,13.64,18.86,3.21,30.81,19.63
2013-02-03,5.38,17.38,2.36,53.71,18.5
2013-02-04,13.81,18.0,3.2,59.08,18.69
2013-02-05,16.31,14.62,4.58,63.69,15.05
2013-02-06,18.44,13.96,4.24,57.41,14.3
2013-02-07,18.75,14.69,1.94,44.68,14.81
2013-02-08,19.54,15.72,1.67,33.27,14.81
2013-02-09,19.5,16.09,1.8,27.56,15.51
2013-02-10,19.07,15.76,3.59,25.71,15.7
2013-02-11,17.71,15.3,3.87,28.16,14.52
2013-02-12,17.76,16.52,3.94,28.74,16.57
2013-02-13,18.35,17.69,3.82,30.02,18.4
2013-02-14,16.99,19.28,3.34,36.76,20.58
2013-02-15,13.76,17.52,5.78,53.44,18.63
2013-02-16,12.22,15.99,4.65,65.19,16.97
2013-02-17,19.8,16.98,2.94,48.34,17.81
2013-02-18,19.8,18.14,2.89,39.3,19.61
2013-02-19,17.33,20.21,2.22,33.94,22.11
2013-02-20,18.81,20.11,2.91,35.96,21.6
2013-02-21,18.28,19.69,4.2,50.99,19.56
2013-02-22,16.89,19.8,2.38,52.5,21.13
2013-02-23,15.93,17.78,3.99,59.09,18.8
2013-02-24,20.07,16.75,3.16,53.21,17.67
2013-02-25,20.68,17.87,2.5,45.99,18.93
2013-02-26,18.28,19.07,4.27,38.35,20.04
2013-02-27,22.26,18.27,4.26,44.35,18.86
2013-02-28,21.91,18.24,2.69,27.85,18.97
2013-03-01,19.92,17.24,3.2,38.43,17.87
2013-03-02,22.5,20.91,1.62,27.44,20.53
2013-03-03,23.58,23.84,1.29,16.47,21.46
2013-03-04,23.36,23.95,1.93,13.96,22.86
2013-03-05,23.08,23.87,2.61,17.41,23.54
2013-03-06,22.61,23.79,2.61,22.7,23.88
2013-03-07,23.58,25.9,1.34,18.41,24.99
2013-03-08,23.3,26.89,2.44,15.59,25.86
2013-03-09,22.64,25.47,5.62,19.96,25.71
2013-03-10,22.03,23.64,2.62,28.48,25.05
2013-03-11,21.32,24.05,2.42,20.63,25.91
2013-03-12,21.62,26.51,1.93,17.33,27.65
2013-03-13,14.98,24.82,3.81,24.76,24.39
2013-03-14,23.16,22.41,3.19,42.45,24.71
2013-03-15,23.82,22.84,3.74,33.44,24.99
2013-03-16,23.03,23.25,2.57,36.76,25.51
2013-03-17,24.08,25.4,2.36,27.21,26.6
2013-03-18,23.83,27.32,2.23,19.06,26.95
2013-03-19,24.28,27.68,3.22,18.7,27.88
2013-03-20,23.53,26.53,4.01,17.6,27.69
2013-03-21,23.73,26.51,1.98,22.42,28.25
2013-03-22,16.25,26.81,2.53,26.39,27.24
2013-03-23,17.93,25.73,5.67,31.81,26.9
2013-03-24,24.84,24.18,2.32,35.46,26.4
2013-03-25,22.22,22.85,3.08,35.06,25.12
2013-03-26,20.92,24.73,1.49,30.5,25.02
2013-03-27,9.44,24.75,2.69,31.53,24.34
2013-03-28,18.64,22.75,2.8,57.42,23.29
2013-03-29,24.12,23.04,2.63,53.52,24.4
2013-03-30,25.51,25.38,2.96,38.82,26.6
2013-03-31,26.5,27.68,2.29,26.87,28.22
2013-04-01,25.79,29.16,1.9,20.81,30.02
2013-04-02,22.65,28.76,2.41,27.99,30.4
2013-04-03,24.4,27.54,1.97,30.09,30.17
2013-04-04,25.0,27.81,3.13,28.29,29.7
2013-04-05,26.47,27.74,3.45,18.63,28.2
2013-04-06,25.5,29.47,3.86,17.21,30.21
2013-04-07,25.94,28.46,3.07,20.77,30.47
2013-04-08,24.38,26.96,4.21,29.59,28.92
2013-04-09,20.91,27.56,3.32,40.86,29.47
2013-04-10,19.49,27.45,2.33,30.7,29.63
2013-04-11,21.86,27.78,2.69,36.07,30.57
2013-04-12,24.5,30.3,1.23,27.66,32.76
2013-04-13,24.55,31.71,3.26,24.21,33.27
2013-04-14,26.56,31.21,2.59,22.0,32.83
2013-04-15,26.9,32.2,3.71,17.24,33.44
2013-04-16,25.15,30.94,5.98,19.48,32.27
2013-04-17,28.78,28.77,4.32,13.4,30.47
2013-04-18,27.6,29.83,3.27,14.38,29.81
2013-04-19,26.23,30.85,2.48,15.31,32.89
2013-04-20,23.59,30.62,4.76,30.05,32.36
2013-04-21,25.44,30.12,2.57,37.89,33.78
2013-04-22,13.21,30.24,2.83,34.63,33.04
2013-04-23,22.8,29.25,3.02,42.07,32.58
2013-04-24,21.57,30.71,2.83,41.81,33.82
2013-04-25,19.58,31.95,1.59,36.1,35.01
2013-04-26,25.89,31.77,3.31,32.98,34.68
2013-04-27,21.94,31.66,2.93,31.15,34.55
2013-04-28,21.29,30.8,3.69,35.21,33.63
2013-04-29,25.84,30.88,3.19,31.06,33.98
2013-04-30,25.73,31.21,3.33,17.07,33.35
2013-05-01,27.93,29.43,4.48,11.8,30.96
2013-05-02,28.3,30.35,2.83,10.99,32.09
2013-05-03,28.25,32.18,4.62,10.05,33.32
2013-05-04,28.68,33.89,5.17,15.21,35.7
2013-05-05,27.48,33.27,4.38,16.6,35.55
2013-05-06,27.54,33.16,3.59,13.91,35.49
2013-05-07,26.01,34.52,3.72,16.17,36.8
2013-05-08,25.57,33.81,5.07,19.94,36.23
2013-05-09,26.08,33.53,3.85,24.12,36.76
2013-05-10,26.1,33.76,5.3,26.08,36.42
2013-05-11,23.77,32.37,3.16,30.86,34.36
2013-05-12,21.29,33.47,2.2,25.15,36.76
2013-05-13,26.34,33.55,2.68,26.37,37.19
2013-05-14,25.9,35.22,3.53,22.46,37.45
2013-05-15,26.59,35.63,3.75,21.2,37.92
2013-05-16,27.94,35.57,4.42,17.43,37.44
2013-05-17,26.5,36.72,5.18,18.55,38.22
2013-05-18,28.46,37.3,6.2,16.56,39.09
2013-05-19,27.36,36.07,6.69,14.51,37.75
2013-05-20,28.23,36.7,5.98,19.38,38.86
2013-05-21,27.82,36.64,5.43,17.09,38.92
2013-05-22,28.42,36.58,6.07,18.14,38.97
2013-05-23,28.07,36.75,5.51,24.56,39.3
2013-05-24,27.71,37.3,7.28,24.41,39.54
2013-05-25,26.59,36.09,8.62,33.22,38.34
2013-05-26,24.35,35.47,7.21,35.91,37.86
2013-05-27,27.66,35.38,6.45,24.78,37.28
2013-05-28,27.94,35.13,4.53,24.76,38.42
2013-05-29,28.47,35.51,3.84,25.74,39.0
2013-05-30,27.6,36.66,2.22,20.27,40.28
2013-05-31,28.42,37.09,5.52,22.58,39.44
2013-06-01,27.04,37.45,6.15,25.67,40.07
2013-06-02,28.24,37.81,5.49,23.59,40.84
2013-06-03,27.43,38.35,4.56,22.87,41.55
2013-06-04,25.93,38.21,3.83,22.1,41.61
2013-06-05,27.22,38.64,7.49,30.71,41.24
2013-06-06,26.73,38.91,7.62,28.78,41.34
2013-06-07,27.34,38.53,4.69,30.06,42.38
2013-06-08,27.77,38.1,6.09,33.66,41.45
2013-06-09,27.16,38.09,6.88,32.39,41.06
2013-06-10,24.86,37.59,6.71,36.89,40.92
2013-06-11,21.84,34.0,7.74,48.45,36.61
2013-06-12,15.14,32.88,3.52,54.35,35.56
2013-06-13,24.72,33.53,3.18,53.55,36.0
2013-06-14,22.25,35.34,3.01,44.55,39.16
2013-06-15,19.41,34.38,2.33,46.62,37.43
2013-06-16,24.57,34.14,4.04,49.1,36.93
2013-06-17,22.51,33.69,2.49,47.62,37.28
2013-06-18,20.29,33.73,1.9,47.99,35.98
2013-06-19,25.26,33.75,3.37,45.42,36.8
2013-06-20,26.29,36.08,6.03,36.12,38.7
2013-06-21,26.75,36.09,7.83,35.23,38.33
2013-06-22,26.75,35.99,7.44,38.3,38.55
2013-06-23,28.08,36.33,6.78,36.38,39.02
2013-06-24,28.02,36.53,6.41,37.11,39.41
2013-06-25,26.79,37.16,6.15,38.75,40.51
2013-06-26,26.79,37.6,7.65,37.24,40.52
2013-06-27,23.68,36.03,9.3,42.39,38.8
2013-06-28,23.8,36.47,8.36,42.82,39.33
2013-06-29,22.83,36.3,7.91,42.37,39.2
2013-06-30,23.25,36.0,6.01,43.65,39.5
2013-07-01,22.88,36.55,4.75,40.72,39.33
2013-07-02,25.36,37.34,3.74,36.39,41.15
2013-07-03,23.7,37.91,2.31,32.42,42.47
2013-07-04,25.22,37.78,2.84,32.57,41.88
2013-07-05,23.75,37.57,2.82,37.48,42.56
2013-07-06,24.62,36.9,5.18,41.55,40.79
2013-07-07,25.52,35.41,5.61,48.18,37.43
2013-07-08,25.42,35.6,6.89,45.25,37.87
2013-07-09,25.04,35.88,6.84,43.5,39.0
2013-07-10,25.13,35.59,5.56,42.36,39.18
2013-07-11,24.15,36.34,3.6,38.76,40.92
2013-07-12,18.22,37.46,3.01,34.79,41.79
2013-07-13,22.98,36.57,3.19,38.81,39.69
2013-07-14,26.57,36.38,3.75,41.07,40.88
2013-07-15,25.95,36.17,6.81,43.24,39.3
2013-07-16,25.34,36.17,5.23,41.84,39.42
2013-07-17,24.4,37.33,5.07,38.08,40.77
2013-07-18,24.99,36.76,7.15,40.42,39.51
2013-07-19,23.8,35.35,8.31,44.77,37.47
2013-07-20,22.46,35.68,6.74,43.75,38.43
2013-07-21,22.76,35.39,3.5,44.13,39.02
2013-07-22,25.14,36.42,4.54,41.82,39.82
2013-07-23,24.13,36.91,3.36,40.71,40.89
2013-07-24,25.35,37.46,3.36,39.6,42.34
2013-07-25,21.84,33.94,4.17,59.93,35.14
2013-07-26,21.06,31.85,3.35,69.39,32.97
2013-07-27,10.79,32.32,2.57,62.61,33.92
2013-07-28,21.33,32.59,3.89,60.33,34.65
2013-07-29,20.01,31.52,5.88,61.6,33.63
2013-07-30,25.97,33.28,5.9,56.27,35.99
2013-07-31,25.71,34.23,5.44,50.15,36.72
2013-08-01,20.83,34.08,4.4,50.64,36.58
2013-08-02,23.29,32.17,4.55,61.62,34.2
2013-08-03,23.93,33.43,4.83,54.25,36.45
2013-08-04,19.24,33.29,2.51,53.31,36.83
2013-08-05,22.81,33.02,4.53,53.93,35.78
2013-08-06,24.95,33.54,4.79,47.48,35.87
2013-08-07,23.97,33.32,4.8,49.45,35.84
2013-08-08,24.86,33.85,5.9,49.34,36.49
2013-08-09,24.67,34.0,7.04,49.43,36.77
2013-08-10,21.54,33.63,4.28,50.63,36.94
2013-08-11,14.48,33.56,2.99,51.44,36.54
2013-08-12,18.69,33.28,3.26,53.94,35.85
2013-08-13,19.08,32.83,1.91,59.62,35.09
2013-08-14,10.55,31.58,1.65,65.73,33.38
2013-08-15,9.57,29.67,0.81,71.96,30.22
2013-08-16,21.57,29.82,2.8,70.31,30.93
2013-08-17,23.53,31.7,3.93,56.8,33.08
2013-08-18,23.41,32.61,5.1,52.25,34.4
2013-08-19,23.94,32.77,4.7,49.5,35.12
2013-08-20,24.54,32.76,3.98,47.05,35.28
2013-08-21,24.75,33.45,4.5,46.12,35.68
2013-08-22,25.04,32.88,4.6,51.39,35.54
2013-08-23,24.8,34.14,2.12,43.88,37.24
2013-08-24,23.47,35.32,1.43,40.48,38.9
2013-08-25,23.92,34.67,3.08,45.9,37.86
2013-08-26,24.4,34.29,5.85,47.21,36.51
2013-08-27,25.13,32.57,7.12,50.15,34.51
2013-08-28,24.92,32.1,5.62,49.19,34.28
2013-08-29,25.28,32.14,4.95,50.12,34.39
2013-08-30,24.65,32.25,5.29,49.55,34.47
2013-08-31,24.64,32.49,5.61,49.47,34.47
2013-09-01,24.14,31.9,5.58,48.23,33.9
2013-09-02,24.05,32.01,6.05,47.73,33.92
2013-09-03,24.19,31.95,5.71,46.03,34.03
2013-09-04,24.23,31.57,5.97,47.13,33.53
2013-09-05,24.47,31.34,6.82,45.34,32.95
2013-09-06,24.48,30.96,5.64,45.6,32.9
2013-09-07,24.26,31.36,5.29,47.98,33.48
2013-09-08,23.95,31.58,5.2,47.65,33.85
2013-09-09,24.01,31.91,4.04,44.95,34.33
2013-09-10,24.07,32.32,4.58,41.38,34.29
2013-09-11,23.78,32.56,3.98,38.87,34.56
2013-09-12,23.59,33.65,2.93,36.11,35.81
2013-09-13,21.59,34.69,1.44,33.45,37.15
2013-09-14,22.78,34.55,2.32,34.78,36.69
2013-09-15,23.43,35.0,3.59,33.19,36.76
2013-09-16,23.32,33.96,2.22,34.48,36.55
2013-09-17,22.71,33.75,1.97,33.61,35.95
2013-09-18,22.56,33.72,2.23,31.13,35.53
2013-09-19,23.07,33.38,2.0,27.87,35.03
2013-09-20,23.17,33.49,2.74,25.61,35.07
2013-09-21,23.19,31.99,4.49,44.47,34.07
2013-09-22,20.93,32.05,4.16,56.42,34.22
2013-09-23,17.35,32.63,2.85,51.99,35.38
2013-09-24,20.09,33.12,3.88,49.75,35.16
2013-09-25,20.98,32.92,4.39,49.71,35.06
2013-09-26,17.82,30.72,6.01,59.6,33.0
2013-09-27,20.62,30.77,4.91,60.3,33.09
2013-09-28,19.86,28.19,4.04,69.42,29.47
2013-09-29,21.32,29.65,2.59,59.89,31.04
2013-09-30,16.94,29.71,3.26,59.2,31.68
2013-10-01,19.01,30.87,2.77,53.54,32.91
2013-10-02,19.98,31.2,3.66,51.73,33.32
2013-10-03,20.7,31.33,3.91,51.62,33.3
2013-10-04,20.5,30.88,3.24,49.65,33.25
2013-10-05,20.58,31.16,2.14,43.83,33.44
2013-10-06,20.86,31.88,2.19,40.03,33.79
2013-10-07,19.35,32.53,1.61,39.23,34.65
2013-10-08,18.17,33.18,1.77,38.6,35.19
2013-10-09,17.67,31.25,3.13,51.91,33.18
2013-10-10,19.95,31.99,1.9,45.98,34.51
2013-10-11,18.97,31.94,1.77,43.49,34.33
2013-10-12,16.89,30.16,3.24,49.77,32.24
2013-10-13,18.88,29.48,2.85,45.36,31.38
2013-10-14,19.34,30.2,1.91,42.57,31.59
2013-10-15,19.82,30.4,3.05,34.56,31.41
2013-10-16,19.33,29.97,4.25,39.87,31.1
2013-10-17,18.86,30.01,4.42,37.87,31.14
2013-10-18,19.0,29.43,3.39,32.17,30.39
2013-10-19,19.36,29.21,2.35,20.36,28.88
2013-10-20,19.5,28.69,2.51,24.16,29.24
2013-10-21,19.93,29.23,1.43,19.78,28.99
2013-10-22,20.18,28.52,2.21,23.82,28.44
2013-10-23,19.56,28.54,1.54,28.92,29.23
2013-10-24,19.18,28.18,1.86,23.68,28.49
2013-10-25,17.61,26.57,1.74,25.95,27.02
2013-10-26,17.44,27.33,1.8,24.14,27.14
2013-10-27,18.08,26.59,2.73,20.98,25.89
2013-10-28,18.92,26.9,2.14,15.53,25.06
2013-10-29,18.05,25.38,4.12,34.58,25.97
2013-10-30,17.86,25.92,2.94,39.3,26.77
2013-10-31,16.33,25.77,3.13,39.22,26.99
2013-11-01,15.94,24.03,2.97,27.04,24.99
2013-11-02,16.58,23.2,3.09,25.95,23.64
2013-11-03,16.24,23.13,2.45,25.67,23.81
2013-11-04,15.73,23.35,2.85,27.53,24.03
2013-11-05,14.94,24.36,3.04,30.83,24.79
2013-11-06,8.81,24.47,3.41,35.47,25.36
2013-11-07,12.19,21.1,4.08,53.71,22.3
2013-11-08,14.16,20.37,3.6,49.05,21.3
2013-11-09,14.86,19.85,2.8,44.42,21.15
2013-11-10,16.2,19.87,2.58,37.61,20.42
2013-11-11,16.32,20.84,1.54,29.5,20.1
2013-11-12,16.94,21.5,1.86,25.02,20.94
2013-11-13,17.2,20.16,2.94,28.87,20.85
2013-11-14,16.72,19.96,2.8,24.38,20.34
2013-11-15,15.47,20.0,2.61,25.66,20.42
2013-11-16,14.99,20.84,2.35,25.93,21.14
2013-11-17,15.5,20.71,2.49,28.78,21.04
2013-11-18,15.96,21.65,2.3,28.14,21.37
2013-11-19,16.2,22.66,2.76,25.06,20.86
2013-11-20,16.22,23.09,2.87,21.95,21.46
2013-11-21,15.97,23.69,2.22,19.73,21.81
2013-11-22,15.81,22.7,1.93,22.97,21.69
2013-11-23,15.14,22.34,2.74,32.12,21.52
2013-11-24,15.19,22.72,2.17,28.39,22.5
2013-11-25,15.5,22.39,2.44,30.44,21.99
2013-11-26,15.74,22.89,1.93,27.41,21.93
2013-11-27,15.24,23.73,1.46,24.48,21.8
2013-11-28,15.5,22.34,2.37,26.73,21.96
2013-11-29,15.43,21.72,2.19,31.99,21.79
2013-11-30,15.47,22.64,1.91,27.47,20.84
2013-12-01,15.71,21.91,2.93,24.86,20.22
2013-12-02,15.4,21.42,2.58,22.95,20.45
2013-12-03,14.96,20.25,2.32,22.57,18.96
2013-12-04,14.33,18.99,2.44,28.57,18.84
2013-12-05,14.83,19.98,1.37,25.99,18.6
2013-12-06,14.64,20.9,1.7,21.34,18.12
2013-12-07,14.45,20.64,2.45,20.33,18.82
2013-12-08,14.66,20.04,2.41,22.53,18.63
2013-12-09,14.35,18.55,2.28,28.93,18.61
2013-12-10,14.73,18.92,2.7,32.88,18.95
2013-12-11,14.46,19.36,2.68,33.63,19.87
2013-12-12,13.92,18.85,2.05,37.47,18.8
2013-12-13,14.06,18.7,3.44,41.13,18.14
2013-12-14,14.95,19.43,4.08,34.66,18.77
2013-12-15,15.04,20.2,2.69,36.97,19.45
2013-12-16,14.85,20.51,1.31,37.28,19.39
2013-12-17,13.44,21.0,1.01,30.34,19.43
2013-12-18,13.02,19.16,2.37,32.2,18.3
2013-12-19,11.71,15.19,3.44,33.66,15.02
2013-12-20,11.21,13.93,2.92,24.68,13.95
2013-12-21,10.27,13.16,2.99,30.12,13.41
2013-12-22,4.97,12.77,3.15,31.75,12.9
2013-12-23,11.18,12.02,3.09,37.75,12.16
2013-12-24,14.26,13.16,2.84,29.7,12.51
2013-12-25,14.84,14.04,2.36,23.73,12.77
2013-12-26,14.85,13.39,2.66,24.19,12.78
2013-12-27,15.44,13.02,2.95,19.12,12.04
2013-12-28,15.47,13.16,2.03,16.54,11.17
2013-12-29,15.17,11.96,2.61,16.72,11.1
2013-12-30,14.62,10.86,3.27,18.6,10.61
2013-12-31,14.24,9.08,3.82,14.8,9.22
2014-01-01,15.52,8.41,4.26,23.0,8.36
2014-01-02,15.04,9.82,3.07,29.07,9.15
2014-01-03,15.38,12.23,2.05,17.76,10.44
2014-01-04,14.88,14.05,2.09,13.49,12.28
2014-01-05,14.88,13.78,2.16,12.68,11.76
2014-01-06,15.65,13.61,2.41,15.83,11.86
2014-01-07,14.55,13.51,3.51,18.52,13.4
2014-01-08,11.03,14.04,5.08,29.19,14.52
2014-01-09,14.66,12.01,4.0,46.43,12.74
2014-01-10,13.02,11.75,3.76,43.39,12.31
2014-01-11,15.19,11.88,3.07,41.1,11.88
2014-01-12,14.9,13.22,1.98,30.2,13.07
2014-01-13,12.35,14.41,2.63,26.33,14.28
2014-01-14,14.02,13.92,3.38,34.01,14.12
2014-01-15,15.04,14.3,2.99,36.95,13.89
2014-01-16,15.7,14.08,2.78,39.19,14.02
2014-01-17,12.13,13.82,3.51,41.04,14.46
2014-01-18,11.28,13.54,2.65,47.7,14.16
2014-01-19,11.69,14.0,4.32,54.39,14.44
2014-01-20,12.89,14.24,2.79,53.62,14.57
2014-01-21,12.67,15.88,3.49,50.12,16.3
2014-01-22,12.72,15.12,2.94,45.35,15.51
2014-01-23,13.29,15.42,3.0,41.89,14.99
2014-01-24,11.64,13.57,2.53,56.93,14.32
2014-01-25,15.0,15.63,2.13,41.93,15.46
2014-01-26,16.82,17.7,1.83,27.87,17.18
2014-01-27,17.12,17.89,2.56,26.41,17.35
2014-01-28,15.6,17.76,2.28,27.39,17.95
2014-01-29,16.78,18.75,2.34,27.05,18.64
2014-01-30,17.51,19.16,2.62,24.66,19.0
2014-01-31,17.07,18.12,3.29,28.87,18.68
2014-02-01,15.14,18.56,3.81,31.31,18.82
2014-02-02,12.22,19.06,2.42,34.37,19.8
2014-02-03,15.45,18.66,3.32,32.54,18.38
2014-02-04,16.03,18.3,2.34,39.3,19.43
2014-02-05,15.42,18.72,3.06,42.27,19.91
2014-02-06,14.91,19.9,5.25,46.08,20.38
2014-02-07,12.3,17.48,4.06,48.95,19.79
2014-02-08,19.32,14.8,3.84,23.66,16.46
2014-02-09,19.8,13.81,2.5,18.42,14.61
2014-02-10,16.28,14.73,3.19,14.96,14.94
2014-02-11,19.58,15.28,2.79,14.34,15.44
2014-02-12,19.48,14.77,4.32,19.72,15.67
2014-02-13,16.19,16.04,5.13,23.92,16.84
2014-02-14,18.18,17.0,3.66,25.75,17.92
2014-02-15,17.88,16.48,3.02,21.84,17.38
2014-02-16,19.22,16.87,2.67,23.14,17.62
2014-02-17,20.16,17.81,1.84,22.38,18.14
2014-02-18,20.59,18.82,2.62,15.41,17.96
2014-02-19,19.82,19.6,2.8,14.56,18.76
2014-02-20,20.03,20.08,1.49,14.32,19.81
2014-02-21,18.6,19.49,3.15,22.2,19.79
2014-02-22,19.23,16.82,3.87,41.0,18.38
2014-02-23,20.47,16.44,3.76,29.22,17.68
2014-02-24,19.15,17.44,3.13,23.9,18.44
2014-02-25,20.31,18.22,3.62,24.33,19.2
2014-02-26,19.78,19.48,4.13,23.27,20.57
2014-02-27,14.27,19.93,4.55,24.37,21.11
2014-02-28,19.46,19.11,4.18,37.99,20.84
2014-03-01,20.95,19.34,1.28,31.62,21.55
2014-03-02,20.76,19.71,3.04,26.69,21.32
2014-03-03,9.09,19.75,3.96,34.94,20.44
2014-03-04,18.78,20.57,2.53,32.88,22.92
2014-03-05,20.36,20.76,3.52,35.15,23.04
2014-03-06,21.17,21.33,2.83,35.47,23.7
2014-03-07,20.68,22.57,2.64,28.95,25.0
2014-03-08,22.15,23.58,2.93,25.8,25.74
2014-03-09,20.32,24.85,2.31,25.35,25.9
2014-03-10,19.61,25.21,4.01,25.58,26.46
2014-03-11,22.94,19.87,4.23,22.81,22.05
2014-03-12,22.45,19.57,4.54,18.51,20.5
2014-03-13,22.82,20.82,3.29,20.38,22.51
2014-03-14,22.88,23.84,1.45,17.69,24.74
2014-03-15,21.37,25.28,2.58,18.59,26.42
2014-03-16,22.71,26.88,3.65,16.75,28.18
2014-03-17,18.69,26.87,5.59,23.09,28.1
2014-03-18,25.3,24.15,3.13,18.6,25.83
2014-03-19,24.35,24.79,2.79,14.07,26.13
2014-03-20,24.04,26.15,3.13,12.25,26.3
2014-03-21,22.77,25.58,3.44,19.11,27.32
2014-03-22,23.13,26.45,2.98,17.62,28.57
2014-03-23,19.32,27.99,4.05,24.51,29.87
2014-03-24,23.03,25.78,4.77,41.53,28.27
2014-03-25,22.86,24.85,3.15,34.5,27.79
2014-03-26,18.94,25.45,3.71,26.77,27.57
2014-03-27,19.77,26.29,2.33,25.97,28.65
2014-03-28,19.83,27.75,3.07,25.71,30.34
2014-03-29,22.56,27.19,4.27,28.94,29.74
2014-03-30,21.83,26.68,3.55,27.09,29.51
2014-03-31,24.94,28.17,1.78,22.03,30.72
2014-04-01,24.16,29.79,3.23,19.34,31.27
2014-04-02,24.03,28.46,3.76,23.16,30.34
2014-04-03,24.6,28.84,2.37,18.0,30.57
2014-04-04,23.99,29.92,3.22,20.17,32.74
2014-04-05,24.3,30.82,3.8,20.76,32.55
2014-04-06,23.01,31.79,3.49,21.16,33.51
2014-04-07,26.61,27.36,5.08,30.96,29.69
2014-04-08,28.11,27.64,1.8,15.83,29.5
2014-04-09,28.05,27.9,1.93,8.98,29.21
2014-04-10,27.26,30.03,1.12,8.89,30.9
2014-04-11,26.69,30.74,2.49,9.57,31.13
2014-04-12,25.09,31.18,3.51,11.91,31.34
2014-04-13,23.86,31.49,4.23,22.31,33.97
2014-04-14,25.07,30.3,3.81,19.84,32.86
2014-04-15,25.11,31.52,2.84,16.9,34.29
2014-04-16,21.25,32.63,3.25,17.85,34.61
2014-04-17,23.81,32.73,2.37,17.58,35.13
2014-04-18,20.17,26.19,3.63,44.25,27.61
2014-04-19,25.6,26.71,2.72,43.29,29.79
2014-04-20,26.24,28.94,3.09,31.39,32.24
2014-04-21,23.39,28.59,2.39,31.92,29.93
2014-04-22,22.64,27.35,3.32,41.68,29.35
2014-04-23,27.1,29.14,1.78,36.89,31.91
2014-04-24,25.88,32.72,3.13,22.89,34.41
2014-04-25,26.24,32.93,2.81,22.21,36.06
2014-04-26,26.07,33.14,2.84,21.0,36.06
2014-04-27,28.17,34.65,2.34,15.75,36.5
2014-04-28,28.49,35.63,2.31,12.01,36.92
2014-04-29,28.05,35.86,2.97,13.44,37.43
2014-04-30,23.46,35.68,4.12,16.05,38.24
2014-05-01,26.81,34.76,4.49,21.85,37.39
2014-05-02,25.69,35.73,2.7,19.06,39.0
2014-05-03,21.53,35.03,3.55,27.31,38.41
2014-05-04,22.69,33.12,2.77,29.37,35.57
2014-05-05,25.88,34.01,2.45,26.16,36.77
2014-05-06,23.61,34.65,2.16,21.69,38.07
2014-05-07,25.75,35.08,1.42,19.97,38.9
2014-05-08,23.69,34.03,4.04,16.83,35.88
2014-05-09,25.18,34.51,2.31,15.02,36.92
2014-05-10,25.03,34.46,2.85,18.98,37.19
2014-05-11,22.94,33.66,2.49,27.74,37.28
2014-05-12,25.31,32.15,5.97,34.99,34.12
2014-05-13,20.71,31.51,5.61,46.55,33.3
2014-05-14,22.9,29.6,3.06,57.85,31.34
2014-05-15,25.08,29.89,2.54,53.79,31.2
2014-05-16,25.3,29.84,2.53,48.25,30.5
2014-05-17,25.92,29.66,3.7,48.81,30.73
2014-05-18,26.11,30.55,3.58,39.47,32.29
2014-05-19,26.4,31.7,2.22,27.43,34.32
2014-05-20,26.24,32.66,2.44,26.68,35.84
2014-05-21,28.57,34.74,3.28,23.21,36.94
2014-05-22,27.98,35.83,5.8,22.4,37.42
2014-05-23,27.07,35.43,4.68,28.97,38.18
2014-05-24,25.93,36.45,3.3,24.9,39.07
2014-05-25,26.48,36.63,1.78,25.8,40.49
2014-05-26,27.18,37.04,3.13,18.87,40.28
2014-05-27,25.09,37.35,3.2,17.54,40.19
2014-05-28,26.63,38.34,4.97,16.09,40.43
2014-05-29,26.57,37.94,6.52,24.65,40.61
2014-05-30,26.08,37.15,5.03,32.81,40.47
2014-05-31,25.13,37.63,4.33,31.21,41.53
2014-06-01,28.19,36.91,4.24,25.22,40.32
2014-06-02,25.1,37.81,1.57,22.97,42.34
2014-06-03,26.28,38.25,2.88,22.2,41.99
2014-06-04,25.33,39.66,4.22,18.73,41.97
2014-06-05,25.44,39.33,3.13,16.68,42.73
2014-06-06,26.88,39.42,6.8,16.75,41.4
2014-06-07,26.68,39.01,5.9,18.29,41.54
2014-06-08,28.58,38.63,5.95,24.46,41.64
2014-06-09,27.52,38.68,5.45,21.89,41.89
2014-06-10,28.11,36.98,6.94,22.22,39.5
2014-06-11,26.97,36.27,7.39,28.41,38.85
2014-06-12,27.01,36.56,8.05,36.15,39.44
2014-06-13,27.06,36.1,7.86,38.24,39.05
2014-06-14,26.61,35.82,8.22,41.47,38.91
2014-06-15,27.37,36.46,6.87,40.3,39.82
2014-06-16,27.4,37.39,6.95,36.26,40.57
2014-06-17,26.73,37.69,8.02,34.42,40.53
2014-06-18,25.76,36.58,7.47,37.53,39.87
2014-06-19,26.76,37.24,5.78,34.71,40.8
2014-06-20,25.67,37.06,6.91,32.01,40.27
2014-06-21,24.35,37.14,7.82,34.84,39.89
2014-06-22,22.12,36.28,6.7,40.2,39.62
2014-06-23,22.39,35.02,5.36,43.89,38.17
2014-06-24,23.5,34.41,7.59,47.41,35.55
2014-06-25,24.05,35.07,8.27,44.98,37.48
2014-06-26,24.12,35.05,7.03,42.19,38.03
2014-06-27,24.74,35.89,6.53,38.64,39.23
2014-06-28,25.45,36.04,7.72,36.46,38.94
2014-06-29,23.95,35.06,9.14,40.03,37.85
2014-06-30,21.35,34.4,10.23,44.68,37.14
2014-07-01,20.67,34.48,8.33,44.75,37.52
2014-07-02,10.54,34.97,6.62,44.64,38.41
2014-07-03,20.07,34.79,6.21,43.42,38.03
2014-07-04,19.92,34.87,6.34,43.99,37.9
2014-07-05,20.87,35.23,5.43,40.21,38.77
2014-07-06,24.59,35.67,5.55,33.87,38.75
2014-07-07,25.81,36.04,6.22,34.29,39.08
2014-07-08,27.06,35.34,8.5,37.37,37.88
2014-07-09,26.94,35.51,7.39,35.01,38.23
2014-07-10,28.16,35.81,6.09,36.77,38.92
2014-07-11,27.13,36.45,5.66,37.21,39.66
2014-07-12,27.29,36.85,5.3,36.32,40.5
2014-07-13,26.14,37.22,4.86,35.35,40.88
2014-07-14,25.74,37.4,4.87,35.83,41.49
2014-07-15,24.29,38.16,4.93,31.03,41.17
2014-07-16,23.28,37.86,4.49,35.67,40.89
2014-07-17,17.67,34.61,3.65,47.23,37.29
2014-07-18,22.31,34.51,2.34,50.9,38.28
2014-07-19,24.1,34.78,6.28,48.77,37.38
2014-07-20,21.73,34.78,6.1,43.07,37.67
2014-07-21,23.87,35.12,5.94,38.9,38.03
2014-07-22,24.9,35.82,5.45,36.92,38.89
2014-07-23,23.25,37.63,2.41,33.25,42.13
2014-07-24,22.43,35.65,2.96,43.44,38.28
2014-07-25,17.25,35.02,3.18,49.84,38.96
2014-07-26,18.08,34.97,4.71,48.09,39.11
2014-07-27,22.06,35.36,4.52,48.23,38.62
2014-07-28,21.95,34.65,5.38,49.64,36.21
2014-07-29,17.37,32.11,4.9,63.67,33.15
2014-07-30,19.27,30.8,2.15,69.07,32.31
2014-07-31,23.15,32.97,1.9,57.72,35.28
2014-08-01,22.25,32.24,2.58,63.18,33.51
2014-08-02,18.95,32.29,2.88,61.33,34.37
2014-08-03,21.88,33.91,3.63,51.22,36.32
2014-08-04,25.42,34.54,5.87,46.49,37.07
2014-08-05,23.26,33.8,5.16,48.09,36.56
2014-08-06,20.89,33.9,4.97,48.36,36.77
2014-08-07,21.74,31.99,5.29,57.18,33.77
2014-08-08,20.59,32.4,5.1,57.51,34.99
2014-08-09,23.39,33.59,4.5,53.54,36.91
2014-08-10,24.03,34.18,4.33,49.79,37.32
2014-08-11,25.31,34.33,5.51,47.22,37.08
2014-08-12,25.27,34.05,6.2,47.9,37.0
2014-08-13,25.1,33.42,7.67,48.75,35.88
2014-08-14,22.99,33.71,7.87,48.25,36.1
2014-08-15,22.59,33.09,8.65,50.5,35.46
2014-08-16,14.92,32.36,6.11,51.26,35.15
2014-08-17,18.89,32.56,3.41,49.1,35.69
2014-08-18,22.29,33.86,2.67,43.62,37.89
2014-08-19,24.77,34.69,5.02,40.32,37.53
2014-08-20,25.91,34.19,5.57,38.03,36.79
2014-08-21,26.05,33.58,6.46,38.75,35.9
2014-08-22,26.4,33.47,5.41,41.34,36.01
2014-08-23,25.56,34.04,4.56,39.99,37.1
2014-08-24,21.96,34.13,4.32,42.88,37.2
2014-08-25,23.7,33.79,4.96,44.1,36.72
2014-08-26,25.22,33.4,5.16,45.54,36.51
2014-08-27,24.52,33.41,4.39,45.93,36.52
2014-08-28,17.49,33.16,2.47,45.18,36.81
2014-08-29,24.47,33.86,1.72,40.86,38.04
2014-08-30,22.22,35.14,2.67,34.79,38.67
2014-08-31,23.07,35.03,2.94,39.4,38.87
2014-09-01,19.68,33.21,3.85,50.36,35.41
2014-09-02,19.0,31.03,5.6,56.7,31.85
2014-09-03,13.99,30.46,4.19,65.19,31.44
2014-09-04,11.96,28.14,2.06,77.14,28.85
2014-09-05,22.38,31.74,3.97,53.93,33.42
2014-09-06,22.41,30.76,4.9,53.05,33.25
2014-09-07,23.16,31.6,2.36,47.84,35.08
2014-09-08,22.6,33.59,2.35,40.0,36.66
2014-09-09,22.51,34.09,2.43,39.77,36.76
2014-09-10,21.04,33.6,2.11,42.6,36.36
2014-09-11,20.07,31.62,2.5,54.81,34.02
2014-09-12,21.19,32.36,4.12,49.78,34.99
2014-09-13,22.47,32.15,4.24,50.42,34.89
2014-09-14,22.73,31.65,4.85,49.29,34.39
2014-09-15,22.65,31.55,4.85,48.79,34.13
2014-09-16,23.11,31.82,4.68,45.2,34.35
2014-09-17,23.38,31.74,5.5,43.15,33.65
2014-09-18,23.93,31.37,6.09,40.67,33.02
2014-09-19,23.63,31.33,6.26,38.64,32.81
2014-09-20,23.61,31.22,6.38,36.97,32.75
2014-09-21,22.79,30.7,6.29,41.72,32.38
2014-09-22,23.01,31.07,6.12,41.95,32.76
2014-09-23,23.0,30.65,5.63,44.14,32.52
2014-09-24,23.36,29.91,6.26,43.44,31.64
2014-09-25,22.71,30.26,5.44,45.22,32.14
2014-09-26,21.82,30.42,5.05,45.28,32.42
2014-09-27,22.02,30.45,5.47,42.66,32.16
2014-09-28,22.41,31.03,4.94,41.27,32.85
2014-09-29,21.77,31.38,5.3,40.89,33.09
2014-09-30,21.48,31.04,5.43,37.74,32.5
2014-10-01,20.86,30.87,5.09,38.0,32.31
2014-10-02,21.08,31.41,4.36,36.54,32.98
2014-10-03,21.5,31.39,4.15,32.52,32.82
2014-10-04,21.67,31.34,4.34,27.05,32.68
2014-10-05,21.54,30.54,3.92,30.44,32.0
2014-10-06,21.18,30.8,3.24,35.24,32.43
2014-10-07,20.71,31.05,2.75,28.7,32.47
2014-10-08,20.3,30.96,2.22,27.11,33.18
2014-10-09,19.27,29.21,2.78,36.0,31.11
2014-10-10,19.73,30.21,1.87,30.36,31.4
2014-10-11,20.33,29.73,2.9,20.78,30.65
2014-10-12,21.07,28.84,3.18,20.02,30.05
2014-10-13,19.46,28.05,3.49,25.01,29.85
2014-10-14,18.79,25.34,4.36,35.22,27.13
2014-10-15,19.45,25.45,2.88,36.59,27.29
2014-10-16,19.96,25.05,2.92,33.45,26.77
2014-10-17,20.3,25.14,2.67,27.34,26.86
2014-10-18,20.17,25.45,2.42,23.47,26.83
2014-10-19,19.58,26.92,2.47,23.05,27.25
2014-10-20,19.42,28.07,2.17,20.63,28.41
2014-10-21,19.26,29.47,1.91,19.6,28.66
2014-10-22,18.78,29.7,2.51,20.96,29.48
2014-10-23,17.46,28.93,2.57,23.35,28.98
2014-10-24,15.1,28.98,2.2,22.78,28.7
2014-10-25,16.08,28.54,1.84,24.23,28.74
2014-10-26,16.17,27.64,2.22,26.99,28.68
2014-10-27,15.72,27.3,1.99,28.95,28.4
2014-10-28,16.09,27.82,2.77,27.23,27.79
2014-10-29,11.98,26.77,2.49,29.27,27.36
2014-10-30,13.6,25.48,2.1,36.77,26.39
2014-10-31,7.36,24.82,2.32,54.12,26.03
2014-11-01,12.9,26.06,1.21,41.69,26.73
2014-11-02,14.67,27.0,1.06,33.43,27.38
2014-11-03,14.69,26.87,2.09,35.57,27.52
2014-11-04,15.26,25.18,1.82,36.27,26.22
2014-11-05,15.12,24.95,1.95,37.03,26.31
2014-11-06,16.16,25.98,2.58,36.01,26.2
2014-11-07,14.9,26.58,3.02,38.45,27.05
2014-11-08,12.82,24.73,2.79,44.52,26.07
2014-11-09,15.1,22.75,3.66,35.81,23.68
2014-11-10,16.25,21.83,2.12,16.22,21.86
2014-11-11,17.34,22.99,1.64,12.93,21.56
2014-11-12,17.8,21.06,3.28,15.58,21.4
2014-11-13,17.17,20.34,2.97,16.76,20.38
2014-11-14,16.77,21.38,2.44,15.62,20.06
2014-11-15,17.34,22.52,1.83,14.14,20.61
2014-11-16,17.2,21.88,2.4,15.0,20.99
2014-11-17,17.21,21.15,2.34,14.22,20.25
2014-11-18,17.36,20.65,2.61,15.27,20.52
2014-11-19,16.96,21.39,3.07,19.42,21.17
2014-11-20,15.63,21.69,1.82,18.67,20.0
2014-11-21,15.16,22.23,1.62,17.75,20.64
2014-11-22,15.68,21.47,2.18,18.73,20.53
2014-11-23,15.57,19.46,3.41,20.81,19.33
2014-11-24,15.26,18.8,2.53,20.91,18.52
2014-11-25,15.49,19.97,2.75,17.77,19.56
2014-11-26,14.85,21.49,2.36,15.57,20.11
2014-11-27,14.61,23.13,2.97,22.07,21.55
2014-11-28,14.09,23.01,3.1,34.86,22.65
2014-11-29,13.59,22.05,1.88,29.72,21.39
2014-11-30,14.07,21.73,2.13,29.85,21.25
2014-12-01,14.28,21.11,2.85,32.2,20.85
2014-12-02,14.61,22.36,1.45,27.62,20.67
2014-12-03,14.27,22.87,1.68,26.18,20.91
2014-12-04,14.76,22.3,1.69,27.15,20.48
2014-12-05,14.8,20.99,2.36,27.18,20.22
2014-12-06,14.62,20.25,1.99,27.07,19.34
2014-12-07,13.7,21.04,1.49,23.16,19.85
2014-12-08,14.67,19.92,2.54,22.23,18.69
2014-12-09,15.09,19.12,2.31,19.6,17.78
2014-12-10,14.91,16.87,2.76,16.44,15.95
2014-12-11,14.44,15.04,3.72,15.23,14.77
2014-12-12,13.83,15.79,4.81,21.41,15.84
2014-12-13,12.4,15.53,4.42,22.92,15.34
2014-12-14,12.15,14.62,2.33,17.92,13.45
2014-12-15,12.44,15.16,1.9,27.44,13.79
2014-12-16,13.79,14.15,2.96,34.6,14.09
2014-12-17,13.88,14.28,2.29,28.91,13.75
2014-12-18,12.61,15.13,1.97,26.76,14.27
2014-12-19,12.27,16.0,2.31,22.64,15.85
2014-12-20,11.8,13.56,3.18,26.46,13.57
2014-12-21,13.96,14.23,2.69,20.87,13.44
2014-12-22,13.23,13.36,2.52,22.99,13.8
2014-12-23,10.49,13.3,3.04,26.08,12.99
2014-12-24,10.31,12.96,2.86,31.35,13.34
2014-12-25,11.95,14.61,2.17,28.52,13.96
2014-12-26,13.21,15.79,2.26,27.92,15.07
2014-12-27,14.88,16.07,2.56,28.94,14.29
2014-12-28,15.01,14.81,2.9,22.43,14.72
2014-12-29,15.07,13.61,3.09,20.41,13.57
2014-12-30,14.04,12.56,3.21,22.06,12.7
2014-12-31,12.65,11.76,3.47,24.57,11.84
2015-01-01,10.2,12.42,4.11,31.46,12.56
2015-01-02,11.82,15.47,3.09,43.1,15.98
2015-01-03,13.32,16.48,2.48,62.98,17.2
2015-01-04,13.28,16.2,3.31,48.55,16.78
2015-01-05,13.16,16.24,2.39,40.6,16.6
2015-01-06,13.88,17.18,2.69,39.26,16.05
2015-01-07,13.58,17.38,1.93,34.99,16.46
2015-01-08,14.5,16.22,2.67,28.37,16.42
2015-01-09,14.24,16.01,2.92,23.86,16.57
2015-01-10,13.3,14.83,2.4,26.66,14.77
2015-01-11,13.97,16.8,1.66,25.84,15.22
2015-01-12,14.98,18.03,1.79,25.97,16.67
2015-01-13,12.18,17.71,2.96,27.9,16.99
2015-01-14,9.47,14.4,3.13,40.59,15.27
2015-01-15,8.98,12.96,3.16,52.58,13.87
2015-01-16,12.69,13.53,2.42,52.64,13.62
2015-01-17,15.4,14.44,1.98,44.02,14.32
2015-01-18,15.37,14.74,2.15,31.4,14.36
2015-01-19,15.78,15.02,3.42,28.79,14.92
2015-01-20,14.69,15.8,3.66,30.54,15.61
2015-01-21,11.07,17.74,3.47,28.7,17.64
2015-01-22,8.68,13.81,3.08,52.0,15.3
2015-01-23,10.23,12.47,3.19,54.1,13.69
2015-01-24,13.62,12.47,2.1,48.01,13.5
2015-01-25,15.9,13.35,2.97,40.55,14.02
2015-01-26,16.09,12.82,3.3,37.13,13.53
2015-01-27,15.56,12.04,2.84,38.17,12.94
2015-01-28,14.8,11.59,2.67,35.02,11.98
2015-01-29,17.27,13.2,3.13,25.59,13.02
2015-01-30,16.61,14.26,2.85,22.74,14.6
2015-01-31,17.46,17.05,2.06,17.43,16.63
2015-02-01,17.0,17.3,2.96,19.86,17.51
2015-02-02,10.17,17.42,2.45,26.85,17.63
2015-02-03,17.18,15.75,2.76,51.01,17.24
2015-02-04,18.04,15.5,3.82,46.79,16.39
2015-02-05,17.77,15.86,1.56,33.65,16.85
2015-02-06,16.99,16.23,3.29,26.85,17.08
2015-02-07,16.62,16.84,3.09,29.45,18.33
2015-02-08,17.44,16.08,4.23,46.02,17.3
2015-02-09,17.89,16.64,4.06,44.0,18.02
2015-02-10,18.16,16.74,2.62,32.56,18.35
2015-02-11,18.83,17.3,2.59,26.7,17.95
2015-02-12,17.96,19.58,2.42,22.01,20.18
2015-02-13,17.62,21.42,4.24,23.12,21.23
2015-02-14,18.41,22.71,3.25,34.33,22.87
2015-02-15,17.78,24.12,3.25,23.93,23.47
2015-02-16,18.34,24.57,3.62,34.5,25.75
2015-02-17,16.29,21.74,3.25,35.99,23.23
2015-02-18,15.94,22.32,1.94,33.34,23.43
2015-02-19,18.3,23.87,3.24,30.37,23.86
2015-02-20,15.55,23.36,2.35,31.58,24.9
2015-02-21,17.37,22.12,3.65,38.51,24.02
2015-02-22,17.68,22.71,2.1,38.53,24.63
2015-02-23,15.66,25.04,3.47,30.2,24.84
2015-02-24,9.72,24.55,5.02,30.46,24.68
2015-02-25,21.42,18.49,6.15,15.15,19.51
2015-02-26,22.02,16.33,2.43,14.34,18.31
2015-02-27,20.37,17.16,3.0,16.51,18.95
2015-02-28,10.01,17.73,4.16,23.6,18.89
2015-03-01,3.64,14.94,5.48,62.9,15.82
2015-03-02,19.65,15.66,1.62,60.75,17.61
2015-03-03,20.88,18.13,2.95,43.43,19.97
2015-03-04,21.98,19.22,2.19,31.57,21.07
2015-03-05,18.42,19.76,3.62,37.96,21.34
2015-03-06,19.65,18.27,3.2,55.6,20.11
2015-03-07,18.35,18.98,2.81,59.7,19.86
2015-03-08,20.56,17.96,4.48,39.6,17.86
2015-03-09,23.89,17.09,3.26,22.58,17.53
2015-03-10,22.95,17.13,3.71,32.5,18.42
2015-03-11,22.29,19.86,2.63,25.41,21.81
2015-03-12,20.24,22.09,3.69,23.2,23.45
2015-03-13,18.53,22.67,2.37,33.97,24.09
2015-03-14,16.65,23.06,4.56,45.24,24.08
2015-03-15,20.67,20.45,3.08,55.27,21.81
2015-03-16,23.3,19.92,2.36,48.16,22.73
2015-03-17,22.87,20.17,3.5,47.15,22.22
2015-03-18,23.61,23.14,1.89,36.13,23.89
2015-03-19,21.19,24.63,2.63,28.12,26.79
2015-03-20,21.53,26.1,2.88,27.94,28.45
2015-03-21,23.51,26.75,3.37,26.13,28.87
2015-03-22,22.06,27.75,2.58,28.28,29.43
2015-03-23,23.42,30.0,2.84,27.3,30.62
2015-03-24,23.42,32.17,1.91,19.92,32.07
2015-03-25,23.92,30.09,2.59,20.39,31.82
2015-03-26,19.15,29.01,3.05,28.68,30.59
2015-03-27,24.13,29.91,2.87,27.91,32.17
2015-03-28,23.39,31.05,3.21,26.13,32.9
2015-03-29,19.42,29.06,3.84,30.33,31.12
2015-03-30,23.73,26.1,3.76,42.46,29.36
2015-03-31,24.3,26.73,3.12,33.53,29.51
2015-04-01,24.32,29.62,3.99,25.94,31.2
2015-04-02,20.84,30.68,3.1,33.61,33.33
2015-04-03,20.27,25.51,5.45,55.56,26.8
2015-04-04,23.11,23.43,3.37,63.72,25.21
2015-04-05,23.95,25.94,3.16,41.76,28.28
2015-04-06,17.2,27.83,2.83,32.88,30.39
2015-04-07,23.93,26.41,3.57,41.5,29.32
2015-04-08,26.52,26.05,4.15,37.79,28.38
2015-04-09,26.28,27.12,2.33,32.21,29.78
2015-04-10,25.68,29.76,1.93,23.68,32.17
2015-04-11,19.98,28.54,2.73,29.42,30.5
2015-04-12,22.8,28.01,2.72,37.74,30.91
2015-04-13,25.37,29.01,3.22,38.01,31.87
2015-04-14,23.92,29.27,3.64,39.51,32.41
2015-04-15,25.19,30.17,3.09,35.86,33.25
2015-04-16,25.12,32.11,2.71,31.27,35.15
2015-04-17,25.03,33.06,3.38,26.97,34.94
2015-04-18,25.5,34.68,4.07,19.82,34.75
2015-04-19,24.44,35.12,4.81,18.07,36.21
2015-04-20,23.23,32.88,4.8,23.05,35.02
2015-04-21,24.19,32.56,2.63,22.45,34.7
2015-04-22,27.94,33.63,1.96,12.83,34.32
2015-04-23,28.07,34.05,2.16,10.6,35.19
2015-04-24,28.3,33.86,3.87,11.17,35.19
2015-04-25,26.92,35.41,4.43,15.48,36.56
2015-04-26,26.68,35.03,3.18,19.11,37.05
2015-04-27,24.4,35.46,6.01,24.61,36.98
2015-04-28,26.45,34.13,3.64,19.43,36.36
2015-04-29,27.78,35.98,2.34,11.15,36.24
2015-04-30,26.09,33.66,5.23,13.98,34.91
2015-05-01,27.58,31.44,3.09,20.74,34.69
2015-05-02,28.32,33.18,2.46,15.9,36.35
2015-05-03,28.75,34.35,2.98,12.05,36.48
2015-05-04,27.33,34.01,2.89,12.43,36.71
2015-05-05,27.84,35.21,3.23,12.25,37.09
2015-05-06,27.41,35.24,4.73,14.63,37.17
2015-05-07,27.54,34.39,5.57,17.12,35.94
2015-05-08,26.73,35.1,4.32,26.75,37.76
2015-05-09,21.94,35.25,4.94,27.87,37.56
2015-05-10,25.26,35.47,3.02,23.95,38.56
2015-05-11,21.03,35.39,3.4,29.65,37.86
2015-05-12,26.38,32.07,2.33,37.55,33.45
2015-05-13,25.48,32.27,1.66,32.36,34.84
2015-05-14,26.0,33.7,1.49,29.25,37.22
2015-05-15,26.52,34.68,2.37,25.53,38.12
2015-05-16,27.41,36.58,2.74,19.6,39.04
2015-05-17,27.64,36.5,3.73,26.03,39.25
2015-05-18,26.48,37.38,3.76,27.95,40.25
2015-05-19,24.1,37.84,1.96,23.37,40.34
2015-05-20,23.94,36.64,2.18,27.39,39.01
2015-05-21,24.22,37.43,4.52,24.59,39.86
2015-05-22,26.13,37.42,5.5,20.97,39.61
2015-05-23,27.67,37.03,5.88,24.79,39.3
2015-05-24,28.63,36.74,6.59,17.93,38.36
2015-05-25,27.79,36.62,7.63,19.4,37.97
2015-05-26,29.55,36.0,4.36,17.02,38.39
2015-05-27,26.72,36.35,4.01,16.63,38.75
2015-05-28,26.05,35.08,3.47,33.06,37.13
2015-05-29,26.04,34.57,2.76,31.39,37.2
2015-05-30,26.36,36.12,3.01,25.48,39.15
2015-05-31,25.83,36.6,2.66,22.24,39.21
2015-06-01,26.01,37.42,4.07,21.18,39.82
2015-06-02,22.44,31.56,3.08,54.0,31.97
2015-06-03,23.75,31.81,1.7,39.59,35.15
2015-06-04,26.14,31.72,2.03,38.91,35.3
2015-06-05,27.25,33.51,3.31,30.04,36.65
2015-06-06,27.9,35.9,2.26,22.45,38.39
2015-06-07,27.38,36.6,2.62,22.0,39.51
2015-06-08,22.99,37.68,3.45,22.8,40.61
2015-06-09,16.31,34.66,6.7,37.05,36.37
2015-06-10,16.49,33.86,5.98,44.09,35.76
2015-06-11,24.72,34.31,3.78,45.5,37.91
2015-06-12,27.66,35.54,4.45,39.49,39.02
2015-06-13,27.2,35.78,5.67,34.44,38.65
2015-06-14,25.3,34.87,4.82,42.88,36.81
2015-06-15,21.56,33.88,3.45,46.13,37.15
2015-06-16,25.99,34.99,2.22,38.81,39.17
2015-06-17,22.17,36.58,1.64,33.37,41.27
2015-06-18,27.03,38.51,1.32,28.69,43.2
2015-06-19,25.43,38.81,2.03,29.98,43.9
2015-06-20,25.88,39.6,1.64,27.68,44.57
2015-06-21,23.77,38.0,1.96,31.82,42.4
2015-06-22,25.9,37.56,1.74,36.17,42.46
2015-06-23,23.3,36.93,2.94,39.8,40.68
2015-06-24,22.8,34.68,3.05,45.51,38.63
2015-06-25,21.9,34.64,2.97,44.7,38.09
2015-06-26,24.03,33.61,5.65,53.52,34.4
2015-06-27,25.67,34.05,5.04,45.91,35.52
2015-06-28,25.73,35.66,5.03,40.24,38.62
2015-06-29,24.74,36.45,5.63,34.93,39.27
2015-06-30,20.58,35.33,4.21,42.37,38.25
2015-07-01,21.98,34.42,3.97,42.31,36.19
2015-07-02,16.5,34.54,3.93,45.4,37.13
2015-07-03,21.71,35.82,5.27,41.17,38.54
2015-07-04,24.8,36.3,7.73,39.3,38.84
2015-07-05,22.98,36.05,8.59,45.39,38.73
2015-07-06,23.16,35.77,7.6,44.07,38.62
2015-07-07,19.08,34.68,4.46,47.57,37.81
2015-07-08,20.99,34.41,1.41,47.89,36.54
2015-07-09,22.84,35.32,3.31,43.24,37.58
2015-07-10,22.82,35.05,4.28,42.93,37.89
2015-07-11,23.12,33.22,3.08,50.21,35.45
2015-07-12,24.58,34.12,2.8,45.59,36.98
2015-07-13,21.71,33.27,4.2,54.56,36.14
2015-07-14,24.46,34.17,6.01,47.75,36.85
2015-07-15,24.77,34.63,8.11,43.3,36.88
2015-07-16,24.21,34.66,6.86,46.3,37.53
2015-07-17,24.37,35.04,5.49,45.01,38.6
2015-07-18,22.11,35.49,4.32,42.56,39.34
2015-07-19,21.03,36.29,3.18,39.96,40.06
2015-07-20,22.72,35.42,2.66,42.81,39.23
2015-07-21,20.05,33.2,2.71,54.67,34.66
2015-07-22,23.14,32.57,1.87,58.84,35.01
2015-07-23,22.5,32.75,1.41,61.7,34.48
2015-07-24,19.2,31.05,1.89,71.33,32.11
2015-07-25,19.75,30.46,2.17,72.7,31.63
2015-07-26,16.94,30.33,2.46,75.75,30.62
2015-07-27,16.17,30.86,4.95,68.2,31.79
2015-07-28,21.43,29.86,7.18,67.92,30.72
2015-07-29,8.9,27.19,5.36,76.54,27.43
2015-07-30,13.39,28.56,4.78,81.24,28.69
2015-07-31,14.86,28.79,5.45,78.52,28.98
2015-08-01,22.08,29.97,5.36,70.37,30.5
2015-08-02,22.49,30.29,4.01,64.47,31.44
2015-08-03,24.96,31.44,3.42,59.02,34.0
2015-08-04,24.94,32.09,4.57,54.07,34.21
2015-08-05,24.29,32.18,3.97,54.39,34.69
2015-08-06,23.68,32.77,4.86,54.9,35.05
2015-08-07,24.0,33.32,5.16,53.58,35.8
2015-08-08,24.66,33.09,5.73,52.98,35.18
2015-08-09,23.77,32.38,5.08,53.86,34.57
2015-08-10,24.79,32.26,4.05,53.73,34.33
2015-08-11,22.66,33.0,3.53,52.28,35.71
2015-08-12,15.77,32.44,2.69,57.99,34.66
2015-08-13,21.42,31.12,2.64,66.77,32.66
2015-08-14,22.04,30.89,3.46,67.6,32.05
2015-08-15,20.32,29.97,4.33,74.77,30.16
2015-08-16,23.51,29.93,3.47,72.5,30.93
2015-08-17,25.47,31.58,4.12,61.75,33.6
2015-08-18,25.71,32.66,5.5,56.63,34.62
2015-08-19,24.64,31.98,7.22,57.92,33.46
2015-08-20,24.91,30.95,6.66,58.79,32.74
2015-08-21,24.7,30.58,5.57,58.68,32.58
2015-08-22,24.45,31.31,5.87,59.64,33.39
2015-08-23,24.36,31.46,5.76,58.87,33.5
2015-08-24,20.85,31.1,4.64,59.38,33.46
2015-08-25,24.55,31.27,4.4,56.51,33.46
2015-08-26,24.54,31.79,4.94,54.31,33.77
2015-08-27,24.27,31.96,4.62,53.19,34.06
2015-08-28,23.26,32.25,3.87,53.34,34.75
2015-08-29,24.31,32.22,4.2,52.5,34.46
2015-08-30,24.59,32.02,5.32,52.66,34.0
2015-08-31,24.33,31.36,4.66,52.9,33.59
2015-09-01,22.82,30.56,5.2,49.05,32.16
2015-09-02,23.11,29.89,5.78,48.66,31.47
2015-09-03,24.23,30.26,5.29,46.59,31.92
2015-09-04,24.45,31.03,3.4,44.76,33.41
2015-09-05,24.67,30.76,4.31,43.15,32.85
2015-09-06,24.16,30.59,4.47,44.22,32.66
2015-09-07,24.0,30.79,3.89,45.46,33.12
2015-09-08,23.91,31.14,3.35,45.41,33.75
2015-09-09,23.32,31.96,3.09,41.66,34.18
2015-09-10,23.97,32.13,2.88,39.67,34.43
2015-09-11,23.69,32.5,3.21,38.24,34.35
2015-09-12,23.74,32.88,2.71,34.64,34.6
2015-09-13,23.2,33.83,2.52,33.37,35.55
2015-09-14,23.81,33.18,3.79,36.56,34.93
2015-09-15,23.57,32.6,3.11,37.56,34.39
2015-09-16,23.65,32.62,2.23,37.26,34.62
2015-09-17,22.54,33.49,1.93,34.82,35.29
2015-09-18,20.55,32.74,3.54,32.74,34.06
2015-09-19,16.7,30.23,5.15,54.66,31.66
2015-09-20,16.84,29.74,3.13,64.66,30.5
2015-09-21,7.84,27.59,3.1,73.67,28.27
2015-09-22,18.62,26.94,4.51,76.99,27.47
2015-09-23,22.61,27.72,4.58,49.58,28.32
2015-09-24,22.0,27.23,3.44,46.47,28.51
2015-09-25,22.04,28.2,4.99,47.31,29.27
2015-09-26,22.11,28.66,5.16,52.03,29.84
2015-09-27,22.1,29.13,2.31,47.64,30.99
2015-09-28,22.48,29.7,1.94,36.67,30.53
2015-09-29,22.54,30.49,1.59,32.07,31.27
2015-09-30,22.57,29.71,2.36,36.69,30.86
2015-10-01,22.38,31.58,1.23,29.72,31.6
2015-10-02,22.53,31.24,2.47,28.28,31.45
2015-10-03,22.17,30.85,3.86,27.41,31.09
2015-10-04,21.99,29.75,4.11,33.31,30.4
2015-10-05,21.5,29.64,3.44,37.88,30.42
2015-10-06,21.05,30.34,2.68,33.96,30.53
2015-10-07,21.43,31.0,2.39,30.07,30.99
2015-10-08,21.08,30.82,2.97,28.53,30.62
2015-10-09,21.15,29.36,4.72,31.79,29.75
2015-10-10,21.04,29.06,5.55,40.6,29.76
2015-10-11,20.74,28.53,5.21,45.71,29.38
2015-10-12,20.15,28.34,3.72,39.76,29.25
2015-10-13,20.37,28.49,3.84,37.15,28.97
2015-10-14,19.65,29.65,3.3,38.21,30.01
2015-10-15,19.23,29.67,1.73,37.18,31.13
2015-10-16,19.37,29.85,2.08,34.89,30.52
2015-10-17,18.72,30.38,1.57,30.1,30.0
2015-10-18,19.42,30.08,2.47,31.32,30.58
2015-10-19,17.65,30.11,1.54,30.5,29.85
2015-10-20,18.44,28.58,2.02,35.22,29.58
2015-10-21,18.45,26.5,2.86,35.5,27.87
2015-10-22,19.07,26.17,2.26,28.2,26.54
2015-10-23,18.73,27.83,1.91,25.11,27.5
2015-10-24,17.77,28.1,3.59,27.64,28.68
2015-10-25,16.16,26.48,2.48,35.42,27.7
2015-10-26,17.51,23.1,3.84,45.96,24.29
2015-10-27,17.38,22.03,3.38,45.54,22.96
2015-10-28,18.91,21.99,3.3,40.96,22.43
2015-10-29,17.98,22.09,2.44,37.93,22.48
2015-10-30,16.78,22.68,2.81,43.09,23.66
2015-10-31,16.04,22.63,3.02,41.11,23.54
2015-11-01,14.08,22.59,2.98,42.52,23.55
2015-11-02,14.48,23.98,2.94,45.08,25.23
2015-11-03,13.72,24.06,2.89,42.55,24.7
2015-11-04,14.7,24.96,2.57,36.77,24.78
2015-11-05,15.35,24.24,2.53,33.71,24.71
2015-11-06,14.05,21.47,3.71,32.96,21.92
2015-11-07,12.19,20.88,3.33,32.83,21.02
2015-11-08,12.22,21.31,3.73,28.45,21.65
2015-11-09,12.23,21.59,3.3,34.3,22.28
2015-11-10,11.04,21.33,3.52,38.17,21.95
2015-11-11,11.33,21.7,3.02,40.18,22.58
2015-11-12,13.49,22.78,2.08,38.62,23.28
2015-11-13,12.71,23.44,2.61,40.38,23.85
2015-11-14,12.23,22.72,2.21,45.44,23.46
2015-11-15,13.07,22.89,2.01,43.57,23.15
2015-11-16,15.23,22.13,3.53,37.93,21.74
2015-11-17,17.29,22.54,1.45,23.3,20.63
2015-11-18,16.8,21.0,2.4,22.56,20.5
2015-11-19,17.04,20.16,2.77,22.92,19.89
2015-11-20,16.26,20.04,2.84,24.06,19.95
2015-11-21,15.78,19.77,3.03,28.0,19.95
2015-11-22,14.36,20.38,2.84,27.59,20.59
2015-11-23,13.29,20.22,2.37,30.96,20.47
2015-11-24,14.04,20.17,3.55,34.85,20.5
2015-11-25,13.65,20.58,2.62,33.73,20.78
2015-11-26,15.58,18.85,3.38,26.46,18.4
2015-11-27,15.1,18.39,2.24,25.68,17.34
2015-11-28,15.17,19.13,2.02,26.77,17.48
2015-11-29,11.94,18.86,2.61,35.43,18.13
2015-11-30,10.89,18.77,3.01,45.45,18.33
2015-12-01,13.01,19.55,2.11,38.49,18.17
2015-12-02,13.86,20.31,2.24,31.17,18.89
2015-12-03,14.61,19.29,2.28,33.54,18.52
2015-12-04,15.17,20.29,3.12,25.02,18.28
2015-12-05,14.84,20.6,1.9,19.97,18.48
2015-12-06,14.83,20.1,1.84,22.23,18.76
2015-12-07,13.1,19.46,2.18,25.51,19.06
2015-12-08,13.82,19.68,1.94,26.82,18.82
2015-12-09,11.49,20.26,2.75,32.62,19.15
2015-12-10,8.59,18.7,3.06,38.42,19.25
2015-12-11,15.69,13.74,3.88,23.44,13.37
2015-12-12,15.61,14.36,2.36,22.63,12.72
2015-12-13,15.52,14.85,1.53,23.95,13.15
2015-12-14,15.65,13.29,2.98,23.24,12.51
2015-12-15,15.25,15.38,1.87,18.65,13.02
2015-12-16,14.69,15.44,2.25,18.22,13.87
2015-12-17,14.59,14.88,3.43,19.96,13.57
2015-12-18,13.38,13.56,2.55,22.77,12.59
2015-12-19,14.11,14.35,2.33,22.97,12.7
2015-12-20,13.44,14.15,2.9,24.56,12.99
2015-12-21,12.85,14.17,2.64,28.02,13.32
2015-12-22,12.86,14.77,2.5,27.56,14.16
2015-12-23,13.27,14.02,3.07,27.28,13.77
2015-12-24,13.67,12.19,3.18,31.13,11.54
2015-12-25,13.89,13.48,2.11,22.6,12.38
2015-12-26,12.84,15.37,2.42,20.21,15.15
2015-12-27,13.5,17.38,2.46,17.43,17.13
2015-12-28,13.53,17.66,2.5,20.92,17.22
2015-12-29,12.45,18.84,2.12,28.48,17.46
2015-12-30,14.38,18.99,2.28,30.22,18.17
2015-12-31,13.24,17.09,4.09,32.23,16.86
2016-01-01,14.69,16.65,3.07,28.39,16.68
2016-01-02,14.21,16.66,3.14,26.89,16.66
2016-01-03,14.16,18.08,1.68,21.05,16.74
2016-01-04,9.96,19.83,2.92,25.02,18.5
2016-01-05,13.31,17.94,2.64,30.0,17.91
2016-01-06,8.71,17.05,2.07,37.19,16.7
2016-01-07,9.9,17.5,2.4,41.69,17.61
2016-01-08,13.41,17.21,2.05,43.92,17.05
2016-01-09,14.43,18.22,2.1,36.77,16.22
2016-01-10,15.09,18.75,2.66,29.99,16.85
2016-01-11,15.28,18.21,1.86,29.79,17.19
2016-01-12,11.9,17.94,2.65,42.91,17.66
2016-01-13,13.03,15.26,3.18,49.16,15.91
2016-01-14,13.36,14.9,1.99,40.74,14.3
2016-01-15,15.49,14.93,3.01,43.56,14.43
2016-01-16,15.08,15.49,1.6,36.72,15.05
2016-01-17,15.53,15.29,3.21,32.94,15.32
2016-01-18,14.52,14.64,3.77,30.79,15.03
2016-01-19,12.54,13.8,3.35,32.29,14.05
2016-01-20,15.62,16.2,0.96,26.17,14.48
2016-01-21,16.58,16.07,2.22,22.03,14.16
2016-01-22,16.14,16.1,1.93,19.82,15.06
2016-01-23,13.16,14.56,3.05,22.99,14.88
2016-01-24,13.39,13.54,2.79,25.49,13.85
2016-01-25,14.68,13.34,2.76,23.14,13.65
2016-01-26,13.85,15.29,2.4,21.9,16.01
2016-01-27,12.27,14.7,2.79,23.25,15.18
2016-01-28,13.08,17.78,2.0,23.64,17.23
2016-01-29,13.53,20.23,3.84,40.74,20.03
2016-01-30,14.85,21.2,2.14,49.86,22.18
2016-01-31,13.83,18.24,3.8,41.62,19.0
2016-02-01,17.39,16.95,2.73,21.41,17.41
2016-02-02,18.49,16.34,2.34,18.89,16.4
2016-02-03,18.63,16.77,3.05,18.85,16.34
2016-02-04,18.72,17.67,1.88,16.45,17.19
2016-02-05,18.57,16.98,3.28,18.9,17.32
2016-02-06,17.68,16.53,3.08,20.64,16.82
2016-02-07,17.91,17.31,3.02,20.43,17.32
2016-02-08,17.66,17.58,2.23,21.77,17.86
2016-02-09,18.21,18.19,2.36,23.2,18.38
2016-02-10,18.12,18.87,4.07,23.23,19.22
2016-02-11,19.61,16.57,3.0,15.02,16.44
2016-02-12,17.57,15.81,3.32,16.97,16.36
2016-02-13,17.46,15.36,3.45,29.84,16.33
2016-02-14,18.23,15.65,3.18,24.57,16.55
2016-02-15,19.25,15.38,4.08,20.52,15.8
2016-02-16,19.5,15.69,4.09,21.83,16.18
2016-02-17,17.03,18.28,4.84,20.57,19.14
2016-02-18,11.05,20.99,4.77,33.06,21.66
2016-02-19,12.34,21.13,4.19,50.45,22.38
2016-02-20,17.78,19.72,3.36,57.4,20.44
2016-02-21,21.25,22.13,0.9,26.93,20.74
2016-02-22,21.1,23.31,1.63,15.69,20.94
2016-02-23,21.15,23.35,2.2,14.12,21.32
2016-02-24,21.7,24.37,1.83,12.02,22.38
2016-02-25,21.12,24.6,1.98,10.77,23.41
2016-02-26,21.28,22.94,3.61,13.07,23.66
2016-02-27,20.78,22.5,2.5,15.17,22.88
2016-02-28,20.74,23.36,3.18,17.42,24.19
2016-02-29,19.96,24.19,3.44,17.91,25.4
2016-03-01,17.65,25.02,3.42,19.7,25.85
2016-03-02,18.77,26.39,2.73,20.4,27.85
2016-03-03,20.44,26.48,2.57,22.33,27.7
2016-03-04,15.21,25.56,3.17,33.71,26.59
2016-03-05,20.93,22.8,3.93,54.31,24.37
2016-03-06,21.53,21.74,3.38,49.12,24.06
2016-03-07,19.66,21.48,2.94,45.14,23.38
2016-03-08,21.54,23.73,1.63,35.14,25.63
2016-03-09,20.62,25.37,2.32,35.92,27.36
2016-03-10,16.78,26.29,3.44,40.03,27.5
2016-03-11,18.1,25.91,5.06,41.46,26.83
2016-03-12,22.13,23.5,3.76,48.15,25.39
2016-03-13,20.24,22.43,2.42,49.33,24.24
2016-03-14,23.11,22.89,3.19,39.71,24.94
2016-03-15,23.18,24.24,3.5,27.6,26.16
2016-03-16,21.08,25.07,3.24,26.34,26.23
2016-03-17,18.65,25.77,3.9,35.49,26.76
2016-03-18,21.21,25.37,2.62,40.19,28.75
2016-03-19,22.0,27.95,2.37,33.36,29.38
2016-03-20,23.59,27.32,1.71,24.94,29.61
2016-03-21,24.79,26.32,3.62,24.24,28.59
2016-03-22,25.86,25.99,2.45,23.23,27.52
2016-03-23,24.16,29.27,2.98,14.1,29.15
2016-03-24,20.19,29.45,2.69,18.74,29.51
2016-03-25,21.44,25.26,6.54,34.0,26.45
2016-03-26,24.56,24.43,4.85,38.11,26.45
2016-03-27,25.65,25.4,2.62,21.59,27.26
2016-03-28,23.28,27.62,1.71,15.44,27.31
2016-03-29,25.02,29.77,1.31,13.46,30.7
2016-03-30,23.98,30.43,2.44,13.08,31.46
2016-03-31,21.49,31.15,2.39,17.02,32.44
2016-04-01,24.03,32.87,1.34,16.58,34.4
2016-04-02,22.76,32.22,3.47,30.26,33.71
2016-04-03,18.9,31.21,5.04,27.99,32.35
2016-04-04,23.42,29.82,2.47,28.77,32.21
2016-04-05,19.2,29.93,2.37,24.91,30.7
2016-04-06,25.03,28.53,3.18,27.62,31.41
2016-04-07,26.39,28.73,2.98,30.16,31.95
2016-04-08,21.73,30.09,3.24,23.05,32.48
2016-04-09,24.51,28.06,4.07,28.27,29.74
2016-04-10,23.53,28.22,3.19,28.4,29.92
2016-04-11,25.56,28.57,3.52,35.27,31.78
2016-04-12,27.51,29.75,2.56,24.52,32.46
2016-04-13,26.42,31.6,4.29,19.66,32.86
2016-04-14,25.72,32.47,4.93,20.97,33.97
2016-04-15,24.93,33.57,4.46,24.43,35.37
2016-04-16,24.08,33.78,5.18,29.34,36.07
2016-04-17,23.39,33.32,3.59,32.43,35.88
2016-04-18,22.44,31.65,3.64,22.46,34.89
2016-04-19,24.95,31.06,4.5,24.44,33.44
2016-04-20,27.06,32.18,1.91,22.21,35.11
2016-04-21,26.97,33.36,2.43,19.24,35.52
2016-04-22,27.38,32.01,4.84,13.69,34.24
2016-04-23,29.71,30.32,3.72,5.49,31.33
2016-04-24,28.3,31.74,2.47,5.68,33.34
2016-04-25,28.22,33.0,2.66,10.04,34.99
2016-04-26,27.3,32.56,3.28,14.86,34.53
2016-04-27,27.72,32.97,2.38,11.1,35.32
2016-04-28,28.18,34.21,1.83,9.67,36.4
2016-04-29,27.29,35.39,2.44,11.33,37.01
2016-04-30,27.82,36.15,2.03,11.86,37.87
2016-05-01,26.53,35.76,4.35,15.7,37.9
2016-05-02,23.18,34.81,6.1,24.1,35.74
2016-05-03,25.79,34.63,6.65,23.0,36.56
2016-05-04,21.9,31.13,3.67,32.91,33.15
2016-05-05,19.84,30.13,3.17,33.7,32.65
2016-05-06,27.17,32.12,2.28,33.21,34.83
2016-05-07,28.34,35.14,2.66,22.01,37.13
2016-05-08,27.56,36.04,4.17,23.23,38.51
2016-05-09,27.5,36.7,5.21,23.49,39.16
2016-05-10,27.61,36.38,5.52,23.54,38.52
2016-05-11,26.92,36.3,4.1,21.54,38.6
2016-05-12,25.27,36.07,3.08,22.49,39.13
2016-05-13,25.02,37.35,4.77,21.98,40.22
2016-05-14,26.76,37.34,4.44,22.07,40.27
2016-05-15,26.42,37.01,2.12,17.17,40.39
2016-05-16,24.13,37.83,3.19,19.68,40.55
2016-05-17,27.98,38.64,4.26,17.23,40.8
2016-05-18,28.98,38.96,4.96,14.8,40.93
2016-05-19,28.51,39.29,5.34,15.86,41.03
2016-05-20,27.1,39.42,5.13,17.69,41.81
2016-05-21,27.82,37.04,6.49,31.66,37.3
2016-05-22,26.98,37.46,7.85,36.98,39.71
2016-05-23,22.07,36.96,7.37,37.39,39.17
2016-05-24,25.7,36.21,5.79,26.82,38.44
2016-05-25,26.09,36.15,7.49,31.46,38.42
2016-05-26,24.46,36.26,9.08,33.31,38.31
2016-05-27,26.58,35.34,7.43,35.56,37.92
2016-05-28,26.32,35.81,8.02,38.13,38.62
2016-05-29,25.85,35.66,8.48,40.63,38.09
2016-05-30,26.85,35.2,6.45,37.0,38.37
2016-05-31,25.83,35.76,5.79,34.66,38.82
2016-06-01,27.83,35.46,5.57,34.36,38.77
2016-06-02,27.99,35.14,5.05,34.25,38.54
2016-06-03,27.85,36.02,4.28,26.8,39.29
2016-06-04,29.38,36.47,3.57,18.02,39.59
2016-06-05,29.49,37.3,2.3,12.26,40.71
2016-06-06,28.99,38.81,2.64,12.57,42.28
2016-06-07,28.0,38.72,5.22,19.27,41.19
2016-06-08,28.31,38.67,6.43,22.2,41.09
2016-06-09,26.71,37.97,6.27,28.44,40.75
2016-06-10,24.8,37.51,6.68,32.34,40.49
2016-06-11,23.29,36.87,6.55,39.93,39.65
2016-06-12,20.72,36.22,5.97,41.72,37.84
2016-06-13,23.03,36.42,8.02,39.23,38.98
2016-06-14,24.86,36.16,6.31,40.94,39.56
2016-06-15,25.3,36.23,7.68,39.28,39.21
2016-06-16,24.61,37.32,6.25,34.66,40.2
2016-06-17,25.77,37.34,4.68,28.81,41.21
2016-06-18,24.57,37.13,4.73,31.31,41.22
2016-06-19,25.77,38.44,3.08,26.01,42.77
2016-06-20,27.11,39.87,2.75,22.38,44.09
2016-06-21,25.77,39.75,3.17,24.78,44.13
2016-06-22,24.9,37.9,5.5,35.28,42.67
2016-06-23,25.77,37.36,5.8,36.41,41.1
2016-06-24,26.14,37.67,4.41,35.54,41.37
2016-06-25,22.21,38.31,4.49,34.93,41.64
2016-06-26,22.9,37.29,4.01,38.35,41.09
2016-06-27,21.89,35.08,3.48,49.47,36.83
2016-06-28,19.96,33.38,2.13,57.6,34.94
2016-06-29,16.47,35.81,1.34,45.76,38.66
2016-06-30,23.86,36.17,2.28,48.26,38.08
2016-07-01,27.16,35.59,6.06,47.51,37.47
2016-07-02,23.02,36.23,5.94,45.12,39.13
2016-07-03,23.25,33.94,3.59,57.59,35.12
2016-07-04,25.59,34.79,2.79,52.41,37.69
2016-07-05,25.95,35.92,6.28,43.55,38.66
2016-07-06,23.91,36.29,6.08,42.01,39.06
2016-07-07,21.7,36.2,4.88,42.17,39.8
2016-07-08,24.82,36.82,4.73,42.41,40.58
2016-07-09,25.0,36.99,5.93,41.97,40.49
2016-07-10,24.74,36.59,4.48,43.62,40.61
2016-07-11,23.87,36.41,4.07,39.46,40.49
2016-07-12,22.04,35.91,3.68,43.34,39.2
2016-07-13,20.32,36.66,3.1,42.2,41.18
2016-07-14,23.34,35.66,4.86,45.12,38.6
2016-07-15,25.59,35.55,6.75,46.46,38.07
2016-07-16,24.11,35.2,7.8,46.28,38.04
2016-07-17,25.15,34.55,7.88,48.15,37.65
2016-07-18,22.13,34.2,6.37,47.4,37.5
2016-07-19,23.71,34.93,5.04,44.31,38.8
2016-07-20,25.05,35.65,6.18,40.85,38.78
2016-07-21,25.92,35.79,6.42,39.91,38.92
2016-07-22,26.37,35.82,6.18,40.54,38.94
2016-07-23,25.44,35.66,5.13,39.4,39.32
2016-07-24,23.85,36.42,2.69,37.47,41.91
2016-07-25,24.81,37.87,2.91,33.72,42.97
2016-07-26,25.24,36.35,6.19,43.78,39.47
2016-07-27,23.41,31.76,5.12,61.12,33.9
2016-07-28,19.56,28.87,1.64,68.56,31.53
2016-07-29,24.61,33.36,2.61,50.95,36.86
2016-07-30,23.09,33.71,4.48,51.98,36.97
2016-07-31,24.75,35.27,3.45,46.09,39.04
2016-08-01,22.58,35.48,4.2,44.03,37.9
2016-08-02,23.11,34.95,3.77,45.27,38.59
2016-08-03,20.09,33.31,3.34,50.34,35.8
2016-08-04,20.81,30.61,2.4,66.3,31.51
2016-08-05,21.23,31.72,2.44,62.41,33.55
2016-08-06,23.8,33.57,3.09,56.44,35.58
2016-08-07,25.25,32.15,2.83,64.13,33.48
2016-08-08,19.22,30.28,2.2,74.28,30.65
2016-08-09,23.45,30.32,2.59,76.18,30.86
2016-08-10,24.04,30.5,4.48,70.16,31.34
2016-08-11,23.53,30.83,3.75,63.68,31.79
2016-08-12,24.41,32.95,4.34,52.53,34.69
2016-08-13,24.93,33.22,4.96,48.72,35.59
2016-08-14,24.69,32.83,5.67,49.76,35.14
2016-08-15,25.62,32.57,5.43,50.81,34.96
2016-08-16,24.64,32.45,5.16,50.37,34.79
2016-08-17,25.19,32.27,5.58,52.39,34.87
2016-08-18,20.3,32.56,3.2,50.23,35.3
2016-08-19,18.04,33.33,3.84,43.85,35.23
2016-08-20,19.34,33.89,3.33,45.32,36.29
2016-08-21,23.94,34.12,2.63,48.77,36.81
2016-08-22,24.54,34.03,3.78,48.28,36.79
2016-08-23,21.46,32.4,3.11,51.07,34.66
2016-08-24,20.14,31.49,2.32,59.8,33.4
2016-08-25,18.29,29.11,3.95,74.86,30.28
2016-08-26,22.54,31.54,3.15,62.4,33.89
2016-08-27,23.72,31.96,1.85,62.35,34.04
2016-08-28,17.64,30.35,2.37,68.89,30.93
2016-08-29,21.18,30.03,1.71,66.37,32.27
2016-08-30,24.21,31.26,1.89,58.93,33.75
2016-08-31,20.62,32.2,1.65,54.8,35.8
2016-09-01,23.15,31.57,2.77,56.65,33.97
2016-09-02,23.52,31.7,4.21,50.9,34.03
2016-09-03,24.22,30.75,6.0,51.39,32.63
2016-09-04,24.32,30.47,5.79,52.87,32.35
2016-09-05,24.29,30.71,5.36,54.06,32.8
2016-09-06,22.88,30.16,5.6,55.17,32.04
2016-09-07,23.61,30.15,4.98,54.25,32.16
2016-09-08,24.0,30.19,4.84,51.35,32.4
2016-09-09,24.11,30.06,4.88,50.29,32.1
2016-09-10,24.24,29.78,5.15,51.01,31.65
2016-09-11,24.23,29.78,4.67,49.95,31.77
2016-09-12,24.09,30.32,4.23,49.75,32.41
2016-09-13,24.24,31.01,3.47,49.01,33.54
2016-09-14,23.42,32.28,1.96,42.48,35.02
2016-09-15,23.28,33.28,1.1,34.47,35.19
2016-09-16,23.56,33.86,1.56,32.28,35.38
2016-09-17,24.28,34.34,1.46,29.19,35.64
2016-09-18,23.9,34.7,1.83,26.08,35.35
2016-09-19,23.5,33.66,1.89,30.08,34.96
2016-09-20,23.54,32.99,3.67,35.72,34.63
2016-09-21,23.13,32.57,4.53,41.83,34.39
2016-09-22,22.77,33.03,2.91,40.67,35.17
2016-09-23,21.97,32.93,2.61,35.21,34.78
2016-09-24,21.73,32.08,2.6,39.18,34.12
2016-09-25,22.53,32.35,1.65,36.67,34.79
2016-09-26,21.74,31.98,2.91,38.83,33.97
2016-09-27,22.11,31.72,4.22,38.89,33.31
2016-09-28,22.42,31.08,4.08,38.1,32.76
2016-09-29,22.3,30.84,2.98,42.21,32.81
2016-09-30,21.69,31.29,2.05,41.67,33.28
2016-10-01,19.8,32.63,2.27,36.27,34.21
2016-10-02,14.96,32.64,2.82,44.23,34.48
2016-10-03,15.89,32.23,1.74,51.81,34.11
2016-10-04,15.84,32.04,1.63,50.85,33.7
2016-10-05,18.46,30.69,3.54,56.87,32.8
2016-10-06,19.43,30.86,2.83,49.83,33.11
2016-10-07,18.53,31.3,2.46,43.41,33.37
2016-10-08,20.01,31.85,4.25,41.69,33.3
2016-10-09,20.22,31.27,4.72,39.15,32.56
2016-10-10,21.31,29.56,2.26,31.57,30.2
2016-10-11,21.7,28.7,2.61,34.13,29.37
2016-10-12,20.62,28.26,4.19,33.73,29.33
2016-10-13,20.56,28.4,4.7,40.75,29.43
2016-10-14,20.1,28.57,3.44,36.97,29.75
2016-10-15,19.36,29.02,2.59,33.52,29.78
2016-10-16,19.66,29.63,2.31,28.59,29.88
2016-10-17,20.04,29.17,2.33,25.84,29.31
2016-10-18,19.76,28.23,3.42,27.04,28.74
2016-10-19,20.06,27.61,4.45,30.19,28.12
2016-10-20,19.64,27.54,3.73,30.22,28.36
2016-10-21,19.63,27.49,4.16,36.06,28.13
2016-10-22,19.64,27.64,2.89,38.29,28.06
2016-10-23,19.57,27.49,3.05,36.45,28.1
2016-10-24,18.77,27.28,4.09,37.89,27.85
2016-10-25,19.01,27.92,3.85,34.05,27.81
2016-10-26,19.43,27.5,2.74,23.84,26.78
2016-10-27,19.33,27.79,1.76,16.34,25.93
2016-10-28,19.12,28.0,1.63,14.17,25.68
2016-10-29,18.93,27.38,1.54,14.15,25.52
2016-10-30,18.6,26.24,2.17,19.22,26.26
2016-10-31,17.87,26.06,2.04,18.97,25.95
2016-11-01,16.98,25.87,1.89,20.34,25.23
2016-11-02,16.04,25.77,2.05,21.06,25.28
2016-11-03,15.56,24.87,2.72,24.06,24.96
2016-11-04,16.27,25.33,2.54,24.16,24.35
2016-11-05,16.24,26.26,1.97,20.89,24.38
2016-11-06,16.36,25.35,2.77,19.52,23.86
2016-11-07,16.43,22.67,2.33,19.36,21.77
2016-11-08,17.83,24.16,2.97,19.12,21.83
2016-11-09,17.7,24.85,2.09,13.84,22.25
2016-11-10,16.63,24.17,2.67,21.69,23.02
2016-11-11,17.01,24.04,3.03,28.99,23.57
2016-11-12,15.0,22.74,2.75,22.52,22.54
2016-11-13,13.01,20.14,2.65,24.85,19.99
2016-11-14,14.24,20.99,1.71,26.67,19.69
2016-11-15,14.09,20.46,2.01,27.46,19.44
2016-11-16,14.86,20.3,2.7,30.3,19.71
2016-11-17,15.25,20.32,2.49,26.7,19.66
2016-11-18,16.08,21.88,1.84,21.77,19.33
2016-11-19,15.8,22.81,2.08,17.81,20.22
2016-11-20,16.12,22.26,3.44,24.04,21.43
2016-11-21,15.55,22.91,2.53,32.29,22.45
2016-11-22,15.58,22.16,2.53,32.12,21.59
2016-11-23,15.39,22.19,1.98,28.86,21.21
2016-11-24,15.27,22.55,2.31,23.98,21.89
2016-11-25,14.89,21.75,2.97,24.91,21.39
2016-11-26,15.26,23.41,1.51,20.76,20.8
2016-11-27,15.64,23.37,1.82,21.56,20.89
2016-11-28,15.83,23.89,1.59,18.3,21.01
2016-11-29,15.54,23.17,2.16,18.36,21.32
2016-11-30,15.48,21.82,2.23,21.29,21.31
2016-12-01,14.32,20.74,3.73,25.39,20.27
2016-12-02,13.86,19.66,3.05,27.57,18.81
2016-12-03,14.75,20.25,2.6,25.45,18.88
2016-12-04,14.85,20.46,2.53,24.35,19.46
2016-12-05,14.55,21.52,1.91,22.53,19.73
2016-12-06,14.6,21.64,2.24,23.22,20.31
2016-12-07,14.89,22.47,1.74,22.75,20.56
2016-12-08,14.74,22.93,2.01,22.4,20.55
2016-12-09,14.43,22.08,2.39,23.63,20.7
2016-12-10,13.5,21.44,4.07,37.11,21.25
2016-12-11,11.99,20.53,2.41,36.6,19.96
2016-12-12,12.9,20.55,2.04,34.85,20.14
2016-12-13,12.89,19.75,2.73,36.71,19.56
2016-12-14,12.98,18.74,3.41,36.65,19.07
2016-12-15,14.19,19.29,1.93,31.08,18.9
2016-12-16,14.2,19.7,1.79,33.18,18.89
2016-12-17,14.4,19.8,1.6,32.04,18.89
2016-12-18,14.48,18.11,2.86,37.4,18.24
2016-12-19,14.51,17.9,2.74,29.14,18.18
2016-12-20,14.6,18.03,2.73,25.28,17.17
2016-12-21,14.41,19.62,1.34,21.75,17.13
2016-12-22,14.68,20.64,2.3,20.22,18.02
2016-12-23,14.7,20.96,1.82,23.43,18.08
2016-12-24,14.75,18.92,3.7,23.26,17.34
2016-12-25,14.78,16.37,3.05,21.63,14.75
2016-12-26,13.66,17.85,1.72,16.24,15.68
2016-12-27,14.16,19.29,2.3,18.14,17.0
2016-12-28,14.17,21.25,1.77,15.92,18.3
2016-12-29,13.63,20.67,2.52,19.39,18.49
2016-12-30,13.66,19.98,2.2,24.89,19.12
2016-12-31,9.36,17.93,3.05,31.47,17.48
2017-01-01,9.32,15.46,2.72,32.17,15.05
2017-01-02,7.64,16.31,2.7,39.6,15.94
2017-01-03,11.21,17.28,2.63,40.25,16.45
2017-01-04,9.78,19.01,1.73,33.13,17.15
2017-01-05,10.23,17.96,1.74,38.72,17.3
2017-01-06,8.34,17.08,2.94,41.21,16.38
2017-01-07,12.49,14.04,2.92,17.77,13.65
2017-01-08,11.16,13.18,4.05,28.34,13.09
2017-01-09,10.03,11.55,3.65,35.71,11.98
2017-01-10,14.73,12.17,2.0,25.5,11.66
2017-01-11,15.59,13.11,2.25,21.22,12.53
2017-01-12,15.26,13.4,3.08,19.6,12.44
2017-01-13,15.67,13.4,3.65,16.76,13.57
2017-01-14,5.09,14.18,4.15,18.96,14.1
2017-01-15,9.81,13.52,4.03,31.11,14.37
2017-01-16,14.08,12.04,2.72,50.78,13.54
2017-01-17,15.02,13.53,2.28,39.09,13.77
2017-01-18,15.29,13.89,3.03,37.18,14.68
2017-01-19,14.71,13.04,5.07,34.91,13.54
2017-01-20,15.53,12.97,3.83,37.95,13.86
2017-01-21,10.16,15.45,2.72,30.86,16.4
2017-01-22,13.77,16.99,2.86,37.93,17.77
2017-01-23,13.76,17.75,3.13,43.9,18.41
2017-01-24,12.39,17.02,3.48,47.08,17.79
2017-01-25,10.96,14.7,3.6,59.97,15.31
2017-01-26,13.08,15.17,1.94,66.89,15.61
2017-01-27,17.22,16.06,1.64,48.13,15.78
2017-01-28,16.23,15.46,2.97,45.88,16.16
2017-01-29,16.93,16.44,2.36,43.01,17.14
2017-01-30,17.18,18.5,2.05,32.85,18.5
2017-01-31,17.06,19.09,2.69,30.9,19.28
2017-02-01,16.65,17.58,3.25,34.08,18.23
2017-02-02,15.53,17.94,2.99,34.07,18.87
2017-02-03,15.0,18.91,2.8,41.95,19.73
2017-02-04,9.86,19.48,6.02,38.45,19.98
2017-02-05,17.85,15.4,2.96,38.58,16.42
2017-02-06,18.98,14.48,2.23,22.86,15.17
2017-02-07,17.51,15.4,2.68,29.14,16.01
2017-02-08,17.35,17.8,1.42,23.04,17.0
2017-02-09,18.19,16.28,2.56,23.79,17.28
2017-02-10,18.43,16.4,2.67,23.42,16.91
2017-02-11,19.17,17.04,3.17,21.5,17.1
2017-02-12,19.12,16.52,3.84,22.86,17.45
2017-02-13,18.97,17.26,4.26,22.88,17.42
2017-02-14,18.51,19.54,2.98,19.99,19.38
2017-02-15,17.22,21.95,2.88,16.04,21.53
2017-02-16,16.19,21.75,3.05,22.17,22.25
2017-02-17,17.32,22.81,2.55,25.28,22.45
2017-02-18,16.19,23.98,2.16,27.87,24.94
2017-02-19,17.55,25.35,4.5,25.81,25.62
2017-02-20,20.69,21.04,3.44,18.99,22.04
2017-02-21,20.7,19.2,3.82,10.46,18.4
2017-02-22,21.31,19.63,2.37,8.49,18.88
2017-02-23,20.59,19.04,2.89,11.9,19.56
2017-02-24,20.93,21.49,2.63,11.5,20.93
2017-02-25,19.94,22.98,3.91,16.59,22.6
2017-02-26,20.49,23.25,2.6,23.56,24.06
2017-02-27,20.44,24.33,3.04,20.2,25.24
2017-02-28,16.61,24.18,2.67,23.98,25.26
2017-03-01,20.28,23.07,2.78,22.89,24.95
2017-03-02,21.83,21.81,3.29,24.43,23.83
2017-03-03,20.38,21.2,3.54,21.37,22.3
2017-03-04,21.13,21.4,2.7,19.4,23.4
2017-03-05,22.68,22.87,2.62,15.7,24.51
2017-03-06,19.65,23.68,3.22,16.26,24.39
2017-03-07,19.75,24.05,2.79,19.66,25.13
2017-03-08,20.84,21.5,3.38,31.34,23.24
2017-03-09,20.11,23.2,2.7,27.45,24.11
2017-03-10,22.4,20.87,4.02,22.18,22.25
2017-03-11,23.2,19.5,3.16,16.9,19.89
2017-03-12,23.11,19.46,2.04,12.73,20.37
2017-03-13,24.11,19.62,2.95,14.45,21.59
2017-03-14,16.17,20.37,3.28,17.08,20.66
2017-03-15,17.66,23.72,2.99,16.56,25.04
2017-03-16,20.61,22.59,3.12,23.75,24.53
2017-03-17,19.97,25.1,2.08,26.39,27.44
2017-03-18,18.07,25.68,2.72,27.58,27.5
2017-03-19,23.17,26.94,1.47,31.25,26.27
2017-03-20,24.24,27.16,1.74,25.65,27.53
2017-03-21,23.96,28.52,2.93,19.53,28.87
2017-03-22,23.02,28.32,3.32,21.52,29.72
2017-03-23,22.76,27.78,2.52,24.46,30.07
2017-03-24,24.32,27.71,2.95,26.11,29.76
2017-03-25,24.41,29.53,2.24,20.35,31.74
2017-03-26,25.14,31.26,2.42,17.99,32.37
2017-03-27,24.53,33.01,2.14,16.16,33.04
2017-03-28,24.55,32.21,3.4,16.56,33.3
2017-03-29,24.91,31.89,2.06,17.11,33.22
2017-03-30,25.14,32.5,2.47,13.48,34.05
2017-03-31,23.69,32.01,4.07,17.11,33.89
2017-04-01,23.7,31.79,3.53,18.43,33.32
2017-04-02,25.41,32.81,2.02,16.89,33.82
2017-04-03,24.92,32.58,3.46,20.94,34.08
2017-04-04,24.09,32.95,6.4,25.73,34.5
2017-04-05,21.96,32.37,7.87,26.36,33.42
2017-04-06,24.79,27.19,7.99,15.67,28.47
2017-04-07,26.21,25.47,2.75,7.66,26.55
2017-04-08,28.05,26.45,2.09,6.25,27.39
2017-04-09,26.65,26.6,3.24,13.6,27.99
2017-04-10,27.1,30.21,2.06,9.29,30.31
2017-04-11,27.32,31.42,2.94,8.98,31.38
2017-04-12,27.14,33.7,3.0,7.43,32.63
2017-04-13,27.55,33.84,2.51,8.22,34.23
2017-04-14,26.38,34.07,3.78,10.23,34.98
2017-04-15,27.02,35.14,2.53,12.0,36.72
2017-04-16,26.87,35.54,3.11,13.22,37.51
2017-04-17,26.97,35.51,4.96,15.25,37.21
2017-04-18,27.4,34.25,4.84,16.18,36.01
2017-04-19,26.76,34.29,4.24,18.18,36.53
2017-04-20,26.05,35.9,5.17,21.88,38.03
2017-04-21,24.95,35.13,6.32,22.32,37.11
2017-04-22,25.24,33.71,6.33,22.29,35.72
2017-04-23,24.11,31.92,6.11,29.07,34.13
2017-04-24,23.73,28.4,3.72,46.33,28.53
2017-04-25,26.51,30.44,3.84,31.57,31.64
2017-04-26,26.83,30.71,4.33,24.6,32.71
2017-04-27,26.58,31.84,4.67,30.95,34.27
2017-04-28,22.82,32.82,3.45,28.25,35.41
2017-04-29,24.53,31.91,5.41,27.43,32.82
2017-04-30,26.61,31.96,1.79,21.74,33.68
2017-05-01,27.93,33.38,2.82,18.29,35.35
2017-05-02,21.61,34.05,4.11,17.44,35.27
2017-05-03,25.6,33.57,2.59,21.07,36.59
2017-05-04,24.98,33.49,2.35,22.42,36.76
2017-05-05,26.48,35.78,2.41,16.79,37.94
2017-05-06,27.55,36.34,3.07,21.11,39.58
2017-05-07,25.71,37.13,4.06,19.64,39.21
2017-05-08,27.05,36.98,4.72,17.83,39.2
2017-05-09,26.7,36.62,5.44,18.76,38.69
2017-05-10,25.12,36.34,4.94,23.35,38.75
2017-05-11,19.41,33.83,2.89,36.24,35.99
2017-05-12,24.36,35.61,1.28,31.1,38.37
2017-05-13,26.27,35.32,3.22,30.24,37.69
2017-05-14,27.89,35.08,3.9,24.79,37.41
2017-05-15,26.11,34.25,4.17,29.21,36.1
2017-05-16,24.07,34.88,3.36,28.19,37.7
2017-05-17,26.65,34.18,1.69,30.71,36.14
2017-05-18,27.2,34.8,3.92,26.05,37.12
2017-05-19,26.84,36.01,5.31,28.21,38.45
2017-05-20,22.08,33.59,5.55,39.56,34.41
2017-05-21,21.59,30.42,4.86,56.69,30.5
2017-05-22,26.28,30.49,2.97,58.79,31.45
2017-05-23,26.27,34.16,2.96,40.93,36.7
2017-05-24,24.5,36.45,2.49,28.95,38.62
2017-05-25,26.04,37.35,3.46,24.54,39.15
2017-05-26,26.51,37.38,5.18,24.92,39.37
2017-05-27,26.78,37.16,6.04,26.82,39.14
2017-05-28,26.34,36.92,5.58,34.02,39.26
2017-05-29,25.47,36.4,4.53,40.65,39.63
2017-05-30,26.26,37.89,4.1,31.13,40.95
2017-05-31,23.89,37.63,5.98,31.34,40.19
2017-06-01,22.79,36.21,3.26,36.09,39.85
2017-06-02,26.99,37.92,3.86,25.58,40.71
2017-06-03,27.21,38.04,4.67,22.49,40.43
2017-06-04,26.55,38.58,8.77,32.12,40.65
2017-06-05,24.85,37.29,9.3,38.02,39.44
2017-06-06,23.42,36.19,9.01,40.39,38.46
2017-06-07,26.46,36.38,5.74,40.11,39.57
2017-06-08,23.27,34.85,3.94,45.95,38.51
2017-06-09,24.73,35.58,3.18,41.01,39.37
2017-06-10,26.79,35.96,4.68,37.04,38.86
2017-06-11,25.93,35.72,3.2,39.63,40.21
2017-06-12,26.99,37.28,4.53,31.22,40.44
2017-06-13,25.93,36.41,5.52,35.79,39.7
2017-06-14,27.15,36.97,6.26,38.84,39.98
2017-06-15,26.35,36.3,6.47,37.17,39.31
2017-06-16,25.09,36.3,6.8,40.24,39.22
2017-06-17,23.79,35.95,5.19,42.46,39.93
2017-06-18,25.3,36.48,5.48,41.89,39.81
2017-06-19,23.55,36.29,8.15,42.29,38.98
2017-06-20,17.66,34.66,7.12,48.5,37.33
2017-06-21,23.09,31.88,5.9,64.05,32.6
2017-06-22,19.5,32.29,5.23,60.03,33.77
2017-06-23,25.99,34.02,2.12,50.15,38.25
2017-06-24,25.22,36.56,2.08,39.74,41.24
2017-06-25,25.5,37.77,2.37,35.75,42.97
2017-06-26,25.49,38.51,4.32,36.36,42.64
2017-06-27,18.77,36.57,2.53,46.38,40.77
2017-06-28,21.07,31.88,2.95,61.55,33.14
2017-06-29,20.62,32.95,2.94,55.82,35.44
2017-06-30,20.82,31.03,2.86,62.92,31.96
2017-07-01,26.99,32.9,2.72,53.13,35.67
2017-07-02,25.79,35.21,2.83,48.37,39.33
2017-07-03,23.61,34.95,6.0,51.51,38.07
2017-07-04,21.93,35.13,7.59,49.15,37.84
2017-07-05,23.09,34.19,7.9,50.51,37.05
2017-07-06,24.08,34.49,7.11,45.6,37.35
2017-07-07,23.77,33.96,5.16,46.98,37.45
2017-07-08,26.81,34.86,5.39,42.84,38.2
2017-07-09,26.37,34.45,6.75,43.8,37.47
2017-07-10,25.59,34.61,7.45,42.74,37.47
2017-07-11,22.39,34.25,7.33,48.85,37.27
2017-07-12,19.05,34.23,5.92,49.52,37.77
2017-07-13,19.22,33.05,1.98,57.61,35.49
2017-07-14,23.41,33.11,1.79,57.03,34.84
2017-07-15,21.41,33.62,2.61,55.49,35.22
2017-07-16,20.37,32.09,2.88,64.92,33.73
2017-07-17,16.2,32.14,2.61,64.21,33.82
2017-07-18,19.87,30.47,2.17,76.9,30.69
2017-07-19,21.76,30.09,2.27,74.9,30.6
2017-07-20,25.6,32.25,1.68,61.73,34.62
2017-07-21,25.83,32.65,2.07,58.42,35.18
2017-07-22,23.48,34.16,2.44,53.12,36.56
2017-07-23,20.58,32.76,3.22,57.68,33.96
2017-07-24,18.81,32.05,3.57,64.74,33.16
2017-07-25,21.38,30.06,1.88,73.6,30.66
2017-07-26,22.88,31.21,2.07,66.49,32.28
2017-07-27,23.7,33.26,2.28,58.22,35.83
2017-07-28,19.36,31.71,2.65,68.75,33.42
2017-07-29,11.13,29.94,4.12,74.83,31.32
2017-07-30,19.06,30.72,4.43,69.96,32.73
2017-07-31,17.98,31.33,6.48,64.51,33.7
2017-08-01,20.32,31.15,6.51,63.25,33.17
2017-08-02,22.65,31.32,7.25,60.9,33.26
2017-08-03,24.03,31.3,6.65,60.48,33.51
2017-08-04,21.74,31.16,6.63,60.34,33.35
2017-08-05,21.43,31.03,5.33,59.32,33.58
2017-08-06,23.05,31.31,4.77,58.93,34.3
2017-08-07,21.2,31.63,4.71,57.75,34.34
2017-08-08,21.89,31.79,4.9,57.3,34.19
2017-08-09,22.16,32.72,5.22,55.61,35.32
2017-08-10,23.45,32.28,6.08,57.28,34.78
2017-08-11,24.15,31.11,7.71,62.17,32.74
2017-08-12,22.2,31.67,7.54,59.85,33.78
2017-08-13,23.16,31.54,6.87,58.43,33.96
2017-08-14,21.23,31.11,4.93,57.14,34.02
2017-08-15,23.62,32.13,4.11,53.88,35.25
2017-08-16,24.98,32.24,5.5,50.43,34.67
2017-08-17,26.61,31.72,5.84,51.77,34.12
2017-08-18,26.72,32.04,5.23,52.85,34.83
2017-08-19,25.11,33.26,3.04,46.81,36.58
2017-08-20,23.63,34.2,3.02,42.19,36.91
2017-08-21,21.77,33.43,3.13,53.75,35.6
2017-08-22,22.69,31.85,2.08,64.81,32.69
2017-08-23,22.71,31.99,2.23,62.44,33.64
2017-08-24,22.21,30.37,4.16,72.06,30.75
2017-08-25,23.9,31.58,3.89,60.13,33.12
2017-08-26,23.9,32.97,2.34,53.8,36.09
2017-08-27,22.87,33.94,2.0,45.95,36.72
2017-08-28,24.16,34.29,2.86,41.88,36.63
2017-08-29,20.75,31.83,5.72,52.81,33.45
2017-08-30,18.04,31.22,5.6,61.72,32.25
2017-08-31,16.44,30.13,3.49,66.45,31.69
2017-09-01,13.14,28.76,6.05,68.9,30.64
2017-09-02,18.44,30.46,4.03,64.84,33.59
2017-09-03,19.96,31.96,3.35,58.39,35.36
2017-09-04,21.06,31.34,4.56,54.78,33.88
2017-09-05,23.05,31.29,5.1,51.67,33.56
2017-09-06,23.51,30.66,4.62,54.43,33.2
2017-09-07,23.39,30.28,4.25,54.51,32.9
2017-09-08,23.2,31.07,3.19,49.64,33.72
2017-09-09,23.97,32.3,3.02,46.05,35.07
2017-09-10,23.1,32.51,3.85,47.19,35.12
2017-09-11,19.84,31.78,2.82,52.93,34.45
2017-09-12,22.17,32.96,1.72,48.18,35.8
2017-09-13,22.61,33.65,1.71,41.09,36.74
2017-09-14,21.49,32.83,2.55,45.61,35.46
2017-09-15,22.42,32.94,2.23,42.97,35.23
2017-09-16,20.16,33.17,2.98,39.94,35.28
2017-09-17,21.36,32.76,1.95,40.77,34.72
2017-09-18,22.71,34.39,1.01,23.07,34.69
2017-09-19,23.63,32.85,1.81,33.06,34.83
2017-09-20,23.0,33.84,1.6,33.17,35.88
2017-09-21,23.01,34.33,1.55,24.95,35.2
2017-09-22,21.98,32.59,1.86,29.4,34.11
2017-09-23,22.78,31.94,4.04,41.15,33.78
2017-09-24,20.97,30.67,4.76,42.18,32.27
2017-09-25,22.54,30.35,3.94,45.31,32.51
2017-09-26,22.89,30.47,3.1,41.54,32.69
2017-09-27,22.34,31.28,3.31,38.35,33.17
2017-09-28,22.95,31.49,3.04,31.98,33.35
2017-09-29,22.48,31.17,3.7,31.58,32.71
2017-09-30,22.31,31.66,3.18,29.07,32.97
2017-10-01,22.32,30.99,3.73,28.22,32.2
2017-10-02,22.68,30.47,3.31,31.42,32.13
2017-10-03,22.38,30.92,2.75,33.11,32.66
2017-10-04,21.59,30.96,2.54,33.84,32.88
2017-10-05,21.57,32.03,1.62,27.15,32.86
2017-10-06,20.92,31.89,1.9,24.43,32.46
2017-10-07,20.6,32.18,0.93,21.07,31.93
2017-10-08,20.95,32.47,1.15,19.76,32.25
2017-10-09,21.4,31.73,1.83,20.67,32.24
2017-10-10,21.29,31.11,2.12,21.98,31.77
2017-10-11,21.14,30.57,2.46,22.03,31.7
2017-10-12,20.93,30.23,2.43,22.34,31.0
2017-10-13,21.12,31.11,2.47,18.41,30.48
2017-10-14,20.37,31.16,2.5,17.27,29.99
2017-10-15,20.39,29.88,3.82,22.14,29.09
2017-10-16,20.13,30.3,2.29,21.24,29.64
2017-10-17,20.49,30.92,1.76,16.03,29.2
2017-10-18,20.47,30.26,2.52,15.78,29.0
2017-10-19,20.22,30.33,2.2,14.55,29.24
2017-10-20,19.99,29.12,2.75,16.61,29.02
2017-10-21,18.98,28.78,2.19,18.44,28.83
2017-10-22,19.34,27.74,3.55,15.97,26.8
2017-10-23,19.74,26.74,3.13,13.22,25.43
2017-10-24,19.59,27.92,1.69,11.74,26.02
2017-10-25,19.42,26.7,2.46,17.35,26.64
2017-10-26,18.64,27.68,3.37,30.47,27.72
2017-10-27,17.49,26.56,3.27,30.22,27.09
2017-10-28,17.39,26.58,1.97,15.43,25.54
2017-10-29,17.43,27.26,1.86,17.34,26.08
2017-10-30,16.59,26.59,2.16,19.38,25.37
2017-10-31,17.04,27.46,1.74,20.28,25.86
2017-11-01,17.63,27.0,1.93,22.64,26.42
2017-11-02,17.32,27.53,1.86,20.67,26.09
2017-11-03,16.78,26.56,2.07,22.05,25.55
2017-11-04,16.44,25.71,2.41,23.98,25.28
2017-11-05,12.58,23.72,3.13,31.5,23.88
2017-11-06,13.55,24.05,2.58,30.9,23.7
2017-11-07,15.56,24.78,1.86,25.02,24.0
2017-11-08,16.16,24.94,1.62,25.44,24.61
2017-11-09,14.82,23.99,1.73,26.96,23.87
2017-11-10,14.39,23.4,2.23,27.6,23.64
2017-11-11,13.68,23.19,2.39,28.49,22.72
2017-11-12,13.49,22.78,2.12,30.56,22.77
2017-11-13,14.03,22.79,2.66,29.82,22.95
2017-11-14,12.6,21.42,3.52,40.34,21.79
2017-11-15,10.8,19.16,2.67,44.56,20.5
2017-11-16,9.92,18.37,3.64,50.14,19.16
2017-11-17,12.83,17.96,3.51,44.78,18.44
2017-11-18,14.32,17.63,3.38,37.71,18.04
2017-11-19,15.08,18.13,2.75,32.46,17.62
2017-11-20,15.94,18.74,2.24,27.9,17.81
2017-11-21,15.7,18.65,1.81,24.19,17.31
2017-11-22,15.87,19.03,2.26,20.24,17.33
2017-11-23,15.94,19.76,1.64,15.98,17.79
2017-11-24,15.27,19.0,2.57,16.01,18.1
2017-11-25,15.57,19.68,2.18,15.57,18.6
2017-11-26,15.54,20.29,2.41,16.48,19.46
2017-11-27,14.67,20.89,2.27,19.69,18.9
2017-11-28,14.91,20.81,2.54,23.17,19.06
2017-11-29,15.53,19.7,2.68,24.07,19.48
2017-11-30,14.94,19.31,2.66,23.1,18.68
2017-12-01,13.72,18.63,3.24,23.79,18.41
2017-12-02,14.51,19.09,3.06,25.17,18.99
2017-12-03,12.18,18.6,3.07,28.95,18.78
2017-12-04,11.63,18.1,2.7,29.44,18.41
2017-12-05,9.29,17.42,4.39,28.87,17.34
2017-12-06,13.86,15.59,3.52,25.92,15.89
2017-12-07,15.23,16.2,3.0,20.06,15.56
2017-12-08,14.49,16.59,2.21,17.9,15.75
2017-12-09,14.62,18.37,2.45,17.55,16.84
2017-12-10,2.68,17.59,2.95,48.18,17.68
2017-12-11,10.84,15.71,3.39,71.75,16.95
2017-12-12,13.43,14.68,2.06,43.95,13.33
2017-12-13,13.18,14.34,3.3,30.56,14.26
2017-12-14,11.38,13.02,3.83,35.81,13.48
2017-12-15,10.99,13.18,3.58,42.05,13.65
2017-12-16,13.82,12.45,3.83,38.96,12.62
2017-12-17,14.44,13.4,3.51,27.75,12.98
2017-12-18,13.36,15.24,2.71,24.39,13.99
2017-12-19,14.46,17.53,1.96,22.89,15.91
2017-12-20,11.19,19.59,1.41,19.94,17.79
2017-12-21,12.24,19.4,1.86,25.82,17.52
2017-12-22,14.49,19.34,2.2,29.96,17.33
2017-12-23,14.58,19.35,1.32,25.17,16.49
2017-12-24,13.6,18.04,2.55,26.46,16.49
2017-12-25,14.11,18.0,2.29,26.21,16.26
2017-12-26,11.66,18.8,2.32,22.89,16.96
2017-12-27,13.04,19.67,1.77,19.83,17.39
2017-12-28,14.17,18.56,2.93,24.03,17.52
2017-12-29,14.06,16.34,3.29,29.99,15.99
2017-12-30,14.58,15.76,2.61,21.0,14.44
2017-12-31,14.63,16.11,2.17,18.2,14.51
2018-01-01,15.26,16.39,1.7,17.29,13.77
2018-01-02,15.26,15.82,2.15,19.69,13.96
2018-01-03,15.26,15.94,2.58,23.27,14.36
2018-01-04,14.4,16.37,2.17,20.82,14.44
2018-01-05,13.22,14.76,2.5,25.17,14.62
2018-01-06,11.63,13.26,2.51,33.56,13.21
2018-01-07,14.32,14.04,2.43,32.06,13.67
2018-01-08,14.29,14.76,2.51,26.4,13.85
2018-01-09,14.76,14.54,3.59,26.4,14.52
2018-01-10,13.98,15.68,2.78,26.31,15.49
2018-01-11,13.29,17.91,1.52,19.46,16.07
2018-01-12,12.66,19.3,2.56,24.55,17.45
2018-01-13,14.77,19.7,1.36,22.08,17.44
2018-01-14,15.77,18.98,2.55,17.73,16.91
2018-01-15,16.18,17.61,2.48,18.32,16.58
2018-01-16,15.73,17.49,3.45,19.88,16.57
2018-01-17,15.47,18.94,2.43,31.34,17.77
2018-01-18,14.86,16.87,3.63,28.8,16.22
2018-01-19,15.17,14.9,2.75,22.29,14.7
2018-01-20,16.46,16.62,1.97,19.92,14.55
2018-01-21,16.69,17.2,2.46,18.3,15.11
2018-01-22,16.39,17.06,2.54,20.5,16.02
2018-01-23,14.7,16.58,3.24,24.2,15.3
2018-01-24,15.27,17.09,1.65,24.77,15.91
2018-01-25,16.34,16.5,3.02,26.19,15.95
2018-01-26,16.37,18.27,1.82,26.28,16.56
2018-01-27,16.32,18.64,1.54,22.28,17.07
2018-01-28,15.86,18.11,2.52,20.12,17.39
2018-01-29,15.45,19.78,1.96,17.76,18.93
2018-01-30,15.42,20.47,2.22,22.45,19.75
2018-01-31,15.09,20.79,2.51,26.91,20.38
2018-02-01,15.39,20.35,2.87,30.72,20.36
2018-02-02,16.69,17.81,2.79,26.26,18.36
2018-02-03,16.61,18.47,2.31,20.3,18.15
2018-02-04,18.49,16.89,3.74,15.46,17.28
2018-02-05,11.5,16.92,3.46,13.02,16.84
2018-02-06,17.53,17.17,4.77,14.32,17.11
2018-02-07,18.37,17.72,2.33,11.07,16.73
2018-02-08,18.49,18.65,1.44,10.06,16.98
2018-02-09,18.5,18.91,2.12,11.44,17.49
2018-02-10,18.27,19.33,2.96,13.99,19.57
2018-02-11,12.73,17.11,3.59,27.96,17.59
2018-02-12,16.19,16.24,2.78,54.1,17.39
2018-02-13,18.09,18.59,3.3,34.32,19.39
2018-02-14,16.11,18.47,3.1,31.26,19.74
2018-02-15,16.83,20.14,2.04,33.21,21.31
2018-02-16,17.75,22.14,2.06,31.18,22.19
2018-02-17,17.92,22.68,3.3,27.22,21.86
2018-02-18,16.1,23.54,2.89,21.81,22.94
2018-02-19,17.98,24.04,2.52,21.29,24.89
2018-02-20,18.4,25.14,2.3,20.57,25.84
2018-02-21,18.58,25.4,2.38,24.48,25.48
2018-02-22,18.71,26.3,1.45,19.47,25.62
2018-02-23,15.01,25.85,1.68,23.38,25.7
2018-02-24,18.3,21.91,2.91,37.68,22.58
2018-02-25,19.65,22.23,3.99,35.98,23.59
2018-02-26,18.9,23.81,2.17,33.5,25.05
2018-02-27,18.79,25.79,1.63,31.1,26.76
2018-02-28,14.55,26.66,2.29,28.5,27.76
2018-03-01,18.71,26.15,3.23,27.31,26.48
2018-03-02,19.79,26.33,2.2,27.54,27.19
2018-03-03,16.28,25.82,2.95,27.77,27.12
2018-03-04,18.53,23.98,2.68,35.02,26.31
2018-03-05,21.62,24.24,2.83,29.38,26.34
2018-03-06,21.03,24.11,2.49,20.07,25.46
2018-03-07,21.65,24.83,2.72,19.43,26.14
2018-03-08,22.56,25.93,2.74,15.43,26.6
2018-03-09,22.15,26.16,3.11,16.27,27.19
2018-03-10,21.61,26.04,4.0,18.92,26.91
2018-03-11,22.94,26.88,2.29,17.49,27.05
2018-03-12,22.78,27.55,2.29,15.12,28.31
2018-03-13,23.74,26.66,4.54,19.42,27.9
2018-03-14,21.79,26.4,4.24,34.14,27.68
2018-03-15,21.62,27.57,1.67,24.03,28.64
2018-03-16,23.32,25.99,3.21,15.21,26.83
2018-03-17,23.66,26.1,3.05,14.31,28.38
2018-03-18,22.77,27.2,3.8,16.54,28.71
2018-03-19,21.26,27.44,2.72,25.85,29.66
2018-03-20,22.44,26.01,4.33,29.88,27.79
2018-03-21,22.73,24.84,2.65,28.32,27.5
2018-03-22,23.81,24.17,2.85,31.83,26.33
2018-03-23,24.07,25.77,2.07,27.95,27.9
2018-03-24,24.71,27.91,2.05,21.9,29.85
2018-03-25,24.68,29.39,2.23,16.0,29.99
2018-03-26,25.16,29.21,2.46,12.97,29.7
2018-03-27,25.22,29.5,3.97,11.05,29.75
2018-03-28,24.44,30.0,3.77,11.08,31.08
2018-03-29,25.41,30.55,3.32,10.27,31.58
2018-03-30,25.65,31.91,3.35,6.76,30.96
2018-03-31,25.9,31.04,2.28,10.48,32.73
2018-04-01,25.66,31.24,2.3,14.6,33.0
2018-04-02,21.98,31.47,3.84,17.77,32.86
2018-04-03,24.16,32.04,2.76,17.77,34.09
2018-04-04,23.79,32.44,2.19,17.98,34.65
2018-04-05,22.1,32.52,2.77,20.06,33.58
2018-04-06,22.71,32.86,1.75,22.27,34.88
2018-04-07,24.28,32.35,2.4,25.46,35.2
2018-04-08,23.18,33.17,3.37,19.85,35.39
2018-04-09,20.02,33.9,3.17,21.98,36.35
2018-04-10,21.85,31.81,3.35,27.88,33.13
2018-04-11,23.44,32.45,2.75,22.12,34.51
2018-04-12,24.18,30.63,3.19,26.11,33.44
2018-04-13,21.18,31.57,3.63,23.19,34.42
2018-04-14,22.74,31.85,3.1,16.93,34.63
2018-04-15,25.58,32.83,2.48,16.95,35.96
2018-04-16,24.62,32.07,2.42,22.93,35.56
2018-04-17,25.7,31.37,2.42,21.45,34.5
2018-04-18,25.35,32.66,2.88,18.72,34.92
2018-04-19,24.61,32.41,3.75,17.43,34.66
2018-04-20,27.31,28.44,6.42,16.99,29.9
2018-04-21,28.1,27.62,2.23,6.86,29.04
2018-04-22,28.32,28.01,2.34,12.14,30.2
2018-04-23,28.96,31.36,1.77,8.82,31.93
2018-04-24,28.03,32.09,3.3,7.51,33.47
2018-04-25,27.08,33.45,4.99,15.2,34.87
2018-04-26,26.21,34.24,4.66,16.05,35.32
2018-04-27,24.81,35.4,5.16,23.61,37.16
2018-04-28,26.17,36.39,4.72,19.66,38.29
2018-04-29,26.67,36.28,5.58,19.15,37.72
2018-04-30,27.83,36.36,6.05,18.64,37.77
2018-05-01,26.82,37.46,7.2,18.7,38.92
2018-05-02,25.68,36.43,4.78,21.21,38.76
2018-05-03,22.78,35.94,3.34,20.38,38.86
2018-05-04,24.62,35.06,2.39,15.9,38.1
2018-05-05,24.37,35.8,3.2,14.69,38.55
2018-05-06,27.0,34.46,5.43,16.08,36.86
2018-05-07,24.36,33.76,3.9,25.3,37.25
2018-05-08,25.62,32.91,2.67,29.43,35.45
2018-05-09,25.85,34.85,2.26,25.71,36.8
2018-05-10,26.78,36.61,1.65,20.17,39.39
2018-05-11,25.42,36.66,3.78,22.16,39.23
2018-05-12,28.12,35.62,5.55,17.54,37.73
2018-05-13,21.48,35.32,2.22,21.99,39.0
2018-05-14,21.37,35.46,2.64,20.35,37.89
2018-05-15,21.06,36.69,2.98,19.69,38.82
2018-05-16,23.11,36.87,1.85,17.73,39.66
2018-05-17,22.64,37.17,2.38,16.96,39.19
2018-05-18,25.26,35.83,2.3,16.85,38.48
2018-05-19,24.97,35.93,1.65,16.82,39.0
2018-05-20,26.24,35.35,2.87,17.74,38.55
2018-05-21,26.01,36.31,3.06,16.49,39.25
2018-05-22,27.87,35.96,3.33,11.67,39.39
2018-05-23,27.93,35.71,3.25,10.94,39.22
2018-05-24,28.32,36.2,2.02,5.84,38.75
2018-05-25,29.36,36.45,3.12,11.26,38.74
2018-05-26,28.12,36.5,5.32,8.56,38.1
2018-05-27,29.06,36.79,3.13,6.5,38.98
2018-05-28,28.33,38.26,2.2,6.01,39.82
2018-05-29,27.37,37.58,6.89,16.03,39.09
2018-05-30,25.35,37.14,5.06,29.1,39.61
2018-05-31,25.95,38.42,4.06,20.51,40.98
2018-06-01,26.48,38.59,6.33,19.16,40.51
2018-06-02,27.25,38.56,7.37,17.81,40.44
2018-06-03,27.12,37.44,6.22,18.59,39.77
2018-06-04,25.87,37.18,5.81,26.11,40.0
2018-06-05,25.82,37.41,5.76,30.54,40.25
2018-06-06,23.96,39.03,4.27,23.6,42.16
2018-06-07,25.23,39.14,4.22,29.33,43.4
2018-06-08,22.96,37.7,5.48,35.36,41.4
2018-06-09,23.83,37.15,6.66,39.07,40.05
2018-06-10,22.41,37.27,3.88,39.03,41.56
2018-06-11,24.86,39.11,6.15,29.46,42.15
2018-06-12,23.27,38.54,9.25,33.15,41.06
2018-06-13,19.83,36.08,11.77,38.73,37.92
2018-06-14,17.89,34.99,11.48,42.38,37.24
2018-06-15,19.04,35.17,11.84,43.85,37.44
2018-06-16,19.14,35.21,10.63,43.11,37.5
2018-06-17,21.83,35.32,8.06,43.66,38.38
2018-06-18,20.22,35.34,5.51,42.33,38.35
2018-06-19,24.17,36.85,3.81,34.46,40.27
2018-06-20,26.08,37.11,4.46,25.83,40.3
2018-06-21,25.91,37.11,2.69,29.11,41.27
2018-06-22,26.62,38.24,4.8,29.45,41.73
2018-06-23,26.34,38.02,4.35,32.43,41.84
2018-06-24,24.77,36.44,3.71,38.17,39.34
2018-06-25,26.6,36.29,4.52,37.2,39.32
2018-06-26,26.66,33.25,5.12,50.93,34.35
2018-06-27,24.01,32.79,3.08,51.79,35.91
2018-06-28,13.25,31.53,4.3,54.41,34.29
2018-06-29,14.34,30.41,3.3,69.46,31.81
2018-06-30,20.44,29.85,2.64,75.09,31.4
2018-07-01,23.32,33.05,5.23,55.12,35.77
2018-07-02,25.19,34.5,8.31,46.07,36.95
2018-07-03,24.52,34.36,8.87,51.19,36.95
2018-07-04,18.2,33.78,6.83,49.3,36.89
2018-07-05,20.24,33.75,3.97,50.08,37.41
2018-07-06,20.93,34.28,2.46,47.43,37.9
2018-07-07,24.35,34.8,4.87,42.48,38.08
2018-07-08,26.06,35.15,5.76,40.3,38.1
2018-07-09,26.52,35.73,5.96,39.79,38.72
2018-07-10,25.5,36.13,6.02,41.35,39.39
2018-07-11,24.67,35.27,6.57,43.58,38.33
2018-07-12,26.22,35.26,6.8,43.25,38.38
2018-07-13,21.06,35.21,5.4,46.06,37.94
2018-07-14,24.29,35.71,3.65,44.6,39.04
2018-07-15,18.26,35.19,3.91,46.77,38.13
2018-07-16,23.84,32.59,2.43,63.82,33.86
2018-07-17,20.8,31.09,1.36,70.02,31.78
2018-07-18,18.34,33.27,1.75,58.19,36.65
2018-07-19,23.7,34.58,1.46,53.58,37.43
2018-07-20,20.66,32.8,3.36,59.57,34.83
2018-07-21,23.13,31.38,4.75,66.8,32.2
2018-07-22,19.45,31.19,5.46,65.24,31.84
2018-07-23,20.47,31.26,3.89,64.64,32.19
2018-07-24,17.8,33.5,3.84,53.77,35.6
2018-07-25,22.74,34.09,6.59,49.93,36.18
2018-07-26,17.22,32.77,6.39,54.04,35.1
2018-07-27,15.09,32.83,5.27,52.9,35.61
2018-07-28,21.15,33.22,5.36,50.22,35.73
2018-07-29,23.15,32.87,5.32,51.12,35.52
2018-07-30,23.66,33.08,5.6,47.58,35.67
2018-07-31,24.43,33.02,6.54,47.83,35.22
2018-08-01,24.81,33.03,6.89,46.74,35.2
2018-08-02,25.23,32.45,7.0,48.71,34.61
2018-08-03,22.62,32.54,6.92,48.47,34.7
2018-08-04,20.81,32.76,7.05,50.07,35.0
2018-08-05,21.84,32.34,6.78,52.11,34.42
2018-08-06,24.47,33.06,6.45,49.19,35.51
2018-08-07,18.75,33.06,4.69,47.71,35.99
2018-08-08,17.35,33.19,3.6,48.1,36.44
2018-08-09,13.79,30.7,1.56,66.05,31.71
2018-08-10,22.29,32.16,3.23,60.07,34.19
2018-08-11,23.97,32.55,6.51,51.35,34.62
2018-08-12,21.59,32.72,6.37,52.2,34.89
2018-08-13,18.28,32.65,5.08,52.14,35.26
2018-08-14,16.73,33.45,4.91,50.78,36.11
2018-08-15,15.18,32.93,4.63,51.91,35.32
2018-08-16,17.81,32.36,2.98,53.43,35.52
2018-08-17,18.8,33.13,1.59,53.34,36.28
2018-08-18,22.04,31.05,1.83,67.95,32.51
2018-08-19,20.37,32.15,3.65,61.06,34.35
2018-08-20,23.82,32.96,4.72,55.68,35.37
2018-08-21,20.03,32.83,4.64,52.45,35.25
2018-08-22,21.98,33.34,4.7,49.01,35.83
2018-08-23,23.6,32.02,6.94,53.48,33.66
2018-08-24,23.42,32.11,6.78,53.88,34.22
2018-08-25,22.69,32.19,5.97,53.01,34.75
2018-08-26,22.59,31.59,4.91,52.22,34.34
2018-08-27,22.29,32.41,3.03,48.22,35.64
2018-08-28,22.6,33.2,2.14,44.9,36.29
2018-08-29,20.08,32.66,2.21,47.61,34.63
2018-08-30,23.03,33.3,5.25,48.05,35.69
2018-08-31,23.36,32.33,6.38,51.01,34.46
2018-09-01,21.48,31.86,5.41,51.55,34.13
2018-09-02,23.22,31.84,4.39,49.78,34.18
2018-09-03,22.55,32.2,4.47,48.04,34.79
2018-09-04,21.64,32.17,4.43,46.55,34.8
2018-09-05,22.08,31.56,4.89,43.14,33.75
2018-09-06,23.03,31.22,3.8,41.07,33.83
2018-09-07,21.18,29.87,4.34,50.36,31.62
2018-09-08,17.38,32.42,2.11,43.89,34.35
2018-09-09,13.2,32.56,1.67,44.12,35.47
2018-09-10,20.64,32.61,2.81,49.44,35.76
2018-09-11,22.36,33.1,5.2,49.31,35.21
2018-09-12,23.0,31.67,6.51,47.98,33.5
2018-09-13,22.64,30.76,6.12,48.57,32.71
2018-09-14,22.7,30.83,5.62,48.77,32.89
2018-09-15,23.15,30.32,4.9,45.96,32.31
2018-09-16,22.27,30.09,3.81,44.61,32.38
2018-09-17,22.16,30.32,3.57,38.36,32.37
2018-09-18,22.56,31.05,4.24,37.07,32.75
2018-09-19,22.46,31.28,4.53,34.11,32.83
2018-09-20,22.76,31.32,3.43,32.41,32.81
2018-09-21,22.74,32.18,2.87,27.47,33.82
2018-09-22,19.99,30.8,5.14,51.26,32.93
2018-09-23,20.47,29.75,3.84,54.51,31.62
2018-09-24,20.83,30.94,1.92,41.97,32.7
2018-09-25,21.58,31.01,3.35,35.08,32.46
2018-09-26,22.64,30.62,3.22,31.21,32.42
2018-09-27,21.93,30.74,3.4,29.3,32.64
2018-09-28,16.87,31.37,2.86,29.18,33.03
2018-09-29,20.14,31.63,2.85,26.77,33.3
2018-09-30,20.7,32.26,3.01,29.01,33.91
2018-10-01,21.2,32.36,3.04,27.25,33.3
2018-10-02,21.18,32.0,3.06,24.97,32.96
2018-10-03,21.55,31.74,2.3,23.04,32.49
2018-10-04,21.78,31.78,1.9,20.84,32.35
2018-10-05,21.2,30.78,2.31,22.71,31.86
2018-10-06,20.53,31.21,1.66,20.98,31.51
2018-10-07,21.2,30.83,1.51,20.07,31.41
2018-10-08,20.61,30.68,2.5,18.79,31.28
2018-10-09,18.63,29.43,3.2,22.2,30.45
2018-10-10,19.65,27.69,2.33,29.27,28.74
2018-10-11,19.84,28.3,1.93,22.03,28.55
2018-10-12,19.18,26.93,3.5,23.4,28.03
2018-10-13,19.46,26.76,2.59,23.78,28.12
2018-10-14,19.71,27.51,2.65,20.32,27.97
2018-10-15,19.16,28.56,2.28,19.12,28.41
2018-10-16,16.01,28.64,2.99,21.9,29.26
2018-10-17,18.83,28.27,2.61,20.33,29.03
2018-10-18,19.4,28.72,1.7,18.41,27.83
2018-10-19,19.39,27.92,2.3,17.39,27.05
2018-10-20,17.97,26.71,2.24,21.06,27.15
2018-10-21,18.29,26.28,2.44,23.83,27.01
2018-10-22,18.74,26.48,2.39,20.29,26.49
2018-10-23,19.4,27.05,2.94,17.56,26.77
2018-10-24,17.09,27.27,2.62,18.0,27.28
2018-10-25,15.13,27.49,2.0,24.84,27.64
2018-10-26,17.26,27.3,2.02,29.56,28.65
2018-10-27,17.37,27.15,2.45,24.28,27.98
2018-10-28,17.33,26.81,2.55,25.33,27.81
2018-10-29,17.52,27.01,2.81,25.42,27.96
2018-10-30,17.62,26.8,3.01,22.03,27.57
2018-10-31,17.49,26.75,2.69,21.66,27.33
2018-11-01,16.62,26.8,2.98,22.7,26.88
2018-11-02,16.36,26.5,2.55,25.31,26.38
2018-11-03,15.38,24.94,2.5,26.81,25.04
2018-11-04,17.96,21.88,3.54,21.26,22.13
2018-11-05,18.41,20.93,2.51,13.88,20.8
2018-11-06,17.33,21.34,2.11,14.73,20.36
2018-11-07,16.87,22.24,2.39,14.63,21.03
2018-11-08,17.53,23.02,2.46,14.46,22.25
2018-11-09,16.63,23.21,2.15,14.95,22.7
2018-11-10,16.91,23.81,1.92,15.78,22.74
2018-11-11,15.19,24.64,2.18,16.59,23.05
2018-11-12,13.9,24.59,2.14,21.04,23.43
2018-11-13,12.23,24.77,1.62,24.3,23.95
2018-11-14,12.78,23.64,2.11,26.71,22.77
2018-11-15,14.22,22.47,2.79,25.52,21.59
2018-11-16,14.47,22.21,2.12,26.37,21.5
2018-11-17,15.71,23.34,2.91,23.3,22.91
2018-11-18,15.32,24.4,3.09,25.05,24.25
2018-11-19,14.71,24.7,1.63,27.51,24.29
2018-11-20,13.7,22.37,3.24,30.0,22.28
2018-11-21,14.51,21.54,2.12,28.36,20.92
2018-11-22,14.27,21.45,2.77,23.5,21.52
2018-11-23,14.28,21.3,3.41,28.12,21.45
2018-11-24,15.11,21.33,2.02,27.88,20.3
2018-11-25,15.44,22.84,2.77,24.03,20.94
2018-11-26,13.33,23.02,1.68,20.99,21.79
2018-11-27,9.29,22.11,2.09,22.89,20.21
2018-11-28,13.85,21.82,2.14,27.83,21.71
2018-11-29,13.66,20.96,2.66,35.72,20.63
2018-11-30,13.51,22.06,1.62,28.16,20.65
2018-12-01,14.47,20.93,2.24,26.54,19.37
2018-12-02,14.56,19.87,2.85,22.2,18.47
2018-12-03,14.43,19.01,2.85,25.24,18.63
2018-12-04,13.34,19.81,2.18,23.71,18.53
2018-12-05,13.74,19.78,1.4,23.36,18.23
2018-12-06,13.81,19.34,2.19,25.17,18.38
2018-12-07,13.17,18.5,2.41,29.17,17.94
2018-12-08,13.4,18.37,2.38,27.63,17.92
2018-12-09,13.67,19.02,2.43,27.46,18.13
2018-12-10,8.85,18.47,2.68,33.06,18.15
2018-12-11,11.48,17.61,3.11,40.34,18.31
2018-12-12,12.18,15.48,3.3,52.0,15.97
2018-12-13,13.35,15.37,2.36,45.0,15.4
2018-12-14,12.94,13.65,3.16,43.17,13.88
2018-12-15,13.81,13.32,2.83,42.94,13.54
2018-12-16,14.37,13.26,2.94,36.15,13.16
2018-12-17,14.1,14.04,2.55,29.69,12.93
2018-12-18,14.89,16.3,1.01,20.27,12.88
2018-12-19,14.71,16.74,1.71,16.29,13.15
2018-12-20,14.37,16.65,2.19,14.2,13.46
2018-12-21,13.9,15.39,2.11,16.88,13.38
2018-12-22,13.84,14.71,2.49,19.02,13.3
2018-12-23,14.35,13.88,2.8,21.98,13.71
2018-12-24,10.88,12.37,3.49,33.98,12.17
2018-12-25,12.9,13.9,2.31,25.43,12.29
2018-12-26,14.04,14.16,3.82,23.59,12.47
2018-12-27,14.5,14.17,2.55,20.39,12.9
2018-12-28,14.85,14.52,2.58,20.26,12.44
2018-12-29,14.79,16.17,2.62,16.63,13.58
2018-12-30,14.64,16.83,2.03,14.19,14.6
2018-12-31,14.06,15.37,2.38,15.92,13.89
2019-01-01,13.76,16.14,1.97,18.47,14.38
2019-01-02,14.05,16.76,2.43,25.57,15.56
2019-01-03,12.99,15.74,2.5,28.36,15.79
2019-01-04,8.48,16.22,2.52,24.98,14.68
2019-01-05,12.57,16.28,3.26,27.31,15.79
2019-01-06,13.26,12.81,3.97,47.93,13.27
2019-01-07,13.42,13.28,2.5,46.75,13.55
2019-01-08,13.61,13.61,2.46,42.37,13.96
2019-01-09,13.19,16.01,1.46,35.63,14.9
2019-01-10,13.41,16.25,2.94,35.41,15.62
2019-01-11,11.45,17.59,2.12,32.54,17.66
2019-01-12,7.52,17.34,2.87,41.13,17.62
2019-01-13,11.25,16.15,3.72,41.35,16.56
2019-01-14,15.01,13.25,3.3,35.53,13.71
2019-01-15,14.6,14.99,1.84,24.36,14.79
2019-01-16,13.69,16.52,1.86,19.13,15.11
2019-01-17,14.58,15.56,3.66,22.1,15.47
2019-01-18,13.89,17.18,2.82,26.52,16.85
2019-01-19,12.37,16.66,2.27,29.46,17.22
2019-01-20,11.59,17.62,3.24,30.7,17.48
2019-01-21,8.74,13.79,3.43,68.08,13.88
2019-01-22,13.76,13.64,2.85,56.72,13.36
2019-01-23,16.37,13.62,2.31,35.3,13.51
2019-01-24,14.66,12.93,3.81,43.81,13.61
2019-01-25,13.74,12.61,2.08,43.12,13.16
2019-01-26,16.73,12.18,2.89,34.19,12.97
2019-01-27,14.24,13.51,1.95,31.23,14.28
2019-01-28,15.93,14.62,1.98,30.57,14.25
2019-01-29,16.33,15.66,1.88,31.06,15.24
2019-01-30,12.12,16.5,3.11,25.84,16.88
2019-01-31,13.69,15.04,3.76,41.4,16.46
2019-02-01,14.57,12.62,4.04,59.75,13.97
2019-02-02,16.51,12.89,3.55,56.11,13.83
2019-02-03,16.05,14.26,2.96,43.94,14.76
2019-02-04,16.56,16.22,3.28,33.67,16.81
2019-02-05,16.87,17.74,2.46,25.71,18.04
2019-02-06,16.2,16.47,3.85,34.79,17.42
2019-02-07,15.48,12.28,4.27,31.03,13.03
2019-02-08,17.94,12.94,3.95,28.09,13.42
2019-02-09,17.81,12.9,2.41,37.61,13.89
2019-02-10,15.26,15.54,2.71,29.34,15.94
2019-02-11,13.63,16.39,3.53,23.1,16.91
2019-02-12,17.47,18.56,4.56,23.67,19.71
2019-02-13,14.75,18.76,3.25,27.05,19.63
2019-02-14,16.26,17.44,4.34,36.01,17.72
2019-02-15,19.42,17.05,2.48,36.93,17.84
2019-02-16,19.36,16.83,2.82,31.72,17.85
2019-02-17,13.05,18.33,2.57,22.63,19.06
2019-02-18,17.48,20.93,4.95,29.07,21.61
2019-02-19,14.49,19.72,3.53,45.63,20.81
2019-02-20,9.58,21.77,4.21,54.96,22.76
2019-02-21,15.6,18.27,3.44,53.13,19.96
2019-02-22,21.57,16.49,2.67,32.93,18.12
2019-02-23,18.51,16.78,1.52,24.53,17.44
2019-02-24,20.01,18.79,3.07,19.47,18.24
2019-02-25,20.68,17.42,4.1,20.71,17.73
2019-02-26,13.41,16.57,3.08,24.06,17.66
2019-02-27,20.18,16.25,2.97,28.68,17.86
2019-02-28,20.73,18.2,2.64,22.31,18.38
2019-03-01,14.39,19.89,4.3,19.53,21.16
2019-03-02,6.76,21.1,4.25,24.13,21.62
2019-03-03,16.41,17.9,5.05,50.49,19.77
2019-03-04,17.84,17.5,3.36,50.25,19.43
2019-03-05,22.01,20.45,1.9,38.82,21.23
2019-03-06,22.15,22.3,1.56,28.78,22.69
2019-03-07,20.62,23.76,1.35,26.04,24.27
2019-03-08,20.89,22.8,4.99,30.76,24.58
2019-03-09,20.98,20.44,3.81,39.27,22.43
2019-03-10,21.85,21.99,2.78,29.17,24.24
2019-03-11,19.84,21.13,3.61,39.86,23.17
2019-03-12,17.6,19.91,3.05,36.01,21.79
2019-03-13,19.71,21.56,2.07,32.44,24.55
2019-03-14,21.4,21.05,3.28,35.23,23.3
2019-03-15,22.98,20.92,3.69,33.04,23.0
2019-03-16,18.38,20.31,3.01,31.61,21.92
2019-03-17,23.07,23.39,1.71,29.93,24.36
2019-03-18,12.18,24.01,2.38,30.0,24.41
2019-03-19,23.94,24.45,4.55,28.6,25.46
2019-03-20,22.65,23.91,2.32,33.53,26.71
2019-03-21,23.59,24.55,3.92,31.07,26.88
2019-03-22,23.51,25.24,3.5,23.82,27.42
2019-03-23,22.77,27.27,3.38,20.08,28.32
2019-03-24,20.31,24.94,4.07,30.49,26.53
2019-03-25,21.92,25.72,2.99,34.99,28.11
2019-03-26,24.27,26.94,2.09,25.65,29.14
2019-03-27,22.48,29.53,2.87,19.19,31.07
2019-03-28,23.53,31.47,3.15,19.6,32.74
2019-03-29,20.84,31.54,2.57,22.57,33.24
2019-03-30,24.47,30.49,4.37,24.09,31.78
2019-03-31,25.22,29.07,3.39,9.77,30.64
2019-04-01,26.26,30.38,3.06,10.91,30.81
2019-04-02,24.61,31.88,1.89,12.53,33.44
2019-04-03,25.6,32.89,2.15,13.2,34.37
2019-04-04,25.11,34.42,3.25,13.78,35.75
2019-04-05,24.5,34.03,4.49,14.73,35.3
2019-04-06,25.6,33.28,4.63,17.58,34.92
2019-04-07,24.84,33.55,2.39,18.54,35.54
2019-04-08,25.71,32.45,1.93,19.38,35.37
2019-04-09,24.59,33.04,3.05,17.89,35.09
2019-04-10,23.22,32.97,1.87,22.4,34.63
2019-04-11,22.29,34.23,2.19,22.59,35.74
2019-04-12,23.98,32.68,3.6,29.59,35.82
2019-04-13,22.39,33.28,3.47,30.64,36.35
2019-04-14,21.39,32.69,4.04,31.79,36.04
2019-04-15,18.98,30.87,3.48,35.16,32.3
2019-04-16,19.65,27.1,4.94,37.18,28.73
2019-04-17,19.51,24.95,3.18,37.75,27.5
2019-04-18,26.88,25.52,4.16,41.23,28.42
2019-04-19,27.58,27.93,2.19,35.23,31.35
2019-04-20,27.84,31.53,2.43,23.47,33.52
2019-04-21,27.37,32.74,3.37,20.62,34.89
2019-04-22,26.48,33.89,3.06,19.89,36.7
2019-04-23,26.85,34.86,5.58,18.84,36.69
2019-04-24,25.87,34.38,5.35,21.7,36.31
2019-04-25,25.73,34.47,3.89,26.69,37.18
2019-04-26,23.68,34.76,2.79,21.24,37.44
2019-04-27,27.32,35.15,1.85,13.24,37.11
2019-04-28,27.04,35.72,2.27,13.18,37.47
2019-04-29,26.91,35.57,3.11,12.53,37.06
2019-04-30,27.66,33.83,3.57,15.36,36.32
2019-05-01,27.67,33.83,3.52,17.78,36.47
2019-05-02,28.13,33.32,3.11,12.68,36.2
2019-05-03,28.2,32.64,2.96,12.92,36.21
2019-05-04,27.94,33.28,3.31,13.26,36.04
2019-05-05,28.4,34.83,2.68,10.71,36.95
2019-05-06,26.45,34.47,5.75,15.99,35.98
2019-05-07,28.12,34.68,6.34,21.51,36.62
2019-05-08,27.03,34.49,6.83,28.33,36.79
2019-05-09,26.07,33.67,7.22,35.92,36.34
2019-05-10,26.23,33.34,5.85,33.9,36.05
2019-05-11,23.89,32.81,5.43,39.77,34.09
2019-05-12,24.52,32.95,2.02,32.44,35.17
2019-05-13,25.21,34.16,3.94,31.54,37.25
2019-05-14,25.18,31.46,4.15,41.31,32.33
2019-05-15,24.99,33.23,2.86,33.59,35.73
2019-05-16,23.71,30.88,4.21,38.88,33.36
2019-05-17,18.89,27.12,3.08,60.12,27.93
2019-05-18,27.39,30.61,1.65,41.85,33.56
2019-05-19,23.4,33.58,2.62,29.7,36.67
2019-05-20,25.25,34.13,2.91,31.52,37.54
2019-05-21,24.22,35.48,1.24,24.8,38.65
2019-05-22,26.28,35.3,2.12,26.57,38.8
2019-05-23,25.35,34.81,2.67,29.52,36.88
2019-05-24,26.92,34.29,2.53,28.0,37.41
2019-05-25,28.79,35.32,1.4,18.74,38.03
2019-05-26,28.42,36.67,1.8,18.14,39.4
2019-05-27,26.93,36.82,2.92,19.41,39.07
2019-05-28,26.51,37.59,2.36,19.06,41.22
2019-05-29,26.75,38.54,4.23,17.96,41.59
2019-05-30,25.72,38.12,4.08,20.78,41.32
2019-05-31,26.07,38.88,5.59,21.64,41.51
2019-06-01,28.96,39.37,6.27,20.48,41.42
2019-06-02,27.77,39.55,6.01,17.19,41.41
2019-06-03,27.0,39.57,7.29,18.27,41.36
2019-06-04,26.97,38.04,7.06,25.87,40.05
2019-06-05,27.63,38.19,4.31,20.2,40.56
2019-06-06,28.36,37.54,2.99,18.91,40.51
2019-06-07,27.97,36.59,1.95,21.14,38.03
2019-06-08,27.06,39.36,1.7,15.32,41.08
2019-06-09,27.84,39.65,2.81,14.57,42.31
2019-06-10,26.35,39.13,6.01,19.8,41.76
2019-06-11,27.26,38.45,7.54,24.35,40.85
2019-06-12,24.25,39.02,4.7,23.58,42.05
2019-06-13,19.67,36.53,4.88,37.49,41.25
2019-06-14,25.84,36.18,4.77,38.15,40.65
2019-06-15,26.81,36.4,7.16,35.43,39.94
2019-06-16,24.89,36.33,6.74,40.23,40.07
2019-06-17,24.13,36.18,7.52,35.42,39.48
2019-06-18,20.5,35.01,5.56,41.81,39.57
2019-06-19,18.95,35.73,2.44,39.68,41.84
2019-06-20,24.01,34.53,4.35,47.3,36.68
2019-06-21,24.13,33.57,2.6,50.56,36.24
2019-06-22,22.55,37.09,0.94,35.06,41.52
2019-06-23,23.51,38.18,1.17,31.41,41.9
2019-06-24,18.13,35.48,2.5,45.63,37.71
2019-06-25,25.04,34.85,3.06,47.73,36.32
2019-06-26,25.53,35.53,3.69,45.31,38.19
2019-06-27,25.2,36.49,5.38,38.3,39.46
2019-06-28,26.21,36.05,5.7,39.0,39.29
2019-06-29,26.26,36.57,6.08,39.77,39.72
2019-06-30,25.88,36.48,6.25,39.01,39.61
2019-07-01,26.0,36.47,4.92,40.73,40.1
2019-07-02,25.81,37.45,3.73,37.64,41.81
2019-07-03,26.45,38.07,4.2,34.23,41.52
2019-07-04,25.58,37.49,5.14,35.15,40.53
2019-07-05,24.15,37.18,5.21,39.15,40.88
2019-07-06,24.15,36.9,5.9,40.06,40.58
2019-07-07,23.01,37.42,6.1,39.0,40.69
2019-07-08,23.46,37.4,6.8,38.1,40.71
2019-07-09,20.67,36.49,8.66,39.88,39.07
2019-07-10,22.32,36.69,8.28,40.3,39.66
2019-07-11,21.51,36.5,10.12,42.09,38.97
2019-07-12,20.07,35.84,9.31,42.08,38.62
2019-07-13,18.69,35.8,9.9,41.51,38.45
2019-07-14,19.17,35.45,9.85,44.13,37.93
2019-07-15,20.44,34.83,9.94,45.49,37.36
2019-07-16,17.67,35.13,7.37,44.33,38.15
2019-07-17,21.99,35.07,5.57,44.21,38.52
2019-07-18,22.99,35.43,5.71,41.37,38.61
2019-07-19,23.47,36.01,2.95,41.12,39.82
2019-07-20,22.82,37.41,1.61,36.54,41.77
2019-07-21,18.75,37.69,1.6,36.6,41.76
2019-07-22,24.23,38.41,2.24,34.29,42.87
2019-07-23,21.41,37.03,3.66,41.71,41.45
2019-07-24,24.77,38.26,5.95,38.95,41.43
2019-07-25,21.05,36.08,8.87,45.45,38.8
2019-07-26,18.81,34.55,4.62,50.16,38.03
2019-07-27,17.4,33.79,3.7,55.19,35.84
2019-07-28,13.79,31.55,2.06,68.15,32.01
2019-07-29,19.3,33.46,3.58,58.56,35.98
2019-07-30,23.35,34.96,3.46,51.38,37.91
2019-07-31,23.29,35.81,3.26,48.17,39.49
2019-08-01,22.01,34.47,5.15,55.88,36.84
2019-08-02,23.62,33.12,3.72,59.54,34.45
2019-08-03,18.58,34.55,2.65,53.07,37.34
2019-08-04,23.12,34.39,3.12,55.29,37.17
2019-08-05,23.89,35.15,4.59,49.79,38.41
2019-08-06,23.89,35.64,5.7,47.58,38.57
2019-08-07,21.9,35.54,3.55,48.21,39.57
2019-08-08,20.05,32.9,2.67,57.36,34.53
2019-08-09,23.81,33.85,4.07,55.13,35.13
2019-08-10,17.45,33.52,6.21,53.93,35.73
2019-08-11,18.37,32.69,5.44,59.71,35.73
2019-08-12,21.52,32.84,5.42,55.18,36.05
2019-08-13,23.67,33.95,4.9,47.63,37.02
2019-08-14,23.18,33.91,5.58,48.31,36.76
2019-08-15,17.26,34.05,3.05,50.78,37.37
2019-08-16,13.05,30.78,4.37,66.98,32.07
2019-08-17,23.04,30.11,4.2,69.37,30.13
2019-08-18,25.38,33.1,5.29,55.0,35.29
2019-08-19,25.51,33.46,3.69,50.73,36.79
2019-08-20,25.6,33.9,4.09,47.45,36.98
2019-08-21,26.08,33.97,5.1,44.54,36.56
2019-08-22,25.96,33.77,4.45,44.39,36.8
2019-08-23,25.57,34.46,4.4,44.31,37.52
2019-08-24,25.5,34.33,4.76,40.59,37.03
2019-08-25,23.53,34.2,3.85,41.33,36.82
2019-08-26,18.58,34.11,4.56,43.49,36.22
2019-08-27,19.26,32.11,3.38,58.73,34.4
2019-08-28,14.42,31.51,2.29,68.32,32.4
2019-08-29,16.1,30.51,2.33,75.59,30.7
2019-08-30,20.06,31.75,2.0,64.09,32.2
2019-08-31,19.61,32.04,1.82,59.09,34.48
2019-09-01,21.23,32.35,1.59,60.6,34.08
2019-09-02,16.36,32.35,1.58,60.31,33.87
2019-09-03,20.96,32.25,2.17,61.56,34.15
2019-09-04,21.27,32.57,2.41,62.25,34.3
2019-09-05,21.82,32.84,2.73,63.17,34.49
2019-09-06,21.66,33.85,2.15,57.72,35.25
2019-09-07,19.78,33.78,3.67,55.62,35.57
2019-09-08,21.26,33.65,2.76,52.34,35.88
2019-09-09,22.51,35.75,1.84,44.66,38.75
2019-09-10,22.93,36.49,3.27,41.43,38.91
2019-09-11,23.19,36.4,4.91,45.35,38.6
2019-09-12,21.41,35.09,5.47,51.49,37.03
2019-09-13,16.75,33.98,4.45,52.67,35.4
2019-09-14,22.04,35.33,3.62,46.2,37.85
2019-09-15,19.71,35.05,3.09,45.47,37.5
2019-09-16,22.56,34.66,4.43,46.7,36.98
2019-09-17,22.95,33.75,4.48,46.8,35.81
2019-09-18,22.67,33.95,3.61,44.16,36.19
2019-09-19,22.47,33.69,2.14,36.56,36.42
2019-09-20,20.33,32.87,3.42,50.29,35.77
2019-09-21,20.23,32.7,2.9,47.84,35.31
2019-09-22,20.57,32.99,2.9,50.11,35.88
2019-09-23,20.32,32.31,3.35,52.05,35.26
2019-09-24,21.85,32.25,3.4,50.72,35.13
2019-09-25,20.53,31.99,3.78,53.37,34.26
2019-09-26,20.17,31.44,4.15,56.71,33.94
2019-09-27,19.31,31.68,3.08,54.55,34.39
2019-09-28,20.18,31.61,2.85,55.57,34.63
2019-09-29,16.76,31.31,2.06,55.09,34.12
2019-09-30,19.97,30.9,1.75,54.08,33.84
2019-10-01,17.55,30.24,2.1,58.38,31.53
2019-10-02,20.02,28.76,1.83,63.29,29.0
2019-10-03,19.26,26.85,3.02,77.51,26.56
2019-10-04,19.26,25.86,2.24,65.72,26.11
2019-10-05,20.87,27.2,2.08,57.74,28.56
2019-10-06,12.65,25.72,2.69,65.99,25.82
2019-10-07,19.57,25.78,2.92,61.03,27.14
2019-10-08,20.43,27.84,1.56,42.42,28.54
2019-10-09,21.02,29.01,2.05,35.31,29.59
2019-10-10,21.05,28.72,2.41,35.56,29.95
2019-10-11,20.4,29.46,1.91,33.36,30.57
2019-10-12,19.69,29.96,2.4,33.57,30.64
2019-10-13,19.25,30.69,1.77,32.12,31.25
2019-10-14,19.42,31.08,2.23,32.55,31.96
2019-10-15,18.91,31.58,1.24,27.59,31.8
2019-10-16,18.87,30.7,1.27,28.96,30.35
2019-10-17,16.48,31.28,0.75,29.5,31.76
2019-10-18,18.63,30.39,2.27,35.21,31.48
2019-10-19,17.2,28.09,3.24,39.43,29.54
2019-10-20,18.41,27.68,2.65,35.65,29.33
2019-10-21,18.89,27.03,2.78,32.74,28.16
2019-10-22,18.97,27.08,2.3,31.34,27.39
2019-10-23,18.7,27.73,2.75,31.1,28.08
2019-10-24,18.57,28.31,2.21,28.3,28.41
2019-10-25,18.44,27.73,1.96,27.96,28.3
2019-10-26,17.63,26.15,3.34,37.36,27.03
2019-10-27,17.01,26.04,2.61,40.29,26.49
2019-10-28,16.99,26.13,2.84,39.7,26.51
2019-10-29,6.87,26.64,2.52,52.91,27.13
2019-10-30,11.59,28.49,1.4,43.61,29.51
2019-10-31,16.92,28.88,1.6,40.76,29.52
2019-11-01,9.54,27.81,1.97,42.47,28.76
2019-11-02,11.11,24.7,2.94,54.97,24.59
2019-11-03,12.75,25.39,2.39,56.23,26.52
2019-11-04,17.07,26.47,1.04,45.08,26.63
2019-11-05,16.91,26.18,2.4,34.07,25.62
2019-11-06,16.33,25.06,3.67,36.58,25.04
2019-11-07,17.57,21.71,3.39,30.37,22.35
2019-11-08,17.47,20.43,4.32,40.48,21.08
2019-11-09,16.39,19.74,3.41,43.62,20.7
2019-11-10,16.14,21.31,2.46,32.63,21.61
2019-11-11,16.85,22.35,2.14,29.09,22.58
2019-11-12,10.3,23.07,2.98,42.26,23.56
2019-11-13,10.34,24.64,2.84,49.78,25.25
2019-11-14,3.59,20.46,3.3,78.86,20.2
2019-11-15,7.63,18.84,4.44,81.89,19.42
2019-11-16,10.41,19.27,4.45,80.32,19.8
2019-11-17,12.79,20.23,2.81,70.57,20.58
2019-11-18,14.91,21.23,2.07,54.7,20.97
2019-11-19,15.07,21.95,1.19,47.48,21.22
2019-11-20,15.44,21.47,2.02,46.32,21.24
2019-11-21,12.45,21.94,2.9,53.79,22.19
2019-11-22,10.51,22.22,4.19,59.57,22.94
2019-11-23,12.74,20.47,3.8,56.95,21.19
2019-11-24,13.76,20.14,2.49,56.05,20.27
2019-11-25,15.11,19.59,3.0,48.58,19.44
2019-11-26,9.84,18.98,3.21,46.92,18.95
2019-11-27,12.79,18.51,2.41,62.13,18.27
2019-11-28,14.08,18.51,2.27,51.31,17.68
2019-11-29,13.36,16.68,3.51,58.75,16.82
2019-11-30,14.27,15.51,3.37,48.46,15.45
2019-12-01,13.89,16.13,2.94,40.31,15.24
2019-12-02,14.59,17.37,2.29,33.97,16.04
2019-12-03,15.59,17.91,2.19,33.49,16.79
2019-12-04,14.71,17.0,3.05,34.03,16.43
2019-12-05,12.47,16.8,2.98,35.88,16.47
2019-12-06,12.74,16.24,3.18,38.12,15.16
2019-12-07,13.12,16.26,2.58,36.25,14.63
2019-12-08,13.33,15.96,3.05,42.05,15.23
2019-12-09,12.63,16.9,2.51,44.76,16.7
2019-12-10,12.53,17.47,2.06,39.77,16.43
2019-12-11,9.84,17.24,2.4,41.36,16.51
2019-12-12,5.15,16.11,2.81,71.57,17.25
2019-12-13,12.48,14.55,2.65,70.02,14.6
2019-12-14,12.71,14.44,3.38,58.4,14.71
2019-12-15,7.88,13.45,3.27,58.88,13.72
2019-12-16,11.87,12.4,3.0,60.56,12.65
2019-12-17,12.95,12.12,3.01,55.91,12.05
2019-12-18,14.06,13.09,2.15,48.98,12.95
2019-12-19,12.0,14.81,2.8,43.6,14.87
2019-12-20,9.87,16.91,2.57,41.81,17.24
2019-12-21,13.43,15.91,3.5,41.42,15.74
2019-12-22,13.73,13.28,3.74,47.09,13.06
2019-12-23,14.75,13.2,3.42,44.1,12.81
2019-12-24,14.31,13.37,3.85,38.65,13.32
2019-12-25,13.56,12.03,3.27,40.54,11.68
2019-12-26,14.81,14.01,1.71,32.76,12.02
2019-12-27,14.99,12.74,2.83,34.48,12.16
2019-12-28,14.49,11.66,3.34,36.54,11.72
2019-12-29,13.62,10.28,3.65,41.7,10.47
2019-12-30,11.75,9.59,3.29,43.05,9.89
2019-12-31,9.42,9.28,3.61,44.95,9.52
2020-01-01,9.93,10.36,4.04,52.88,10.62
2020-01-02,10.99,11.23,3.78,54.86,11.82
2020-01-03,12.54,12.87,2.69,47.14,12.5
2020-01-04,12.85,15.73,1.94,41.2,13.7
2020-01-05,7.65,16.38,2.14,43.39,15.24
2020-01-06,7.36,15.15,2.92,51.99,15.6
2020-01-07,4.31,12.18,3.12,78.88,12.52
2020-01-08,15.59,11.76,3.3,59.56,11.26
2020-01-09,15.96,10.86,3.08,49.61,10.78
2020-01-10,14.23,10.57,3.76,47.62,10.66
2020-01-11,13.62,12.76,3.69,37.8,13.06
2020-01-12,8.91,14.45,2.8,41.84,14.5
2020-01-13,8.44,11.71,3.99,69.1,12.16
2020-01-14,16.24,11.03,2.19,63.06,11.21
2020-01-15,14.51,10.58,2.88,57.4,11.03
2020-01-16,13.89,11.11,3.2,52.6,11.06
2020-01-17,15.68,13.07,1.43,42.79,11.6
2020-01-18,15.63,12.86,2.11,40.86,12.19
2020-01-19,14.55,12.19,2.47,45.49,12.14
2020-01-20,11.28,12.9,2.28,41.6,12.5
2020-01-21,15.0,13.99,3.37,45.84,14.46
2020-01-22,15.29,13.52,4.27,53.86,13.81
2020-01-23,15.06,13.6,2.78,57.23,13.89
2020-01-24,15.75,15.12,1.68,48.29,14.91
2020-01-25,15.69,18.24,1.8,38.28,16.84
2020-01-26,15.55,18.83,2.0,39.63,18.36
2020-01-27,11.65,16.82,2.01,50.37,16.88
2020-01-28,15.08,14.68,3.77,61.96,14.89
2020-01-29,16.63,15.64,2.76,39.83,14.74
2020-01-30,16.66,14.29,2.29,40.38,14.41
2020-01-31,16.4,14.54,2.13,41.84,14.16
2020-02-01,16.62,14.98,2.27,34.32,14.57
2020-02-02,17.34,14.15,2.71,39.86,14.99
2020-02-03,16.54,14.68,2.76,37.07,14.96
2020-02-04,13.89,13.93,3.69,41.51,14.37
2020-02-05,16.17,13.04,3.73,50.41,13.86
2020-02-06,17.54,15.04,2.24,40.42,14.61
2020-02-07,17.68,15.31,2.67,34.1,15.37
2020-02-08,17.72,14.84,3.29,37.97,15.43
2020-02-09,16.11,15.56,3.34,31.9,15.55
2020-02-10,16.43,15.78,3.24,29.57,16.02
2020-02-11,18.03,16.7,3.49,30.61,17.07
2020-02-12,16.96,17.59,3.01,34.41,18.42
2020-02-13,17.28,19.61,2.79,36.59,20.25
2020-02-14,19.34,18.02,2.68,30.9,17.95
2020-02-15,19.61,20.68,1.41,15.56,18.0
2020-02-16,19.25,22.32,1.64,14.48,19.83
2020-02-17,19.42,21.88,2.18,17.27,20.77
2020-02-18,19.99,22.25,2.58,17.51,20.74
2020-02-19,16.62,21.81,4.44,21.31,20.7
2020-02-20,18.51,19.35,4.88,33.01,19.62
2020-02-21,18.22,17.74,3.13,40.82,18.06
2020-02-22,17.0,18.61,3.83,51.45,19.57
2020-02-23,16.6,19.19,3.55,53.31,20.19
2020-02-24,16.43,21.32,2.0,42.8,21.55
2020-02-25,19.15,23.53,2.79,31.83,22.73
2020-02-26,18.81,24.86,1.58,28.18,24.22
2020-02-27,15.62,24.11,2.9,29.25,23.97
2020-02-28,19.56,24.84,4.6,30.51,25.54
2020-02-29,16.9,21.68,3.48,49.52,23.44
2020-03-01,18.29,21.67,3.82,48.53,23.41
2020-03-02,20.11,21.75,2.37,47.59,23.96
2020-03-03,20.45,22.97,1.88,38.1,24.3
2020-03-04,20.66,23.49,3.17,31.65,24.04
2020-03-05,18.22,21.78,4.46,40.03,22.77
2020-03-06,12.36,16.83,3.15,74.07,16.66
2020-03-07,22.73,19.14,1.84,49.09,19.93
2020-03-08,22.34,20.49,3.41,42.31,21.55
2020-03-09,22.73,20.99,2.78,39.26,22.75
2020-03-10,17.7,22.13,4.53,36.97,23.28
2020-03-11,15.07,19.3,4.8,58.59,20.23
2020-03-12,22.18,17.96,5.23,40.85,17.88
2020-03-13,22.68,17.79,3.3,40.57,18.91
2020-03-14,23.23,18.85,3.03,46.02,20.18
2020-03-15,20.77,18.85,3.71,49.09,20.09
2020-03-16,21.18,20.93,2.59,40.04,22.38
2020-03-17,22.22,23.89,2.38,31.57,25.11
2020-03-18,23.62,25.16,2.28,30.32,26.76
2020-03-19,21.38,27.04,2.26,30.68,27.91
2020-03-20,22.77,27.15,2.63,27.25,28.42
2020-03-21,22.84,25.62,2.52,33.83,27.66
2020-03-22,18.05,26.46,2.62,38.22,29.01
2020-03-23,18.81,25.6,2.72,53.92,26.78
2020-03-24,17.23,25.69,2.43,47.07,25.89
2020-03-25,14.23,26.81,3.61,45.01,28.1
2020-03-26,7.68,23.01,2.82,68.06,23.75
2020-03-27,22.1,21.23,3.7,65.96,21.74
2020-03-28,25.03,24.42,2.58,41.79,25.4
2020-03-29,24.75,25.75,2.08,31.45,27.25
2020-03-30,24.45,25.78,2.62,34.17,27.51
2020-03-31,22.52,26.23,4.55,36.41,27.72
2020-04-01,25.21,24.96,3.88,48.95,27.13
2020-04-02,25.81,25.38,2.93,41.3,27.92
2020-04-03,25.7,26.47,3.01,27.83,28.74
2020-04-04,25.83,28.75,2.4,24.3,30.58
2020-04-05,26.0,29.04,3.57,29.6,31.0
2020-04-06,25.8,29.07,2.2,32.61,31.49
2020-04-07,22.53,28.59,4.34,29.96,30.6
2020-04-08,26.19,26.75,3.81,42.76,29.36
2020-04-09,26.07,29.21,2.69,27.79,31.25
2020-04-10,22.89,29.79,4.31,30.71,31.68
2020-04-11,23.32,29.51,2.84,44.34,32.07
2020-04-12,24.64,32.26,2.61,33.2,34.13
2020-04-13,16.66,31.97,4.66,22.31,32.48
2020-04-14,17.1,30.61,5.56,23.37,30.87
2020-04-15,25.5,30.99,4.51,31.68,33.4
2020-04-16,18.95,31.1,3.69,31.86,33.48
2020-04-17,24.01,30.43,3.98,38.6,32.7
2020-04-18,24.97,29.4,3.87,39.35,31.82
2020-04-19,24.32,30.24,3.33,36.84,33.42
2020-04-20,21.76,29.23,4.6,40.98,31.76
2020-04-21,26.88,30.04,3.23,36.03,33.21
2020-04-22,18.86,30.67,3.27,34.33,32.76
2020-04-23,21.62,31.21,3.28,41.18,33.96
2020-04-24,23.51,32.91,1.68,34.36,35.75
2020-04-25,26.22,33.71,2.58,28.8,36.49
2020-04-26,25.35,34.0,2.98,31.19,37.06
2020-04-27,26.17,34.36,3.55,25.24,36.75
2020-04-28,26.47,33.93,3.03,27.47,36.65
2020-04-29,26.55,34.4,2.75,25.9,37.55
2020-04-30,24.81,34.69,1.88,26.68,36.42
2020-05-01,27.44,34.98,5.36,20.47,36.57
2020-05-02,27.26,35.12,5.04,26.86,37.66
2020-05-03,22.45,35.3,3.39,28.02,38.26
2020-05-04,18.66,33.51,2.86,29.44,36.21
2020-05-05,26.27,34.61,2.09,24.74,37.42
2020-05-06,27.6,34.47,4.8,24.94,35.97
2020-05-07,27.14,34.6,1.94,21.41,36.73
2020-05-08,28.34,36.06,1.72,15.42,38.85
2020-05-09,27.57,36.0,4.33,23.64,38.63
2020-05-10,27.4,35.68,4.25,24.33,38.67
2020-05-11,27.08,35.92,5.42,24.07,38.26
2020-05-12,25.78,35.22,3.66,28.8,38.53
2020-05-13,26.3,34.51,2.59,28.26,38.37
2020-05-14,26.18,34.83,2.68,29.55,38.24
2020-05-15,25.6,33.72,3.61,37.87,37.62
2020-05-16,26.63,35.17,2.83,26.93,38.81
2020-05-17,25.59,33.94,4.27,14.66,35.76
2020-05-18,29.17,33.61,4.19,17.11,35.43
2020-05-19,29.28,33.84,4.4,22.87,35.99
2020-05-20,28.82,34.57,3.07,20.28,37.6
2020-05-21,28.05,36.18,5.76,24.01,38.35
2020-05-22,27.35,36.49,6.41,30.33,38.65
2020-05-23,27.94,37.23,5.47,25.43,39.98
2020-05-24,26.78,37.24,4.36,28.15,40.35
2020-05-25,27.22,37.7,5.76,27.18,40.35
2020-05-26,28.26,37.18,6.98,29.52,39.15
2020-05-27,29.42,36.13,6.56,27.58,37.87
2020-05-28,27.88,36.89,7.1,29.9,38.8
2020-05-29,22.35,35.64,6.23,40.0,37.88
2020-05-30,20.9,33.58,3.57,43.38,34.99
2020-05-31,26.42,33.37,3.68,42.78,36.52
2020-06-01,27.14,33.28,4.09,45.91,35.7
2020-06-02,27.16,33.66,2.58,39.24,37.35
2020-06-03,23.23,34.79,3.25,36.28,37.67
2020-06-04,26.38,31.6,2.49,48.82,33.44
2020-06-05,21.12,32.66,3.63,49.73,34.93
2020-06-06,25.86,32.96,5.75,49.07,35.4
2020-06-07,26.34,34.36,4.55,41.59,38.05
2020-06-08,26.39,35.59,4.95,39.59,39.26
2020-06-09,27.72,36.65,5.2,37.75,40.28
2020-06-10,26.77,37.2,5.25,37.02,40.73
2020-06-11,27.91,38.03,5.7,36.4,41.44
2020-06-12,26.76,38.63,4.5,32.72,42.17
2020-06-13,23.35,38.13,3.11,34.42,42.07
2020-06-14,26.37,38.51,3.14,33.44,42.57
2020-06-15,27.31,38.25,3.74,34.78,40.06
2020-06-16,27.72,39.11,4.32,25.64,41.51
2020-06-17,27.68,39.23,5.06,25.91,41.87
2020-06-18,26.14,37.92,7.42,33.63,40.54
2020-06-19,26.29,38.07,7.53,36.76,40.91
2020-06-20,27.19,37.04,6.34,39.24,40.6
2020-06-21,27.43,37.57,5.38,38.36,41.51
2020-06-22,28.1,37.37,4.67,36.62,41.51
2020-06-23,26.85,38.23,4.39,35.56,43.0
2020-06-24,26.54,38.9,4.06,34.89,43.65
2020-06-25,23.13,36.79,6.0,43.35,39.13
2020-06-26,24.97,35.64,7.13,43.28,37.53
2020-06-27,24.99,36.97,6.56,40.44,39.93
2020-06-28,23.6,37.17,7.89,42.22,39.96
2020-06-29,25.82,37.08,6.73,40.3,39.92
2020-06-30,27.04,38.42,3.84,34.88,41.96
2020-07-01,26.15,38.92,3.0,32.88,43.07
2020-07-02,26.41,38.42,6.04,38.05,42.24
2020-07-03,27.0,39.08,6.66,36.26,42.37
2020-07-04,27.24,39.43,6.22,34.2,42.85
2020-07-05,21.33,36.71,4.03,42.79,40.25
2020-07-06,24.27,34.74,2.03,48.73,37.05
2020-07-07,17.7,35.93,2.86,38.4,38.2
2020-07-08,22.25,35.03,4.5,46.62,38.45
2020-07-09,25.45,35.16,3.8,46.7,39.83
2020-07-10,26.4,35.75,7.08,47.31,39.03
2020-07-11,25.22,35.61,6.73,51.74,38.94
2020-07-12,22.59,34.76,7.39,51.04,37.95
2020-07-13,23.64,35.25,4.33,45.85,39.49
2020-07-14,21.23,36.97,3.67,40.57,41.6
2020-07-15,24.7,38.22,3.08,36.84,42.95
2020-07-16,22.54,38.94,4.23,32.47,42.02
2020-07-17,24.54,38.09,3.48,36.82,42.07
2020-07-18,21.35,34.07,2.14,60.41,35.49
2020-07-19,23.48,34.72,5.33,54.13,36.62
2020-07-20,23.96,35.16,7.86,50.55,37.51
2020-07-21,14.69,32.0,6.37,67.0,32.92
2020-07-22,22.42,31.29,4.36,66.52,33.11
2020-07-23,26.77,35.0,4.46,48.52,37.65
2020-07-24,25.74,36.02,3.93,45.53,39.35
2020-07-25,23.2,35.66,3.64,44.66,39.49
2020-07-26,18.5,34.14,4.1,51.83,38.21
2020-07-27,26.14,34.23,5.04,50.79,37.56
2020-07-28,25.29,35.65,6.26,45.84,38.52
2020-07-29,23.18,35.87,6.93,47.37,38.71
2020-07-30,24.56,36.15,4.87,46.95,39.44
2020-07-31,22.02,36.01,4.96,47.73,39.59
2020-08-01,24.09,36.06,3.49,45.3,40.26
2020-08-02,26.5,36.82,4.21,43.3,40.82
2020-08-03,24.85,36.8,6.06,42.76,39.87
2020-08-04,26.42,36.7,5.39,43.41,40.13
2020-08-05,25.01,38.13,2.99,39.7,42.24
2020-08-06,20.7,35.8,6.43,46.34,37.35
2020-08-07,12.82,32.27,5.12,65.13,32.8
2020-08-08,16.0,31.46,3.46,68.69,32.88
2020-08-09,25.42,34.23,3.47,52.87,37.29
2020-08-10,21.18,34.58,4.35,53.87,38.02
2020-08-11,17.75,34.13,4.84,54.01,36.42
2020-08-12,24.88,35.01,6.94,52.59,37.56
2020-08-13,24.56,35.38,6.53,53.9,38.2
2020-08-14,24.15,35.61,4.8,51.91,38.66
2020-08-15,20.26,32.56,3.04,65.58,34.29
2020-08-16,22.2,34.07,2.3,59.13,37.45
2020-08-17,21.71,35.15,4.02,54.63,38.45
2020-08-18,21.74,33.19,4.61,62.33,34.85
2020-08-19,22.86,32.87,5.89,62.4,34.18
2020-08-20,19.61,31.65,3.54,63.79,32.88
2020-08-21,20.22,33.29,2.99,54.08,36.32
2020-08-22,23.33,34.09,3.88,49.1,36.78
2020-08-23,24.72,34.54,5.15,46.73,37.13
2020-08-24,21.75,34.13,4.15,51.25,36.81
2020-08-25,13.3,31.38,2.58,70.91,32.47
2020-08-26,18.19,30.63,6.86,68.25,32.15
2020-08-27,17.1,31.6,4.97,60.87,34.37
2020-08-28,22.08,32.68,3.69,55.4,35.8
2020-08-29,14.9,32.28,1.97,63.02,33.9
2020-08-30,17.91,30.67,2.51,73.05,30.88
2020-08-31,10.22,28.27,3.29,83.72,28.83
2020-09-01,15.97,28.66,6.53,76.93,29.12
2020-09-02,20.82,30.6,2.72,64.1,32.87
2020-09-03,15.7,31.87,1.45,56.69,34.5
2020-09-04,12.53,30.43,1.7,67.97,31.36
2020-09-05,13.75,29.08,1.03,76.47,29.86
2020-09-06,22.61,30.97,2.24,64.33,32.88
2020-09-07,23.63,32.16,3.36,58.55,34.16
2020-09-08,23.89,32.17,3.23,54.59,34.51
2020-09-09,23.74,32.01,3.44,55.56,34.38
2020-09-10,23.31,32.71,3.12,52.94,35.16
2020-09-11,22.91,33.12,3.43,52.97,35.35
2020-09-12,21.52,33.62,2.34,48.81,36.16
2020-09-13,19.41,33.39,1.67,49.52,36.5
2020-09-14,20.88,33.45,3.34,51.65,35.49
2020-09-15,16.74,32.71,3.07,56.12,34.76
2020-09-16,20.1,32.81,3.73,53.77,34.48
2020-09-17,21.1,31.83,4.65,58.46,33.28
2020-09-18,21.76,32.03,4.19,56.31,33.9
2020-09-19,22.49,30.8,2.81,62.23,32.77
2020-09-20,21.23,32.04,2.44,55.67,33.76
2020-09-21,22.46,32.9,2.2,42.34,34.38
2020-09-22,22.63,33.62,2.43,31.27,34.67
2020-09-23,21.17,33.13,1.95,38.85,34.83
2020-09-24,22.3,33.26,3.31,37.39,34.69
2020-09-25,21.9,31.47,6.01,49.03,32.8
2020-09-26,22.46,29.85,3.97,47.84,31.45
2020-09-27,22.02,29.0,3.34,51.81,30.86
2020-09-28,21.87,30.55,3.29,51.39,32.53
2020-09-29,21.58,30.31,3.3,50.23,32.31
2020-09-30,21.72,30.43,3.4,46.13,32.1
2020-10-01,21.37,30.44,4.9,42.04,31.45
2020-10-02,22.54,29.2,4.08,38.54,30.08
2020-10-03,21.93,29.78,3.26,46.17,30.93
2020-10-04,21.91,29.99,2.75,45.7,31.48
2020-10-05,21.35,30.66,3.28,37.17,32.06
2020-10-06,21.9,29.75,3.27,34.75,30.96
2020-10-07,21.7,29.78,3.04,33.16,30.92
2020-10-08,21.48,30.21,1.52,30.02,31.12
2020-10-09,20.56,30.86,1.37,31.13,31.95
2020-10-10,20.71,30.69,1.64,28.72,31.31
2020-10-11,20.94,31.12,1.16,22.16,30.48
2020-10-12,21.12,30.13,2.29,23.35,29.87
2020-10-13,21.73,30.26,1.38,21.57,30.35
2020-10-14,20.51,29.09,2.88,24.51,29.7
2020-10-15,18.24,28.34,3.04,26.93,28.89
2020-10-16,18.06,28.34,3.27,26.86,28.99
2020-10-17,16.51,29.33,3.15,27.13,30.33
2020-10-18,13.92,29.71,2.45,38.44,30.49
2020-10-19,16.86,29.17,1.93,52.38,30.69
2020-10-20,18.05,29.87,2.27,39.66,30.61
2020-10-21,19.21,29.25,2.19,29.9,29.62
2020-10-22,19.62,25.81,2.62,22.95,26.02
2020-10-23,19.42,27.6,1.4,19.51,26.17
2020-10-24,19.53,27.61,1.53,17.9,26.21
2020-10-25,19.45,26.1,3.16,29.48,26.24
2020-10-26,17.79,25.03,2.57,25.31,24.77
2020-10-27,18.06,25.74,1.76,21.75,24.66
2020-10-28,18.28,24.53,3.06,23.18,24.4
2020-10-29,17.45,24.81,2.52,26.3,24.38
2020-10-30,16.82,24.9,2.12,26.13,24.79
2020-10-31,16.26,24.67,2.1,24.63,24.32
2020-11-01,16.82,24.57,2.02,22.74,23.4
2020-11-02,17.75,24.63,2.34,20.52,23.09
2020-11-03,18.49,24.7,2.01,19.47,23.09
2020-11-04,17.75,23.47,3.01,25.11,22.8
2020-11-05,17.27,23.44,3.13,35.27,23.48
2020-11-06,17.36,24.33,1.89,34.38,23.96
2020-11-07,17.01,25.05,1.58,26.85,24.29
2020-11-08,17.01,24.73,2.3,24.82,24.09
2020-11-09,16.77,24.01,2.13,23.09,23.67
2020-11-10,15.83,22.76,3.0,26.19,22.91
2020-11-11,12.57,21.45,3.71,32.09,21.46
2020-11-12,12.63,20.44,3.17,36.87,20.28
2020-11-13,12.96,21.22,2.59,37.68,21.31
2020-11-14,13.98,23.15,2.86,36.26,22.51
2020-11-15,11.15,23.13,3.38,38.99,23.38
2020-11-16,13.84,19.72,4.18,52.03,20.36
2020-11-17,13.0,18.08,4.0,51.94,18.74
2020-11-18,15.37,18.33,2.09,36.87,18.22
2020-11-19,15.32,19.68,1.35,27.43,18.26
2020-11-20,15.29,18.82,2.27,26.9,18.37
2020-11-21,14.86,18.24,2.01,28.87,17.71
2020-11-22,14.21,18.75,2.33,27.97,18.38
2020-11-23,15.27,19.32,2.6,24.91,19.06
2020-11-24,11.21,17.43,2.47,31.09,17.14
2020-11-25,7.89,15.17,5.05,62.44,15.48
2020-11-26,12.82,15.08,5.17,72.95,15.46
2020-11-27,14.95,15.28,4.23,63.57,15.73
2020-11-28,15.35,15.45,2.66,47.16,15.4
2020-11-29,15.21,17.42,2.1,35.5,16.69
2020-11-30,15.04,18.74,2.76,27.27,18.58
2020-12-01,14.32,19.71,2.91,27.4,19.62
2020-12-02,14.45,21.25,2.12,25.28,19.84
2020-12-03,14.38,22.68,2.22,22.46,19.87
2020-12-04,14.16,22.18,2.81,25.72,20.04
2020-12-05,13.96,21.1,2.87,37.27,21.11
2020-12-06,13.27,19.94,3.14,42.97,20.2
2020-12-07,12.73,20.37,2.38,38.68,20.45
2020-12-08,13.68,21.73,2.67,36.09,21.54
2020-12-09,13.18,20.46,3.18,43.24,20.76
2020-12-10,12.58,18.66,4.46,63.36,19.33
2020-12-11,11.9,18.57,3.74,56.15,19.57
2020-12-12,13.88,16.51,2.2,56.87,17.48
2020-12-13,12.92,14.37,2.94,48.78,15.16
2020-12-14,14.54,13.96,3.46,43.76,14.48
2020-12-15,13.12,13.15,3.8,40.1,13.8
2020-12-16,12.74,12.35,3.93,45.58,12.82
2020-12-17,14.17,11.42,3.07,37.29,11.46
2020-12-18,14.37,13.46,2.38,28.88,12.62
2020-12-19,14.69,14.9,2.96,28.07,14.24
2020-12-20,13.03,16.01,2.98,28.37,15.02
2020-12-21,14.43,17.38,1.74,26.06,15.85
2020-12-22,14.36,16.89,3.16,29.61,16.29
2020-12-23,14.61,15.43,3.6,38.47,15.61
2020-12-24,14.4,15.28,3.97,39.73,15.4
2020-12-25,12.8,16.04,3.87,38.24,16.19
2020-12-26,12.75,16.86,2.34,34.96,16.59
2020-12-27,15.51,13.93,4.8,26.82,12.94
2020-12-28,15.9,11.54,2.41,24.13,11.4
2020-12-29,14.96,11.56,3.41,32.15,11.68
2020-12-30,14.83,12.01,3.45,43.36,12.44
2020-12-31,13.54,11.67,3.97,40.21,11.8
2021-01-01,13.4,12.56,4.08,37.16,12.7
2021-01-02,8.44,12.23,4.25,45.48,12.43
2021-01-03,9.14,12.35,2.94,62.52,12.74
2021-01-04,8.02,14.12,3.36,70.08,14.42
2021-01-05,6.12,14.86,4.16,75.46,14.88
2021-01-06,10.43,14.79,2.58,62.92,14.82
2021-01-07,11.09,13.05,3.24,60.4,13.47
2021-01-08,14.25,13.82,2.8,46.53,13.89
2021-01-09,13.13,12.9,4.34,50.67,13.05
2021-01-10,15.23,12.32,3.57,49.0,12.33
2021-01-11,15.51,13.85,2.3,37.85,12.87
2021-01-12,15.97,16.24,1.37,21.6,13.63
2021-01-13,16.17,16.83,1.68,16.91,14.55
2021-01-14,14.25,17.21,2.55,15.21,15.86
2021-01-15,14.77,16.58,2.93,22.6,16.18
2021-01-16,14.66,14.44,3.61,28.02,14.64
2021-01-17,15.77,14.88,2.94,27.18,15.25
2021-01-18,7.95,13.26,4.12,51.07,13.74
2021-01-19,10.76,13.4,2.76,50.77,13.64
2021-01-20,14.18,16.08,1.83,34.95,14.7
2021-01-21,16.21,18.46,2.05,26.1,16.3
2021-01-22,14.61,18.95,4.75,33.81,18.53
2021-01-23,16.58,15.78,4.37,24.82,15.37
2021-01-24,16.69,13.82,2.49,23.86,12.85
2021-01-25,17.45,13.51,2.53,21.21,12.84
2021-01-26,17.56,14.31,2.54,21.04,13.68
2021-01-27,16.42,14.0,3.08,28.96,13.94
2021-01-28,16.47,14.71,2.38,23.13,13.94
2021-01-29,16.63,15.92,2.04,18.87,14.79
2021-01-30,16.93,17.73,1.88,13.33,15.28
2021-01-31,17.14,18.53,2.96,13.2,16.73
2021-02-01,17.28,19.76,1.93,17.3,18.58
2021-02-02,16.59,19.72,2.45,23.97,18.95
2021-02-03,15.07,19.27,2.7,24.84,18.85
2021-02-04,13.96,16.52,4.35,33.7,17.08
2021-02-05,16.25,16.8,2.25,36.86,17.21
2021-02-06,17.53,17.43,2.42,35.31,18.26
2021-02-07,18.01,18.82,2.14,27.98,18.8
2021-02-08,18.36,20.41,1.56,22.7,19.62
2021-02-09,17.05,21.3,3.13,19.74,19.61
2021-02-10,17.79,20.65,2.56,21.06,20.95
2021-02-11,16.94,21.09,2.79,22.55,20.97
2021-02-12,18.63,22.01,2.8,21.03,22.37
2021-02-13,18.29,22.38,2.31,19.82,22.6
2021-02-14,18.46,22.44,2.34,21.0,21.95
2021-02-15,17.98,22.05,2.2,23.4,22.07
2021-02-16,18.89,22.61,1.92,21.85,22.49
2021-02-17,18.63,22.34,2.1,21.53,22.63
2021-02-18,19.22,21.77,3.11,22.85,22.89
2021-02-19,18.76,21.57,3.44,20.38,22.37
2021-02-20,19.46,21.96,3.12,18.31,22.53
2021-02-21,18.83,23.18,2.41,16.09,23.85
2021-02-22,18.81,24.95,2.77,14.74,24.49
2021-02-23,19.68,24.58,3.7,18.52,24.58
2021-02-24,19.26,24.7,3.78,28.58,25.12
2021-02-25,19.53,26.08,2.27,30.97,26.61
2021-02-26,19.0,26.02,5.22,34.37,26.62
2021-02-27,19.41,24.31,4.66,23.75,25.4
2021-02-28,20.47,22.98,2.7,16.55,24.36
2021-03-01,21.24,23.31,2.28,15.41,24.45
2021-03-02,21.18,23.97,2.39,14.66,24.55
2021-03-03,21.11,26.53,2.32,11.78,25.48
2021-03-04,20.79,26.36,2.94,17.32,26.36
2021-03-05,20.76,26.32,2.75,17.75,27.03
2021-03-06,21.46,28.81,4.67,18.43,28.78
2021-03-07,18.21,27.7,5.32,30.53,29.0
2021-03-08,20.91,28.01,2.3,27.22,29.55
2021-03-09,20.15,26.87,3.94,28.88,28.66
2021-03-10,21.55,27.43,1.79,23.28,28.99
2021-03-11,23.27,27.02,4.14,22.04,28.35
2021-03-12,21.02,25.24,2.79,28.01,27.47
2021-03-13,18.11,24.52,3.07,34.85,26.1
2021-03-14,20.44,26.58,1.91,31.71,28.02
2021-03-15,19.36,28.16,2.22,26.95,29.94
2021-03-16,19.63,29.19,2.52,24.37,30.05
2021-03-17,20.44,29.24,2.13,23.3,30.83
2021-03-18,18.4,28.63,4.6,27.93,29.57
2021-03-19,19.62,27.34,3.74,32.23,28.42
2021-03-20,22.58,29.02,1.81,20.63,30.23
2021-03-21,20.9,29.75,3.96,20.91,30.2
2021-03-22,18.14,28.05,2.17,31.57,29.25
2021-03-23,23.14,26.19,4.3,36.1,28.62
2021-03-24,22.51,25.16,3.29,28.5,27.38
2021-03-25,21.0,26.1,2.69,26.16,28.17
2021-03-26,23.76,28.94,2.15,21.76,29.96
2021-03-27,25.26,30.9,2.24,17.38,31.53
2021-03-28,24.8,31.81,4.41,15.46,32.57
2021-03-29,24.04,32.38,5.95,25.92,33.39
2021-03-30,26.16,30.96,6.52,13.04,31.9
2021-03-31,27.13,28.06,3.99,11.88,29.25
2021-04-01,27.68,28.81,2.52,8.51,29.29
2021-04-02,27.2,28.27,3.56,8.49,28.78
2021-04-03,27.25,29.46,3.42,9.44,31.53
2021-04-04,25.79,31.19,2.67,9.17,32.91
2021-04-05,23.45,30.6,3.51,18.75,32.58
2021-04-06,24.3,30.46,4.87,28.39,32.75
2021-04-07,25.44,28.93,5.05,30.01,31.63
2021-04-08,27.36,28.05,2.72,12.09,30.29
2021-04-09,26.79,29.09,2.75,10.83,31.0
2021-04-10,27.4,30.11,3.48,11.31,32.12
2021-04-11,27.1,32.13,2.79,10.89,33.9
2021-04-12,26.73,32.81,3.04,9.62,33.74
2021-04-13,24.57,32.47,1.87,11.32,34.55
2021-04-14,25.9,32.21,3.86,13.93,34.91
2021-04-15,26.73,31.43,4.62,17.19,33.75
2021-04-16,23.53,30.11,4.42,26.65,32.27
2021-04-17,26.8,29.89,3.15,31.13,32.96
2021-04-18,24.97,32.93,2.07,17.99,34.55
2021-04-19,22.95,32.94,3.0,16.97,35.28
2021-04-20,20.24,28.13,5.06,36.67,30.14
2021-04-21,26.48,26.92,2.96,42.35,30.3
2021-04-22,27.0,31.11,3.45,23.97,33.11
2021-04-23,24.04,30.58,4.96,24.95,33.18
2021-04-24,28.84,28.91,4.19,19.09,31.73
2021-04-25,28.59,31.5,2.89,12.96,33.98
2021-04-26,29.32,34.14,1.5,8.19,35.92
2021-04-27,28.4,34.79,1.91,9.35,36.68
2021-04-28,26.64,34.63,2.98,16.02,37.35
2021-04-29,22.34,35.34,1.89,16.87,37.68
2021-04-30,23.82,35.53,3.03,22.29,38.54
2021-05-01,23.88,35.42,3.04,21.29,38.9
2021-05-02,19.44,33.68,4.08,23.54,35.5
2021-05-03,26.5,33.75,3.66,21.71,36.27
2021-05-04,24.67,34.32,4.3,26.69,37.47
2021-05-05,25.74,34.42,2.36,22.67,38.38
2021-05-06,21.38,33.24,4.61,27.57,36.61
2021-05-07,26.36,31.96,3.33,30.7,35.27
2021-05-08,25.11,34.46,2.86,22.46,37.56
2021-05-09,26.09,35.88,2.46,22.44,39.13
2021-05-10,26.05,35.68,3.64,23.27,38.29
2021-05-11,23.89,34.62,4.0,30.91,37.05
2021-05-12,23.02,34.04,2.98,30.78,37.28
2021-05-13,24.37,32.94,4.69,39.31,35.15
2021-05-14,24.14,34.02,3.0,32.66,36.84
2021-05-15,24.13,34.92,3.27,27.56,38.24
2021-05-16,23.14,35.59,5.66,26.41,38.43
2021-05-17,21.95,33.91,6.33,36.01,36.43
2021-05-18,11.37,31.84,6.69,36.41,34.06
2021-05-19,26.17,31.53,4.84,41.19,34.25
2021-05-20,26.85,34.3,5.45,31.78,36.74
2021-05-21,26.83,34.81,7.66,34.02,36.88
2021-05-22,25.23,32.9,3.64,45.14,34.43
2021-05-23,26.66,30.9,3.69,45.66,32.65
2021-05-24,26.73,33.46,2.87,34.85,36.11
2021-05-25,25.91,35.89,3.21,28.03,37.94
2021-05-26,25.31,36.06,4.41,34.84,39.19
2021-05-27,26.4,37.45,5.86,31.56,39.93
2021-05-28,26.78,37.81,6.78,31.83,40.28
2021-05-29,25.4,37.09,7.44,31.01,39.12
2021-05-30,25.07,37.27,4.75,34.44,40.83
2021-05-31,25.89,37.23,5.66,29.89,40.49
2021-06-01,24.77,36.45,5.31,39.49,39.86
2021-06-02,26.13,34.16,3.84,47.73,36.17
2021-06-03,26.56,32.96,4.07,50.12,34.58
2021-06-04,27.58,33.63,2.82,43.4,36.78
2021-06-05,24.18,34.31,3.73,45.42,36.8
2021-06-06,27.3,35.52,3.68,39.93,38.16
2021-06-07,27.8,36.29,6.38,37.68,38.83
2021-06-08,26.59,36.0,7.78,38.89,38.61
2021-06-09,26.81,35.77,8.13,44.32,38.73
2021-06-10,25.71,36.09,7.79,44.02,39.0
2021-06-11,24.36,35.78,8.02,44.14,38.83
2021-06-12,24.89,36.94,5.53,43.39,40.73
2021-06-13,25.41,37.26,5.22,42.55,40.6
2021-06-14,23.75,36.84,5.66,41.62,40.16
2021-06-15,23.6,36.67,5.82,41.08,39.63
2021-06-16,25.0,33.47,4.46,55.84,35.34
2021-06-17,14.94,34.06,2.32,46.21,37.39
2021-06-18,26.09,35.18,3.41,35.7,38.42
2021-06-19,27.09,36.18,2.58,28.55,40.07
2021-06-20,27.05,35.54,5.53,42.98,39.37
2021-06-21,23.72,35.02,4.01,42.61,38.09
2021-06-22,24.92,35.82,5.03,37.97,38.9
2021-06-23,25.68,36.62,4.63,34.62,40.49
2021-06-24,26.58,36.43,5.48,35.22,39.95
2021-06-25,25.52,36.48,6.6,36.13,39.48
2021-06-26,26.73,36.12,5.27,36.73,39.73
2021-06-27,24.19,36.54,4.1,37.56,40.63
2021-06-28,23.8,37.81,2.7,30.91,42.59
2021-06-29,26.93,37.73,6.21,33.38,41.15
2021-06-30,26.42,37.32,7.54,33.65,40.3
2021-07-01,25.59,36.63,6.9,37.92,39.65
2021-07-02,24.85,36.07,8.01,41.22,39.27
2021-07-03,25.53,35.7,6.87,43.26,39.16
2021-07-04,25.58,35.92,6.44,40.78,39.23
2021-07-05,23.79,35.73,5.22,42.15,39.63
2021-07-06,26.07,36.9,4.82,37.21,41.04
2021-07-07,26.51,36.37,6.5,36.16,39.77
2021-07-08,26.95,36.8,6.27,36.66,40.27
2021-07-09,25.65,36.79,5.61,39.05,40.5
2021-07-10,25.44,36.79,3.24,40.62,40.74
2021-07-11,21.47,38.36,2.07,37.24,43.09
2021-07-12,18.84,34.25,4.02,60.71,34.97
2021-07-13,21.28,31.42,3.86,73.12,31.26
2021-07-14,23.08,31.81,2.04,72.59,32.29
2021-07-15,24.76,31.79,4.01,71.35,31.89
2021-07-16,22.28,34.97,3.53,53.58,36.46
2021-07-17,24.35,35.37,2.5,52.78,37.01
2021-07-18,23.81,34.92,6.72,55.25,36.85
2021-07-19,21.53,34.17,8.16,56.67,36.1
2021-07-20,17.36,33.57,6.72,55.47,35.54
2021-07-21,16.33,32.71,4.09,59.08,35.99
2021-07-22,21.19,33.29,2.84,56.99,35.63
2021-07-23,19.08,34.42,2.83,48.86,36.34
2021-07-24,24.58,34.67,2.01,49.2,37.69
2021-07-25,20.43,35.7,3.89,48.3,38.91
2021-07-26,20.91,33.09,4.18,60.13,35.09
2021-07-27,12.0,31.96,5.2,60.61,34.01
2021-07-28,15.08,33.9,7.62,53.49,36.25
2021-07-29,17.68,32.61,5.58,58.07,35.36
2021-07-30,20.65,33.64,4.71,52.42,37.13
2021-07-31,18.66,34.08,3.68,51.48,37.65
2021-08-01,19.75,33.9,5.97,52.84,36.84
2021-08-02,17.11,34.03,6.0,51.04,36.94
2021-08-03,21.93,34.5,5.54,49.68,37.64
2021-08-04,23.84,33.94,4.8,52.64,36.31
2021-08-05,25.13,33.97,4.0,50.62,36.64
2021-08-06,24.44,35.24,3.82,44.57,38.71
2021-08-07,24.52,35.42,4.38,44.18,38.67
2021-08-08,24.78,34.73,4.85,43.8,37.7
2021-08-09,24.66,34.24,5.88,43.17,37.19
2021-08-10,25.67,33.29,6.46,44.3,35.95
2021-08-11,25.58,33.23,5.82,46.15,35.94
2021-08-12,26.25,33.46,5.45,46.96,36.48
2021-08-13,25.39,33.77,6.33,46.52,36.51
2021-08-14,25.37,33.25,7.05,48.01,35.83
2021-08-15,25.1,33.46,5.13,46.62,36.41
2021-08-16,25.06,33.91,3.82,44.6,37.49
2021-08-17,25.29,34.17,3.94,40.34,37.32
2021-08-18,25.17,33.99,4.29,39.38,36.93
2021-08-19,25.08,34.48,4.77,36.18,37.13
2021-08-20,24.78,34.88,4.48,37.93,38.06
2021-08-21,22.53,35.77,4.24,37.53,38.83
2021-08-22,14.52,35.34,2.51,38.58,38.05
2021-08-23,22.48,35.05,3.56,37.57,38.05
2021-08-24,24.41,34.85,6.76,39.37,37.18
2021-08-25,23.99,33.71,7.23,43.65,35.99
2021-08-26,24.24,33.21,6.57,42.75,35.57
2021-08-27,23.64,32.56,5.41,45.0,35.19
2021-08-28,24.78,33.15,4.49,44.82,36.08
2021-08-29,23.15,34.17,2.57,39.64,37.76
2021-08-30,15.93,35.75,2.3,39.44,39.47
2021-08-31,22.54,35.36,4.76,41.16,37.6
2021-09-01,22.82,32.68,4.45,52.33,34.8
2021-09-02,18.43,32.4,4.42,52.49,34.34
2021-09-03,19.08,30.48,2.79,63.62,31.57
2021-09-04,21.91,31.91,1.59,55.41,34.17
2021-09-05,22.81,34.13,2.18,46.48,37.76
2021-09-06,21.88,35.21,2.96,45.14,38.84
2021-09-07,21.11,35.4,3.11,46.71,38.24
2021-09-08,20.82,34.83,3.98,50.25,37.39
2021-09-09,18.1,34.43,2.77,49.48,37.28
2021-09-10,17.61,33.69,2.61,50.15,35.35
2021-09-11,17.82,28.79,4.25,79.08,28.95
2021-09-12,19.98,29.96,7.36,70.22,31.03
2021-09-13,20.99,30.98,4.35,62.95,32.66
2021-09-14,17.07,31.26,4.84,63.38,32.93
2021-09-15,22.03,33.0,5.25,53.1,34.74
2021-09-16,23.15,33.87,2.53,48.73,36.73
2021-09-17,21.78,34.57,1.69,42.33,36.85
2021-09-18,21.77,34.03,2.29,46.41,36.93
2021-09-19,16.88,33.18,2.14,50.17,35.19
2021-09-20,15.84,33.34,1.66,50.54,34.15
2021-09-21,12.7,30.33,2.12,67.46,30.7
2021-09-22,14.28,28.12,4.53,78.37,28.11
2021-09-23,17.5,28.6,3.62,79.83,29.06
2021-09-24,19.62,28.68,4.31,76.16,29.0
2021-09-25,20.88,31.41,1.05,56.67,33.54
2021-09-26,19.8,31.96,2.05,50.81,33.81
2021-09-27,16.3,31.64,4.08,60.71,33.02
2021-09-28,17.82,29.8,3.16,73.78,29.59
2021-09-29,19.57,29.68,5.03,68.68,30.27
2021-09-30,16.97,29.11,3.86,71.47,29.48
2021-10-01,18.99,29.62,1.99,70.49,30.51
2021-10-02,20.72,30.82,2.16,62.97,32.07
2021-10-03,21.4,30.86,3.64,54.65,32.22
2021-10-04,21.01,31.22,3.65,58.0,32.86
2021-10-05,19.91,31.32,2.46,54.2,32.99
2021-10-06,19.82,31.39,2.92,51.74,32.92
2021-10-07,20.77,31.66,1.98,43.91,33.11
2021-10-08,19.83,31.81,2.61,38.63,32.81
2021-10-09,19.75,31.32,3.36,41.91,32.39
2021-10-10,19.77,30.3,4.16,44.61,31.14
2021-10-11,19.29,29.9,3.62,45.98,30.67
2021-10-12,18.63,29.43,2.03,35.45,29.68
2021-10-13,19.89,30.02,1.16,26.07,28.95
2021-10-14,20.71,28.23,1.99,20.2,27.65
2021-10-15,21.51,26.95,2.64,18.56,26.47
2021-10-16,21.11,28.07,1.4,15.65,26.56
2021-10-17,19.58,28.02,3.28,29.44,28.14
2021-10-18,17.34,27.24,2.75,59.5,28.04
2021-10-19,18.51,27.04,2.6,38.07,27.14
2021-10-20,19.55,25.89,4.36,36.75,26.3
2021-10-21,19.68,26.24,5.55,47.7,26.85
2021-10-22,19.4,26.03,6.35,54.2,26.74
2021-10-23,17.48,25.95,5.14,52.33,26.31
2021-10-24,16.04,24.92,2.27,41.91,24.98
2021-10-25,17.06,23.26,3.47,51.03,24.14
2021-10-26,17.48,24.4,1.62,40.72,24.78
2021-10-27,17.18,24.98,2.42,36.33,25.44
2021-10-28,17.56,25.17,2.19,35.65,25.27
2021-10-29,17.96,25.82,1.97,29.93,25.32
2021-10-30,17.85,25.67,2.31,27.03,25.13
2021-10-31,18.42,24.93,4.03,25.49,24.39
2021-11-01,17.93,24.49,4.04,30.95,24.55
2021-11-02,15.45,23.65,2.67,36.9,24.17
2021-11-03,14.64,22.79,3.26,39.65,23.02
2021-11-04,15.93,23.62,2.13,28.97,22.6
2021-11-05,14.98,24.17,2.73,27.46,23.33
2021-11-06,14.97,23.7,2.54,31.6,23.48
2021-11-07,15.15,25.3,1.86,29.32,24.28
2021-11-08,15.82,25.35,2.31,30.88,24.39
2021-11-09,15.57,26.85,1.62,24.81,24.46
2021-11-10,15.03,25.0,2.26,25.42,23.53
2021-11-11,16.11,25.59,1.33,21.19,23.44
2021-11-12,16.28,23.53,2.46,24.93,22.45
2021-11-13,15.17,22.65,2.09,26.6,21.53
2021-11-14,15.55,23.26,1.59,20.5,20.72
2021-11-15,15.34,21.74,2.13,21.45,20.43
2021-11-16,14.77,20.7,3.11,27.22,20.19
2021-11-17,13.15,19.65,3.87,36.38,19.31
2021-11-18,12.97,19.19,3.44,35.78,18.92
2021-11-19,13.29,19.21,3.83,35.77,18.84
2021-11-20,13.88,20.21,3.39,42.39,20.21
2021-11-21,13.61,20.96,3.72,54.51,20.93
2021-11-22,14.66,21.05,2.35,26.46,19.95
2021-11-23,15.3,20.95,3.48,20.7,18.82
2021-11-24,14.58,22.47,2.78,20.25,20.38
2021-11-25,14.32,22.21,2.3,24.01,21.01
2021-11-26,13.87,21.85,2.05,28.14,20.46
2021-11-27,13.63,21.43,2.15,31.23,20.63
2021-11-28,14.68,20.13,3.69,40.75,20.24
2021-11-29,13.9,20.2,3.8,37.2,20.31
2021-11-30,13.86,19.93,3.07,30.71,19.93
2021-12-01,10.15,19.65,3.28,50.69,19.34
2021-12-02,13.05,19.67,3.82,43.93,19.93
2021-12-03,13.7,18.55,3.03,37.62,18.62
2021-12-04,13.67,18.23,3.3,37.84,18.46
2021-12-05,12.63,18.97,2.43,34.31,18.66
2021-12-06,12.23,18.33,3.03,34.92,18.17
2021-12-07,12.45,17.58,2.81,41.5,17.91
2021-12-08,13.65,17.31,2.65,35.15,17.11
2021-12-09,13.88,16.6,3.24,32.99,16.38
2021-12-10,14.03,16.57,3.03,31.68,15.76
2021-12-11,14.53,17.9,1.75,26.76,16.47
2021-12-12,13.99,16.37,3.26,30.83,16.27
2021-12-13,12.65,15.78,2.89,41.58,16.17
2021-12-14,13.51,15.67,2.22,32.18,14.84
2021-12-15,13.0,14.54,2.56,31.93,13.7
2021-12-16,13.43,13.64,2.68,25.89,12.32
2021-12-17,12.27,12.42,3.38,29.42,11.86
2021-12-18,14.09,12.78,2.6,20.48,11.27
2021-12-19,13.28,14.01,2.53,17.11,12.31
2021-12-20,13.74,16.24,2.12,16.44,14.42
2021-12-21,13.49,17.98,2.2,19.15,15.63
2021-12-22,12.55,18.2,1.23,24.74,16.08
2021-12-23,7.17,17.86,1.99,30.92,16.88
2021-12-24,10.85,16.72,2.61,31.22,16.3
2021-12-25,10.44,16.44,2.6,33.83,15.85
2021-12-26,4.52,15.29,2.09,56.8,14.56
2021-12-27,7.21,16.46,3.05,57.57,16.74
2021-12-28,6.45,14.94,3.55,62.33,15.03
2021-12-29,12.54,14.01,2.51,56.24,13.86
2021-12-30,11.57,14.27,3.66,37.77,14.46
2021-12-31,10.51,13.5,3.54,33.64,13.69
2022-01-01,13.71,14.55,2.84,30.0,15.03
2022-01-02,13.57,15.69,3.88,31.78,15.89
2022-01-03,13.43,17.23,3.38,32.61,17.63
2022-01-04,9.71,18.04,2.46,36.63,18.74
2022-01-05,4.09,15.1,3.38,75.52,15.11
2022-01-06,9.17,13.12,2.91,80.35,13.36
2022-01-07,3.62,14.27,3.79,78.19,14.72
2022-01-08,13.03,12.51,2.47,72.1,13.1
2022-01-09,15.02,13.08,1.68,60.99,13.02
2022-01-10,15.15,13.31,1.84,57.62,13.82
2022-01-11,13.76,12.65,2.57,57.39,13.18
2022-01-12,14.84,12.97,1.41,51.15,11.78
2022-01-13,15.58,13.85,1.78,45.75,13.24
2022-01-14,14.28,13.08,3.41,49.73,13.23
2022-01-15,14.95,13.55,3.13,56.16,13.85
2022-01-16,14.95,13.44,3.14,52.24,13.63
2022-01-17,14.59,15.01,2.66,43.91,16.05
2022-01-18,14.82,15.54,3.19,43.43,15.83
2022-01-19,14.24,18.04,3.5,39.07,17.97
2022-01-20,13.91,16.79,3.07,46.73,16.83
2022-01-21,11.29,16.86,3.73,58.58,17.19
2022-01-22,7.85,14.87,4.7,72.28,15.59
2022-01-23,15.53,13.51,2.15,54.61,13.6
2022-01-24,16.95,13.92,1.65,38.94,13.93
2022-01-25,16.78,13.88,1.83,42.37,13.89
2022-01-26,17.26,14.41,2.21,34.41,13.54
2022-01-27,15.9,14.74,2.36,30.42,13.86
2022-01-28,16.13,16.24,2.69,25.48,14.87
2022-01-29,16.06,17.43,2.64,22.33,16.0
2022-01-30,15.73,18.77,2.23,24.87,17.47
2022-01-31,15.93,19.73,3.1,39.25,19.15
2022-02-01,16.29,17.13,3.16,39.13,17.33
2022-02-02,16.21,19.25,4.34,32.44,18.38
2022-02-03,16.7,15.73,4.94,43.36,15.73
2022-02-04,18.33,14.25,3.33,28.3,14.41
2022-02-05,17.83,16.47,3.59,21.28,15.92
2022-02-06,17.12,18.21,4.22,35.82,18.23
2022-02-07,15.85,19.41,2.12,43.79,20.17
2022-02-08,13.21,18.58,2.74,48.48,19.99
2022-02-09,16.66,18.35,3.12,49.04,19.76
2022-02-10,18.14,18.35,2.39,41.69,18.68
2022-02-11,18.56,18.85,2.14,30.29,18.09
2022-02-12,18.5,19.5,2.9,25.84,18.38
2022-02-13,18.4,20.58,2.37,20.79,18.97
2022-02-14,18.04,20.96,1.69,19.42,19.58
2022-02-15,17.65,20.81,2.21,24.94,20.92
2022-02-16,18.98,21.16,2.37,27.85,20.98
2022-02-17,19.6,22.68,2.25,25.35,21.92
2022-02-18,17.75,21.52,2.74,26.54,21.9
2022-02-19,18.69,21.09,2.52,28.38,21.42
2022-02-20,19.3,20.67,4.19,25.86,20.48
2022-02-21,19.13,21.95,3.49,22.19,22.16
2022-02-22,19.52,22.24,7.05,37.62,22.34
2022-02-23,18.25,19.98,2.8,40.12,21.02
2022-02-24,18.49,22.14,3.11,29.95,22.39
2022-02-25,19.79,22.82,4.53,25.13,22.78
2022-02-26,19.39,20.56,3.75,35.55,22.21
2022-02-27,19.54,19.48,5.09,46.42,20.75
2022-02-28,19.31,20.35,2.81,31.42,22.07
2022-03-01,19.56,22.8,2.64,27.23,24.5
2022-03-02,16.17,22.55,5.35,38.64,24.02
2022-03-03,19.88,19.67,3.81,54.93,21.49
2022-03-04,20.31,21.29,2.79,39.93,23.21
2022-03-05,19.97,23.49,1.76,33.65,25.29
2022-03-06,16.23,24.87,3.3,27.98,24.57
2022-03-07,21.58,24.44,2.93,27.56,26.04
2022-03-08,21.61,24.12,3.99,35.44,25.94
2022-03-09,20.15,24.97,3.25,32.47,26.73
2022-03-10,21.5,25.41,2.69,33.23,25.92
2022-03-11,21.94,27.64,1.62,25.0,28.16
2022-03-12,21.71,29.04,1.59,23.55,29.27
2022-03-13,21.88,30.29,2.82,22.02,30.38
2022-03-14,22.53,30.46,3.73,22.42,31.54
2022-03-15,23.07,31.11,4.7,25.26,31.59
2022-03-16,23.25,31.55,3.79,25.69,32.08
2022-03-17,24.04,31.65,3.59,21.59,32.84
2022-03-18,24.54,31.16,4.44,19.32,32.45
2022-03-19,23.86,30.24,5.55,21.67,31.12
2022-03-20,20.96,30.35,3.51,25.33,31.38
2022-03-21,22.15,31.13,1.98,23.01,32.06
2022-03-22,22.33,29.56,3.55,21.37,30.77
2022-03-23,23.15,27.99,4.97,25.77,29.32
2022-03-24,23.91,29.3,5.08,24.85,29.96
2022-03-25,24.07,30.33,2.26,15.26,31.18
2022-03-26,24.27,31.41,2.39,12.72,31.16
2022-03-27,24.48,31.25,4.27,12.31,31.53
2022-03-28,25.33,31.79,4.72,13.21,32.54
2022-03-29,24.7,32.4,4.05,19.55,33.32
2022-03-30,25.69,32.05,3.95,14.41,32.92
2022-03-31,27.16,30.5,2.6,9.13,31.69
2022-04-01,27.35,32.26,1.93,10.36,32.3
2022-04-02,27.09,32.13,5.38,8.0,31.78
2022-04-03,26.56,30.97,4.24,10.43,31.76
2022-04-04,26.78,32.39,2.42,12.26,32.95
2022-04-05,25.22,32.78,3.79,13.09,33.2
2022-04-06,27.12,34.06,2.67,13.56,34.28
2022-04-07,26.52,34.62,1.83,11.16,35.61
2022-04-08,26.39,34.28,3.3,13.7,35.73
2022-04-09,26.7,34.37,4.01,13.74,35.38
2022-04-10,26.77,34.14,3.09,14.18,36.31
2022-04-11,24.61,34.68,5.49,16.21,35.85
2022-04-12,25.67,32.76,6.3,22.57,34.15
2022-04-13,23.14,32.58,2.83,27.19,35.0
2022-04-14,24.25,34.02,4.14,19.03,35.42
2022-04-15,28.03,33.1,3.91,8.57,33.34
2022-04-16,26.95,34.21,3.2,12.85,35.14
2022-04-17,25.19,34.27,4.81,20.54,36.06
2022-04-18,24.84,34.29,6.72,25.71,35.6
2022-04-19,24.38,34.71,5.87,23.68,36.3
2022-04-20,23.81,33.43,5.14,22.96,34.08
2022-04-21,25.22,33.7,5.06,20.85,35.76
2022-04-22,27.06,32.77,2.48,13.32,35.31
2022-04-23,26.96,33.25,2.28,15.98,36.2
2022-04-24,24.72,34.17,1.91,15.99,34.9
2022-04-25,24.52,34.73,5.02,20.48,36.58
2022-04-26,26.59,35.44,4.57,22.6,37.08
2022-04-27,27.24,36.27,3.59,21.76,37.93
2022-04-28,27.63,36.42,5.32,15.82,38.21
2022-04-29,28.26,35.69,3.78,16.58,37.99
2022-04-30,26.38,37.83,1.71,12.13,39.3
2022-05-01,26.72,38.42,5.05,15.98,40.48
2022-05-02,25.01,37.36,8.15,20.58,39.0
2022-05-03,21.63,34.45,7.93,26.17,36.15
2022-05-04,23.95,34.22,5.49,26.93,36.44
2022-05-05,21.36,35.06,2.28,24.5,38.2
2022-05-06,23.92,36.2,2.2,21.93,38.52
2022-05-07,25.83,36.72,4.33,19.34,38.81
2022-05-08,25.81,36.93,7.3,20.83,38.23
2022-05-09,26.45,36.71,6.27,20.27,38.57
2022-05-10,26.88,37.27,4.98,20.6,39.65
2022-05-11,27.34,37.78,4.09,17.65,40.34
2022-05-12,27.57,39.18,5.73,15.34,40.93
2022-05-13,29.05,38.92,6.23,12.97,39.75
2022-05-14,28.18,38.21,5.2,12.53,39.73
2022-05-15,27.69,37.65,8.44,13.0,39.05
2022-05-16,23.6,35.08,7.2,26.45,36.97
2022-05-17,23.47,34.51,5.47,19.61,36.48
2022-05-18,25.91,37.13,2.62,18.31,39.39
2022-05-19,25.32,38.41,5.01,16.44,40.47
2022-05-20,25.2,37.75,8.52,22.55,39.59
2022-05-21,26.01,36.23,6.5,24.84,38.01
2022-05-22,28.02,34.97,3.77,25.15,37.99
2022-05-23,24.04,35.27,6.78,28.18,36.99
2022-05-24,23.62,34.59,3.0,22.73,37.16
2022-05-25,24.35,35.28,2.49,26.82,38.67
2022-05-26,24.88,36.29,5.91,33.22,39.04
2022-05-27,24.9,36.38,7.0,36.67,38.93
2022-05-28,23.97,36.17,7.16,31.37,38.34
2022-05-29,26.13,35.68,8.55,24.95,36.83
2022-05-30,25.92,36.0,7.26,20.99,37.08
2022-05-31,24.43,36.1,2.5,21.17,39.29
2022-06-01,25.56,36.67,5.95,22.84,38.63
2022-06-02,27.68,36.62,4.36,19.26,39.38
2022-06-03,28.26,35.94,4.23,16.8,38.5
2022-06-04,27.04,35.74,5.02,18.02,38.27
2022-06-05,27.41,35.9,4.19,22.97,38.96
2022-06-06,25.98,37.22,5.07,25.28,40.61
2022-06-07,27.76,36.35,7.43,24.04,38.76
2022-06-08,26.55,34.97,7.19,31.32,37.58
2022-06-09,26.42,35.77,8.01,34.77,38.25
2022-06-10,26.7,35.59,7.64,37.36,38.28
2022-06-11,26.47,36.13,7.08,38.42,38.76
2022-06-12,27.09,36.34,6.77,36.98,39.35
2022-06-13,22.44,34.75,5.97,46.01,36.53
2022-06-14,25.18,33.37,5.21,54.71,35.64
2022-06-15,26.85,35.87,6.03,43.14,38.75
2022-06-16,25.21,36.14,7.23,40.02,39.0
2022-06-17,25.17,36.21,6.85,42.08,39.36
2022-06-18,16.22,35.99,5.59,41.59,38.73
2022-06-19,18.94,32.8,3.13,54.07,35.28
2022-06-20,22.27,33.94,3.44,47.18,36.04
2022-06-21,18.03,31.5,4.53,59.23,31.96
2022-06-22,22.02,31.26,1.83,58.18,34.05
2022-06-23,23.89,33.46,3.51,42.21,35.89
2022-06-24,26.13,35.53,1.92,30.29,38.89
2022-06-25,26.34,38.04,2.8,24.53,41.22
2022-06-26,28.38,37.72,3.06,20.31,41.03
2022-06-27,26.95,38.26,2.25,23.34,42.15
2022-06-28,25.78,38.65,7.21,34.17,41.49
2022-06-29,24.52,37.68,9.02,40.61,40.31
2022-06-30,23.03,36.96,7.32,41.55,40.11
2022-07-01,13.49,34.58,5.87,48.77,36.3
2022-07-02,9.4,32.37,3.45,63.2,33.61
2022-07-03,14.67,32.85,2.93,59.24,35.22
2022-07-04,18.86,30.82,2.53,71.24,31.67
2022-07-05,24.82,34.55,1.85,54.4,37.55
2022-07-06,20.91,35.55,4.46,52.32,36.89
2022-07-07,21.2,33.52,2.1,63.67,34.39
2022-07-08,24.9,33.45,2.76,62.14,34.93
2022-07-09,23.78,33.95,2.35,61.11,35.59
2022-07-10,20.41,31.47,2.56,69.69,32.33
2022-07-11,21.33,33.24,1.83,58.89,36.55
2022-07-12,27.19,34.42,2.84,54.42,38.05
2022-07-13,25.38,34.8,3.15,52.88,38.44
2022-07-14,22.59,32.63,3.13,65.37,32.72
2022-07-15,17.15,29.44,5.15,86.16,29.43
2022-07-16,20.2,31.29,5.83,68.72,32.4
2022-07-17,14.24,30.87,3.4,71.86,32.17
2022-07-18,22.04,31.21,1.77,72.91,32.83
2022-07-19,23.15,32.59,3.17,65.44,34.82
2022-07-20,25.94,33.52,6.68,59.72,35.29
2022-07-21,16.95,33.17,6.92,59.89,35.22
2022-07-22,17.36,32.3,4.36,62.41,34.89
2022-07-23,14.67,31.24,2.69,68.8,32.51
2022-07-24,18.8,30.53,3.22,76.12,30.74
2022-07-25,19.64,28.99,4.3,81.14,29.5
2022-07-26,11.64,29.46,2.54,79.39,30.9
2022-07-27,12.15,29.05,2.64,85.68,29.47
2022-07-28,17.05,29.65,5.35,76.2,30.43
2022-07-29,21.48,30.83,5.29,66.04,32.2
2022-07-30,21.49,31.24,5.88,65.35,33.05
2022-07-31,21.13,31.05,5.78,66.99,32.85
2022-08-01,18.46,32.34,5.11,64.33,34.32
2022-08-02,22.28,33.01,4.25,61.32,35.56
2022-08-03,23.12,33.39,4.1,58.54,35.96
2022-08-04,19.67,32.82,2.59,59.41,35.26
2022-08-05,20.32,32.54,1.64,60.47,34.39
2022-08-06,20.1,32.02,2.74,63.35,34.19
2022-08-07,19.42,31.25,2.12,70.59,33.03
2022-08-08,19.43,29.29,2.12,84.09,29.42
2022-08-09,22.32,31.62,3.07,70.81,32.56
2022-08-10,24.5,33.14,3.85,60.65,34.52
2022-08-11,22.88,32.58,6.32,60.27,34.2
2022-08-12,17.24,31.69,6.5,63.98,33.58
2022-08-13,13.32,28.58,4.95,83.41,28.68
2022-08-14,21.53,29.24,5.22,73.0,30.68
2022-08-15,21.45,30.55,2.61,67.06,32.78
2022-08-16,19.54,31.56,6.29,61.34,32.62
2022-08-17,9.93,28.08,5.32,86.27,28.21
2022-08-18,13.81,27.56,8.38,84.25,27.88
2022-08-19,18.49,29.31,6.82,69.54,30.13
2022-08-20,13.43,29.65,6.53,69.44,30.89
2022-08-21,19.7,29.53,4.39,71.09,31.13
2022-08-22,22.13,30.81,1.72,66.51,33.23
2022-08-23,16.26,30.36,5.12,72.71,30.19
2022-08-24,15.24,29.07,6.36,80.6,29.4
2022-08-25,18.57,28.35,5.92,73.75,29.35
2022-08-26,18.88,28.91,4.46,68.65,30.65
2022-08-27,23.53,28.9,4.55,66.42,30.7
2022-08-28,22.41,29.45,4.78,65.95,31.47
2022-08-29,22.57,30.45,3.34,65.75,32.86
2022-08-30,22.01,30.78,2.89,64.53,33.39
2022-08-31,23.1,30.84,4.33,63.11,32.94
2022-09-01,24.51,31.1,4.63,61.13,33.1
2022-09-02,23.86,31.53,4.3,63.42,33.56
2022-09-03,24.46,30.71,6.12,64.48,32.32
2022-09-04,24.12,30.34,6.34,67.6,32.01
2022-09-05,23.14,30.39,4.57,64.38,32.43
2022-09-06,22.42,31.28,2.81,58.91,33.61
2022-09-07,23.09,32.25,1.57,52.82,35.19
2022-09-08,22.67,33.41,2.32,50.45,35.97
2022-09-09,21.21,34.24,2.02,47.66,36.29
2022-09-10,21.66,34.6,1.87,49.42,36.63
2022-09-11,21.44,33.89,2.68,55.18,35.83
2022-09-12,18.53,31.81,3.13,63.15,32.85
2022-09-13,20.91,32.03,3.59,55.78,32.85
2022-09-14,19.34,32.42,3.84,55.06,33.58
2022-09-15,21.62,33.14,2.83,49.74,34.84
2022-09-16,21.71,32.08,5.05,55.77,33.74
2022-09-17,22.47,30.4,5.8,62.11,31.98
2022-09-18,22.31,30.75,3.72,61.22,32.85
2022-09-19,22.73,30.76,4.88,58.25,32.4
2022-09-20,22.58,30.21,4.54,56.99,31.9
2022-09-21,21.8,30.6,3.21,57.01,33.07
2022-09-22,21.68,31.63,2.71,53.69,33.62
2022-09-23,21.1,31.78,2.2,50.36,33.7
2022-09-24,21.2,31.62,2.78,56.0,34.22
2022-09-25,21.66,30.34,5.15,60.7,32.18
2022-09-26,21.24,30.22,3.6,56.59,32.29
2022-09-27,21.63,29.98,3.78,55.41,31.89
2022-09-28,21.78,30.07,3.93,54.85,31.83
2022-09-29,21.85,30.79,3.44,51.76,32.73
2022-09-30,21.87,30.96,3.9,51.08,32.92
2022-10-01,22.18,30.05,4.67,48.08,31.65
2022-10-02,22.33,29.31,4.41,53.12,30.97
2022-10-03,22.22,29.79,3.4,51.64,31.53
2022-10-04,21.94,30.07,2.75,45.0,31.81
2022-10-05,22.13,29.78,3.69,42.17,31.07
2022-10-06,22.06,30.08,2.09,37.27,31.45
2022-10-07,20.23,29.79,4.07,42.81,31.01
2022-10-08,18.91,28.26,5.04,55.53,29.43
2022-10-09,19.57,28.51,3.73,61.31,30.16
2022-10-10,19.46,28.8,2.67,51.89,30.48
2022-10-11,20.04,29.8,1.44,35.34,30.61
2022-10-12,19.74,28.98,1.87,32.86,29.76
2022-10-13,20.41,29.21,1.97,28.85,29.74
2022-10-14,20.15,28.32,2.31,29.85,29.1
2022-10-15,20.59,28.7,1.39,24.44,28.29
2022-10-16,20.28,29.01,1.59,20.95,27.84
2022-10-17,19.7,28.19,2.15,24.61,27.65
2022-10-18,19.12,27.3,2.6,31.36,27.43
2022-10-19,19.15,27.17,2.92,31.7,27.84
2022-10-20,18.98,27.05,3.96,35.16,27.67
2022-10-21,18.41,26.93,2.21,39.27,28.22
2022-10-22,18.68,27.33,2.09,33.05,27.85
2022-10-23,18.36,26.87,2.06,27.45,26.88
2022-10-24,18.57,26.73,1.6,27.95,26.7
2022-10-25,18.43,26.24,2.98,38.43,26.59
2022-10-26,18.06,26.96,3.51,42.57,27.42
2022-10-27,17.69,27.27,3.49,44.18,28.05
2022-10-28,17.95,26.75,3.16,46.21,27.75
2022-10-29,17.32,27.15,2.0,43.22,27.93
2022-10-30,17.71,28.41,1.23,33.23,28.37
2022-10-31,17.82,27.95,1.99,31.7,27.91
2022-11-01,17.18,27.18,2.87,34.35,27.34
2022-11-02,16.01,27.99,1.66,34.42,27.64
2022-11-03,17.02,27.9,3.22,41.11,28.6
2022-11-04,17.57,27.37,3.56,36.64,28.06
2022-11-05,17.62,26.59,4.29,33.51,26.96
2022-11-06,13.16,26.17,3.7,35.22,26.53
2022-11-07,14.27,24.29,2.56,49.19,24.61
2022-11-08,11.41,25.19,2.48,42.48,25.89
2022-11-09,13.29,25.91,1.64,44.96,26.54
2022-11-10,14.27,25.17,2.35,39.87,25.59
2022-11-11,12.67,24.26,2.08,38.02,24.77
2022-11-12,14.76,25.13,1.85,31.76,24.37
2022-11-13,15.29,24.79,2.19,31.45,23.99
2022-11-14,14.1,24.52,4.39,41.4,24.99
2022-11-15,13.85,22.17,4.33,53.7,23.1
2022-11-16,14.96,21.69,2.58,43.0,22.32
2022-11-17,15.72,22.34,2.41,40.49,22.19
2022-11-18,16.05,22.85,2.07,33.16,22.04
2022-11-19,15.58,22.75,2.67,34.11,22.91
2022-11-20,14.05,21.71,2.93,31.0,22.26
2022-11-21,15.08,21.57,2.12,31.74,21.43
2022-11-22,14.8,21.98,2.0,29.61,21.54
2022-11-23,15.53,22.12,1.53,26.82,20.97
2022-11-24,16.38,22.34,1.85,23.01,19.88
2022-11-25,15.86,21.83,2.28,23.19,20.62
2022-11-26,15.8,22.34,1.61,21.91,20.37
2022-11-27,14.81,21.26,1.47,26.49,20.15
2022-11-28,15.11,20.31,2.29,25.18,19.76
2022-11-29,14.83,19.32,3.17,28.13,18.95
2022-11-30,13.91,19.23,3.19,32.03,18.93
2022-12-01,14.7,20.23,2.44,29.57,19.28
2022-12-02,14.55,20.8,1.84,27.0,19.55
2022-12-03,13.65,20.72,1.62,26.54,19.6
2022-12-04,13.5,18.96,2.86,35.13,19.09
2022-12-05,13.32,18.91,2.36,29.8,18.32
2022-12-06,13.8,18.59,2.54,28.51,17.97
2022-12-07,13.33,20.17,1.77,24.57,18.53
2022-12-08,13.49,21.36,2.01,25.24,19.47
2022-12-09,14.24,21.32,1.92,24.18,19.66
2022-12-10,13.58,20.26,2.65,29.83,19.49
2022-12-11,13.74,19.11,3.54,39.79,19.58
2022-12-12,13.85,19.23,3.71,36.28,19.47
2022-12-13,14.05,19.19,3.96,33.39,19.41
2022-12-14,14.6,18.31,2.69,38.15,18.56
2022-12-15,14.58,18.97,1.89,30.96,17.3
2022-12-16,14.51,19.61,2.02,29.82,17.35
2022-12-17,14.47,20.16,2.21,22.81,17.93
2022-12-18,14.32,19.24,2.85,22.67,17.95
2022-12-19,14.43,19.41,2.0,20.59,17.7
2022-12-20,12.52,18.41,1.94,22.99,17.39
2022-12-21,13.43,16.61,3.09,30.48,16.61
2022-12-22,12.35,14.96,3.94,32.25,15.17
2022-12-23,13.18,14.35,3.42,26.56,14.49
2022-12-24,13.16,13.94,3.47,32.47,13.9
2022-12-25,13.42,14.56,2.54,27.56,14.56
2022-12-26,13.73,14.31,3.34,26.45,14.33
2022-12-27,13.13,14.62,3.25,25.02,14.47
2022-12-28,12.9,18.53,2.36,24.58,17.71
2022-12-29,11.55,19.79,3.78,43.85,19.82
2022-12-30,12.75,17.38,2.94,62.02,18.36
2022-12-31,14.54,16.01,2.11,48.29,16.1
2023-01-01,15.26,16.93,2.34,34.23,15.6
2023-01-02,14.95,15.81,2.53,26.29,15.78
2023-01-03,14.58,14.2,3.61,31.02,14.65
2023-01-04,14.54,12.08,3.47,30.6,12.45
2023-01-05,14.77,11.64,3.71,35.99,11.94
2023-01-06,14.94,12.61,3.65,29.17,13.01
2023-01-07,12.96,15.19,3.42,28.61,15.87
2023-01-08,14.42,16.06,2.43,24.84,16.68
2023-01-09,10.48,17.31,2.72,24.66,17.81
2023-01-10,14.74,17.16,2.61,28.72,17.77
2023-01-11,14.08,18.72,4.9,40.83,18.91
2023-01-12,8.85,15.99,3.23,41.22,17.01
2023-01-13,13.33,13.35,2.91,48.13,14.26
2023-01-14,17.02,11.65,2.65,17.4,11.53
2023-01-15,17.1,12.67,1.96,12.94,10.76
2023-01-16,16.74,13.59,2.18,13.85,11.82
2023-01-17,16.53,12.97,2.65,16.57,12.51
2023-01-18,15.54,13.64,3.68,17.52,13.86
2023-01-19,9.26,14.36,5.17,27.7,14.7
2023-01-20,14.73,13.4,4.47,48.83,14.11
2023-01-21,12.99,13.23,3.86,53.13,13.87
2023-01-22,12.03,13.47,3.0,50.6,14.48
2023-01-23,12.45,13.42,4.48,46.92,14.03
2023-01-24,14.67,12.84,3.72,35.88,13.39
2023-01-25,17.92,12.21,2.57,21.71,11.86
2023-01-26,17.17,11.98,3.57,22.74,11.49
2023-01-27,17.58,12.44,3.33,24.99,12.21
2023-01-28,17.49,14.09,2.51,20.67,13.67
2023-01-29,15.23,15.64,2.72,25.42,14.26
2023-01-30,15.88,16.61,2.15,25.57,15.58
2023-01-31,16.16,14.62,3.75,45.2,15.22
2023-02-01,16.59,15.17,2.84,40.28,15.55
2023-02-02,16.39,18.95,1.23,29.36,17.41
2023-02-03,16.75,19.84,2.89,23.75,18.31
2023-02-04,16.25,21.59,1.79,24.17,20.51
2023-02-05,16.16,21.02,3.2,30.73,21.23
2023-02-06,17.05,19.99,3.15,35.18,20.63
2023-02-07,17.36,19.04,2.15,31.36,19.42
2023-02-08,17.88,20.48,3.91,21.98,19.98
2023-02-09,17.76,22.02,4.93,29.34,22.03
2023-02-10,17.07,20.9,3.48,34.62,21.27
2023-02-11,17.52,20.33,2.25,17.91,19.4
2023-02-12,19.03,16.5,3.9,19.6,17.48
2023-02-13,19.25,18.01,2.42,12.13,18.16
2023-02-14,19.13,22.92,2.01,14.59,21.68
2023-02-15,18.85,24.84,1.46,17.5,23.13
2023-02-16,17.07,24.91,2.76,20.54,23.99
2023-02-17,18.94,25.76,2.56,18.13,24.75
2023-02-18,20.4,26.28,1.85,16.19,24.64
2023-02-19,20.09,25.74,3.85,15.37,24.82
2023-02-20,19.09,24.85,3.91,19.97,24.98
2023-02-21,18.6,23.71,3.12,23.17,24.73
2023-02-22,16.96,24.43,2.26,18.83,23.9
2023-02-23,19.28,24.45,2.1,19.85,24.85
2023-02-24,16.87,25.14,2.74,23.86,26.14
2023-02-25,19.5,25.76,2.32,27.62,26.36
2023-02-26,18.58,26.3,1.57,23.15,26.26
2023-02-27,19.17,26.76,2.11,23.22,27.08
2023-02-28,18.6,26.5,3.35,23.06,27.29
2023-03-01,19.57,26.02,2.94,24.78,26.98
2023-03-02,19.56,23.76,4.53,39.88,25.73
2023-03-03,18.43,25.5,3.71,34.22,27.32
2023-03-04,18.21,24.93,3.82,36.33,26.65
2023-03-05,21.75,25.39,2.32,32.95,27.52
2023-03-06,21.24,26.4,2.24,26.04,27.91
2023-03-07,18.32,26.83,2.39,23.42,28.37
2023-03-08,21.77,25.87,2.65,26.35,27.98
2023-03-09,22.44,24.92,2.67,28.33,27.38
2023-03-10,22.81,25.83,2.45,24.01,27.7
2023-03-11,23.21,27.08,3.44,19.34,28.3
2023-03-12,17.25,27.48,2.99,20.66,27.72
2023-03-13,19.35,27.84,2.51,22.15,29.31
2023-03-14,21.97,28.56,2.27,20.94,29.48
2023-03-15,13.52,27.75,2.59,20.78,27.55
2023-03-16,17.35,26.85,4.96,36.95,28.54
2023-03-17,15.06,25.35,4.97,43.82,27.43
2023-03-18,21.27,23.57,4.01,48.74,26.24
2023-03-19,10.98,23.7,3.06,45.15,25.53
2023-03-20,21.26,24.11,1.88,42.93,26.17
2023-03-21,22.45,26.35,2.01,32.8,27.88
2023-03-22,17.72,26.17,2.34,39.69,27.47
2023-03-23,20.92,26.09,2.59,41.5,27.91
2023-03-24,21.3,25.59,5.41,39.41,27.25
2023-03-25,20.25,25.04,2.95,38.12,27.57
2023-03-26,22.38,24.5,4.43,38.52,27.25
2023-03-27,24.21,25.56,2.39,31.29,28.06
2023-03-28,24.56,28.21,2.01,23.14,30.01
2023-03-29,20.14,27.56,4.92,33.72,28.85
2023-03-30,18.73,25.66,3.83,39.81,27.85
2023-03-31,21.97,24.58,3.39,47.06,27.17
2023-04-01,24.65,26.69,2.91,38.25,29.2
2023-04-02,24.92,28.07,3.23,30.79,30.21
2023-04-03,21.92,28.01,4.18,38.45,30.66
2023-04-04,24.48,27.45,2.58,39.42,31.13
2023-04-05,23.6,29.57,2.67,28.36,32.58
2023-04-06,25.14,28.98,2.23,22.14,32.07
2023-04-07,25.03,28.27,4.71,23.2,30.87
2023-04-08,26.37,28.89,2.78,20.04,32.1
2023-04-09,26.44,30.37,2.49,15.34,33.38
2023-04-10,22.72,30.79,5.77,23.37,33.04
2023-04-11,9.94,29.97,2.31,32.59,32.06
2023-04-12,25.49,31.49,2.51,29.61,34.68
2023-04-13,26.3,32.63,3.03,23.45,35.03
2023-04-14,27.25,33.04,1.98,18.97,36.42
2023-04-15,26.35,34.3,3.25,18.49,37.07
2023-04-16,26.44,33.44,4.77,23.35,35.93
2023-04-17,25.98,33.82,4.76,28.82,36.55
2023-04-18,23.47,33.53,3.65,26.93,36.28
2023-04-19,18.83,30.15,4.78,35.55,32.81
2023-04-20,24.57,28.8,5.1,18.39,30.16
2023-04-21,28.85,29.36,3.56,9.73,30.82
2023-04-22,28.93,30.64,2.99,12.74,32.56
2023-04-23,28.46,29.17,4.84,21.66,31.36
2023-04-24,28.87,28.99,2.91,17.52,31.58
2023-04-25,26.25,31.29,3.48,20.03,33.3
2023-04-26,18.85,31.79,4.15,20.74,33.36
2023-04-27,12.96,32.02,3.59,20.21,34.36
2023-04-28,20.1,29.91,3.4,37.81,32.22
2023-04-29,20.67,23.91,2.68,70.72,24.42
2023-04-30,18.09,23.19,2.53,77.98,23.51
2023-05-01,25.32,25.5,2.71,62.85,27.36
2023-05-02,23.31,28.55,2.41,46.99,31.54
2023-05-03,24.28,29.63,2.18,44.72,32.75
2023-05-04,24.51,31.36,2.09,37.86,35.0
2023-05-05,25.41,32.39,2.33,33.24,35.43
2023-05-06,25.22,33.25,3.4,29.43,35.64
2023-05-07,26.22,31.87,5.04,24.39,32.8
2023-05-08,28.96,30.41,5.2,17.51,31.48
2023-05-09,29.17,32.44,2.98,19.35,33.85
2023-05-10,27.39,33.37,2.81,17.6,34.98
2023-05-11,27.94,35.52,1.85,13.28,36.47
2023-05-12,27.95,35.42,4.69,18.51,36.44
2023-05-13,25.68,35.96,5.39,21.45,36.92
2023-05-14,25.13,35.13,4.09,25.9,37.2
2023-05-15,27.01,34.61,6.8,27.84,35.63
2023-05-16,25.51,33.94,5.1,38.69,36.15
2023-05-17,24.96,34.46,5.46,36.67,36.65
2023-05-18,25.86,33.04,2.65,36.75,36.35
2023-05-19,25.59,35.02,2.55,29.63,37.95
2023-05-20,27.53,35.69,6.73,23.61,37.08
2023-05-21,25.68,35.35,7.87,27.11,36.9
2023-05-22,27.14,35.32,7.07,36.28,37.24
2023-05-23,25.42,34.53,6.43,41.45,36.52
2023-05-24,24.11,34.7,5.63,41.37,37.0
2023-05-25,23.95,33.38,4.73,45.27,34.35
2023-05-26,23.16,33.91,5.5,46.94,35.57
2023-05-27,23.1,33.89,4.9,44.98,36.04
2023-05-28,13.59,34.34,2.22,40.29,37.02
2023-05-29,23.73,28.61,1.18,71.14,28.86
2023-05-30,15.7,27.18,2.57,67.1,27.75
2023-05-31,25.79,27.97,2.13,59.36,29.77
2023-06-01,21.22,29.89,3.0,55.12,32.39
2023-06-02,27.24,31.14,2.61,55.98,34.25
2023-06-03,23.75,34.04,1.95,46.67,37.01
2023-06-04,26.42,31.89,1.8,54.02,33.06
2023-06-05,26.07,33.99,2.06,43.35,36.04
2023-06-06,23.33,34.68,4.15,39.72,36.85
2023-06-07,26.91,33.41,2.43,46.79,35.03
2023-06-08,27.53,34.68,4.67,44.04,36.86
2023-06-09,26.65,34.91,6.43,41.73,37.05
2023-06-10,26.43,34.06,7.43,41.3,35.75
2023-06-11,26.4,34.44,6.26,44.77,36.39
2023-06-12,26.52,35.37,6.93,40.6,37.32
2023-06-13,29.0,35.24,6.44,43.34,37.67
2023-06-14,27.51,34.05,7.16,47.55,36.65
2023-06-15,23.25,33.47,6.32,46.97,36.04
2023-06-16,18.56,32.48,5.95,55.88,35.56
2023-06-17,14.17,31.49,5.83,60.52,32.86
2023-06-18,23.28,31.54,3.42,64.69,32.75
2023-06-19,25.2,34.67,3.21,52.17,37.48
2023-06-20,26.47,35.29,6.72,48.8,37.84
2023-06-21,26.86,34.58,7.01,48.59,37.03
2023-06-22,27.61,34.48,6.64,48.97,37.05
2023-06-23,26.07,35.08,6.22,47.68,37.78
2023-06-24,26.65,35.29,6.78,49.8,38.09
2023-06-25,25.33,33.81,6.65,57.06,36.09
2023-06-26,21.48,33.6,3.99,57.28,36.53
2023-06-27,21.05,33.56,2.94,57.98,35.52
2023-06-28,22.23,32.41,2.79,67.86,33.65
2023-06-29,18.37,32.37,2.76,69.92,33.53
2023-06-30,25.66,31.84,3.53,71.31,32.47
2023-07-01,26.22,31.8,3.96,68.84,32.48
2023-07-02,26.48,32.97,3.86,60.3,34.82
2023-07-03,27.45,34.96,5.2,49.26,37.57
2023-07-04,26.77,35.85,7.26,48.4,37.96
2023-07-05,24.3,36.2,5.12,49.79,38.95
2023-07-06,18.85,33.14,4.85,65.98,34.68
2023-07-07,17.05,30.74,2.96,77.29,31.93
2023-07-08,17.99,30.33,1.58,73.03,32.08
2023-07-09,25.14,32.64,2.18,59.29,34.87
2023-07-10,23.5,34.89,3.06,48.51,37.32
2023-07-11,24.76,35.53,3.39,47.86,38.62
2023-07-12,26.12,35.34,5.66,48.64,38.15
2023-07-13,26.04,35.36,5.66,50.28,38.23
2023-07-14,24.98,33.69,5.72,53.51,35.87
2023-07-15,24.99,34.47,6.77,52.71,36.85
2023-07-16,23.91,34.28,6.06,53.23,36.89
2023-07-17,21.99,34.4,4.73,53.78,37.15
2023-07-18,21.44,34.44,4.78,56.39,36.38
2023-07-19,16.74,33.28,3.79,60.2,34.85
2023-07-20,22.31,32.53,1.99,66.68,33.43
2023-07-21,21.73,32.97,1.68,66.5,34.3
2023-07-22,21.58,31.51,1.85,78.72,31.85
2023-07-23,21.26,32.96,4.31,65.39,34.04
2023-07-24,15.24,31.22,2.94,74.56,32.29
2023-07-25,15.83,29.77,2.01,77.78,30.43
2023-07-26,19.95,30.61,2.73,75.62,31.25
2023-07-27,9.3,29.13,3.2,86.07,28.99
2023-07-28,22.54,30.14,5.74,76.25,30.94
2023-07-29,20.97,30.54,5.9,74.89,31.29
2023-07-30,23.29,31.16,4.47,70.13,32.65
2023-07-31,24.03,32.55,4.44,63.31,34.62
2023-08-01,25.38,32.99,5.34,61.7,35.22
2023-08-02,24.5,32.67,7.15,63.0,34.67
2023-08-03,23.36,32.46,5.91,61.33,34.86
2023-08-04,22.71,33.01,6.21,59.28,34.9
2023-08-05,23.22,32.28,5.84,60.66,33.7
2023-08-06,21.93,32.58,6.95,60.44,34.61
2023-08-07,23.67,32.11,7.69,60.72,34.03
2023-08-08,22.62,31.66,7.05,61.66,33.73
2023-08-09,21.87,32.28,7.04,59.43,34.2
2023-08-10,23.22,31.85,6.37,60.77,34.03
2023-08-11,23.35,31.72,5.5,59.05,34.2
2023-08-12,24.24,32.18,5.63,57.77,34.63
2023-08-13,22.68,31.92,7.08,58.46,33.92
2023-08-14,22.18,32.08,6.49,58.52,34.29
2023-08-15,18.41,32.24,4.71,59.79,35.0
2023-08-16,22.1,32.06,5.37,59.27,34.58
2023-08-17,21.56,31.6,5.77,57.65,33.67
2023-08-18,22.75,31.93,4.85,53.9,34.02
2023-08-19,22.39,33.05,2.64,49.13,35.5
2023-08-20,18.15,34.08,2.65,48.9,36.85
2023-08-21,23.24,33.83,3.24,52.72,36.89
2023-08-22,24.74,34.18,5.97,50.63,36.38
2023-08-23,22.35,31.79,7.8,54.42,33.25
2023-08-24,21.59,31.48,6.64,56.08,33.57
2023-08-25,21.28,31.71,6.34,55.66,33.83
2023-08-26,21.14,31.24,5.36,55.21,33.6
2023-08-27,20.75,31.55,5.54,57.51,33.85
2023-08-28,22.41,31.57,6.48,55.6,33.6
2023-08-29,22.53,31.46,4.57,56.57,34.0
2023-08-30,23.03,32.49,4.89,50.86,35.0
2023-08-31,24.01,32.11,5.02,51.76,34.54
2023-09-01,23.56,31.81,5.44,48.83,33.91
2023-09-02,24.15,30.95,6.14,46.04,32.58
2023-09-03,24.09,30.7,5.8,48.05,32.35
2023-09-04,24.33,30.94,5.19,47.0,32.93
2023-09-05,23.88,32.54,3.45,46.77,35.03
2023-09-06,23.98,34.17,2.3,39.89,36.72
2023-09-07,23.98,34.47,2.15,37.38,36.68
2023-09-08,23.92,35.15,2.31,34.64,37.01
2023-09-09,22.69,35.23,2.57,33.73,37.3
2023-09-10,23.1,35.3,2.63,39.59,37.91
2023-09-11,23.52,35.17,2.25,34.35,37.44
2023-09-12,23.1,34.33,3.91,40.89,36.59
2023-09-13,22.32,33.76,3.71,43.17,36.44
2023-09-14,20.06,34.4,3.21,44.75,37.56
2023-09-15,17.34,34.39,2.57,47.35,37.15
2023-09-16,19.0,33.2,3.59,55.02,34.82
2023-09-17,19.6,30.93,5.08,67.74,32.6
2023-09-18,14.18,30.35,6.33,67.02,31.92
2023-09-19,12.8,30.93,3.46,63.17,32.78
2023-09-20,19.33,31.98,4.35,61.38,34.19
2023-09-21,21.54,32.51,3.03,57.68,35.48
2023-09-22,21.87,33.31,3.76,55.4,36.07
2023-09-23,21.12,33.58,3.84,50.18,36.16
2023-09-24,20.68,33.92,3.5,48.36,36.53
2023-09-25,19.72,33.03,3.39,43.99,35.39
2023-09-26,18.41,33.05,1.61,39.7,36.1
2023-09-27,19.28,34.1,1.81,36.8,36.37
2023-09-28,20.49,34.11,2.06,35.8,36.37
2023-09-29,21.56,33.57,2.78,29.34,34.37
2023-09-30,21.72,31.57,2.52,21.58,32.71
2023-10-01,20.43,31.17,2.36,27.52,32.65
2023-10-02,21.84,32.21,1.59,25.87,33.38
2023-10-03,22.62,31.83,2.13,18.46,31.36
2023-10-04,22.01,30.46,3.42,28.57,31.33
2023-10-05,21.37,30.96,4.54,36.8,32.2
2023-10-06,21.48,31.37,5.72,44.3,32.58
2023-10-07,20.14,31.13,5.26,48.27,32.59
2023-10-08,19.5,31.6,5.76,50.3,32.82
2023-10-09,20.98,31.15,6.09,46.7,32.01
2023-10-10,20.24,30.14,3.54,45.33,31.38
2023-10-11,20.15,30.76,1.57,32.33,31.48
2023-10-12,19.98,31.01,3.45,36.94,32.05
2023-10-13,20.12,30.58,4.71,36.75,31.9
2023-10-14,18.32,29.75,4.72,37.42,30.76
2023-10-15,17.62,29.5,3.0,42.04,30.97
2023-10-16,13.04,28.26,3.03,49.63,28.33
2023-10-17,14.69,25.22,3.2,71.9,25.42
2023-10-18,18.69,25.09,3.33,60.03,26.23
2023-10-19,17.58,26.47,2.12,45.42,27.49
2023-10-20,18.57,27.57,1.89,40.15,28.81
2023-10-21,17.8,28.5,2.28,37.37,29.49
2023-10-22,16.82,28.89,2.01,37.72,30.16
2023-10-23,17.79,27.6,2.46,39.54,29.3
2023-10-24,17.59,27.6,2.45,37.88,28.84
2023-10-25,17.66,28.01,2.27,33.53,29.14
2023-10-26,18.39,28.72,2.12,30.64,28.81
2023-10-27,17.4,28.75,2.68,29.33,28.84
2023-10-28,15.1,27.94,3.06,36.92,27.43
2023-10-29,17.71,28.06,2.94,37.74,28.78
2023-10-30,17.0,28.79,1.84,32.26,29.75
2023-10-31,16.09,28.56,2.63,32.72,29.44
2023-11-01,14.83,28.13,3.19,31.88,28.72
2023-11-02,14.97,27.69,2.11,29.84,27.8
2023-11-03,15.27,28.32,2.0,26.43,27.16
2023-11-04,13.81,27.12,2.08,31.22,26.47
2023-11-05,13.93,26.91,1.58,33.42,26.81
2023-11-06,14.07,27.06,1.39,32.2,26.71
2023-11-07,12.53,26.85,1.3,30.53,26.13
2023-11-08,11.19,26.41,1.55,32.96,25.86
2023-11-09,10.8,26.63,2.29,38.88,26.53
2023-11-10,16.82,23.89,3.74,38.71,24.42
2023-11-11,16.65,21.27,3.09,49.27,22.08
2023-11-12,16.65,21.99,2.22,38.2,22.27
2023-11-13,15.11,21.99,2.75,38.98,22.64
2023-11-14,14.23,22.29,3.27,39.2,22.64
2023-11-15,13.01,21.12,2.68,36.26,20.87
2023-11-16,14.21,20.64,2.84,34.3,20.46
2023-11-17,10.29,19.42,3.34,42.2,19.61
2023-11-18,10.23,19.55,2.28,48.23,19.94
2023-11-19,11.98,20.44,2.44,47.38,20.79
2023-11-20,12.52,20.46,3.45,46.85,20.9
2023-11-21,12.06,20.43,2.97,43.86,20.45
2023-11-22,13.14,21.78,2.25,37.62,20.61
2023-11-23,13.52,23.12,2.29,33.13,21.92
2023-11-24,13.29,22.6,2.71,34.98,22.25
2023-11-25,10.68,20.06,3.19,39.6,20.66
2023-11-26,5.54,17.89,3.17,60.32,18.41
2023-11-27,7.21,17.87,2.81,64.53,18.11
2023-11-28,10.12,17.21,2.85,58.54,17.39
2023-11-29,11.18,18.79,2.13,58.65,19.04
2023-11-30,12.27,19.76,2.6,56.91,19.62
2023-12-01,11.02,18.97,4.11,58.72,19.09
2023-12-02,10.7,18.43,3.38,53.76,18.59
2023-12-03,13.51,18.18,3.09,44.35,18.25
2023-12-04,14.03,18.99,2.51,34.57,18.01
2023-12-05,14.0,18.26,2.4,36.15,17.5
2023-12-06,12.55,17.36,3.43,45.33,17.4
2023-12-07,14.25,17.72,2.67,42.3,17.17
2023-12-08,14.12,19.22,1.6,32.88,17.36
2023-12-09,14.34,19.11,2.29,31.56,17.51
2023-12-10,13.48,19.13,1.49,26.61,17.07
2023-12-11,13.85,19.36,2.04,23.45,16.45
2023-12-12,13.67,17.8,2.63,27.48,16.55
2023-12-13,13.44,18.13,2.03,27.96,17.34
2023-12-14,13.4,18.28,2.32,27.49,17.41
2023-12-15,13.22,18.67,2.3,29.86,17.34
2023-12-16,12.08,17.73,2.27,32.72,17.11
2023-12-17,12.22,17.81,2.03,35.33,17.18
2023-12-18,13.03,16.23,3.05,39.73,16.38
2023-12-19,13.18,16.91,2.05,33.47,16.12
2023-12-20,14.36,17.47,1.7,26.67,16.1
2023-12-21,14.91,17.71,2.37,24.62,16.4
2023-12-22,11.78,17.57,3.12,25.03,16.22
2023-12-23,14.26,17.52,3.71,26.34,17.04
2023-12-24,10.56,16.78,3.14,34.79,17.02
2023-12-25,10.84,17.32,2.74,39.68,17.47
2023-12-26,11.88,18.21,2.38,38.13,18.37
2023-12-27,13.14,17.94,3.3,38.67,18.08
2023-12-28,14.34,16.6,3.24,41.53,16.92
2023-12-29,13.57,17.36,3.85,38.77,17.54
2023-12-30,10.57,15.82,3.88,40.32,16.07
2023-12-31,11.56,14.71,4.04,38.4,14.8
2024-01-01,9.61,14.04,3.65,39.76,14.31
2024-01-02,11.79,13.57,3.6,39.83,13.91
2024-01-03,11.1,12.88,3.65,39.57,13.27
2024-01-04,9.64,12.16,3.44,43.51,12.36
2024-01-05,11.47,12.33,3.03,44.65,12.35
2024-01-06,12.75,13.24,3.34,47.52,13.58
2024-01-07,10.55,12.73,3.58,59.04,13.22
2024-01-08,5.56,12.95,3.24,60.89,13.89
2024-01-09,12.22,12.87,3.65,54.7,13.46
2024-01-10,14.55,12.72,3.01,49.68,12.77
2024-01-11,15.46,14.44,2.22,37.27,13.6
2024-01-12,15.72,15.41,2.62,30.61,14.86
2024-01-13,14.87,17.38,1.99,23.93,16.78
2024-01-14,10.85,15.16,2.68,31.19,14.74
2024-01-15,14.57,15.11,2.15,28.94,15.12
2024-01-16,18.04,15.45,2.29,29.98,15.85
2024-01-17,10.69,15.23,3.52,31.31,15.6
2024-01-18,12.6,14.85,3.06,34.59,15.2
2024-01-19,14.41,15.0,3.03,36.5,15.58
2024-01-20,14.88,15.46,2.67,36.14,15.56
2024-01-21,11.65,16.07,2.74,36.81,16.12
2024-01-22,14.65,17.56,2.74,34.89,16.99
2024-01-23,9.43,17.36,2.25,34.63,16.67
2024-01-24,10.83,14.04,2.38,38.53,14.54
2024-01-25,12.71,14.57,3.21,34.54,14.85
2024-01-26,10.9,15.77,2.61,30.49,16.69
2024-01-27,11.18,17.22,2.29,29.86,18.16
2024-01-28,10.6,18.54,1.89,31.87,17.94
2024-01-29,12.51,18.92,2.22,39.73,19.34
2024-01-30,8.7,19.22,1.82,43.67,19.62
2024-01-31,14.7,20.79,2.25,41.93,21.28
2024-02-01,16.02,18.36,3.27,26.83,18.18
2024-02-02,14.47,17.25,4.05,27.78,17.78
2024-02-03,8.79,18.26,3.51,36.67,19.02
2024-02-04,13.63,17.54,2.79,65.66,19.07
2024-02-05,16.63,16.25,2.55,53.63,17.81
2024-02-06,16.06,16.89,4.42,32.87,17.99
2024-02-07,15.72,17.32,3.81,32.74,18.42
2024-02-08,15.26,16.42,2.04,38.11,16.48
2024-02-09,18.39,17.5,2.78,25.83,16.66
2024-02-10,18.36,16.96,3.63,22.38,17.02
2024-02-11,19.66,16.83,2.86,23.16,17.27
2024-02-12,10.64,16.4,2.96,23.03,16.69
2024-02-13,13.47,16.53,3.29,20.85,16.59
2024-02-14,17.99,17.93,2.34,17.82,16.44
2024-02-15,17.79,18.55,2.18,20.28,17.21
2024-02-16,18.44,19.65,2.47,22.06,18.85
2024-02-17,19.56,21.13,2.44,19.38,19.76
2024-02-18,16.5,21.54,5.02,18.85,20.92
2024-02-19,16.09,22.59,7.57,46.23,22.78
2024-02-20,18.98,18.48,3.39,33.14,18.39
2024-02-21,19.34,19.31,3.26,26.0,18.41
2024-02-22,20.6,18.07,2.9,24.04,18.27
2024-02-23,20.36,18.02,2.86,24.55,18.64
2024-02-24,19.7,18.47,2.41,17.96,17.86
2024-02-25,19.08,17.76,3.77,28.4,18.25
2024-02-26,13.65,18.91,5.37,38.51,20.35
2024-02-27,19.78,18.42,5.03,49.46,20.26
2024-02-28,19.9,19.8,2.86,45.16,21.9
2024-02-29,19.4,22.91,3.16,31.6,24.24
2024-03-01,12.29,22.59,4.44,33.67,24.33
2024-03-02,20.19,17.64,6.7,41.04,18.9
2024-03-03,23.09,13.27,4.11,22.67,14.73
2024-03-04,22.58,15.28,2.22,17.61,16.73
2024-03-05,16.23,15.73,3.47,19.27,17.12
2024-03-06,17.85,18.08,2.72,21.44,18.92
2024-03-07,21.43,20.58,2.45,24.38,21.5
2024-03-08,21.56,19.71,3.38,27.72,20.91
2024-03-09,22.37,21.08,3.08,22.71,22.42
2024-03-10,17.3,23.48,2.58,18.61,24.73
2024-03-11,22.5,24.46,2.46,25.84,25.98
2024-03-12,22.48,24.45,2.23,26.79,25.78
2024-03-13,22.09,23.86,3.61,31.75,25.09
2024-03-14,23.73,22.75,2.59,26.46,24.91
2024-03-15,23.96,23.2,2.89,28.64,25.34
2024-03-16,24.46,24.27,2.71,20.91,26.44
2024-03-17,21.35,24.25,3.29,16.41,25.95
2024-03-18,23.82,25.67,2.22,17.67,26.98
2024-03-19,24.42,27.09,4.02,19.04,27.99
2024-03-20,23.64,27.18,2.91,18.69,28.23
2024-03-21,23.05,29.65,3.36,16.66,30.5
2024-03-22,23.88,29.1,3.11,23.54,30.76
2024-03-23,21.17,29.87,2.48,25.14,32.09
2024-03-24,21.12,30.58,2.71,24.73,33.27
2024-03-25,20.58,30.08,3.34,26.03,32.03
2024-03-26,20.06,32.31,2.88,23.57,32.64
2024-03-27,22.36,32.43,4.48,31.57,34.02
2024-03-28,21.45,30.73,4.12,32.02,33.14
2024-03-29,23.85,30.09,4.0,33.7,32.8
2024-03-30,25.37,28.03,5.5,24.87,29.9
2024-03-31,24.49,27.73,3.19,32.2,30.99
2024-04-01,22.84,27.51,2.87,24.25,29.32
2024-04-02,19.37,30.53,1.74,14.32,31.14
2024-04-03,21.38,30.04,2.34,19.91,30.6
2024-04-04,22.2,29.41,2.78,22.91,30.84
2024-04-05,16.73,29.32,2.86,29.45,31.28
2024-04-06,24.77,30.2,1.62,30.39,33.25
2024-04-07,26.49,32.28,2.28,16.88,33.25
2024-04-08,26.42,32.71,2.3,12.66,33.49
2024-04-09,21.6,33.31,1.47,11.58,34.51
2024-04-10,24.32,33.2,1.89,12.2,35.05
2024-04-11,22.65,33.13,2.07,12.97,35.07
2024-04-12,20.01,32.3,3.96,22.5,33.33
2024-04-13,16.94,31.74,2.95,32.48,33.0
2024-04-14,17.88,26.03,3.52,55.66,27.12
2024-04-15,18.91,27.05,3.07,51.54,28.32
2024-04-16,25.02,28.77,2.61,41.64,30.15
2024-04-17,17.97,30.13,2.38,31.07,32.27
2024-04-18,18.17,30.81,5.02,29.78,31.84
2024-04-19,23.54,28.96,5.98,38.28,30.63
2024-04-20,24.12,29.16,2.47,38.22,32.92
2024-04-21,23.57,31.0,2.36,31.03,34.39
2024-04-22,26.48,32.03,2.24,22.03,34.74
2024-04-23,28.06,32.0,2.84,19.21,33.95
2024-04-24,27.8,32.48,2.39,19.37,35.03
2024-04-25,25.04,32.83,2.2,21.4,33.7
2024-04-26,27.13,32.54,4.41,24.54,34.9
2024-04-27,26.54,31.48,4.13,28.29,34.2
2024-04-28,23.23,32.09,2.58,27.85,34.28
2024-04-29,28.1,29.61,5.26,15.48,31.57
2024-04-30,27.84,27.65,4.71,12.17,29.68
2024-05-01,28.93,27.65,3.04,26.02,30.85
2024-05-02,26.96,30.63,1.81,15.26,33.32
2024-05-03,19.65,32.2,3.21,11.99,32.49
2024-05-04,26.93,33.15,4.45,22.36,35.69
2024-05-05,27.37,33.56,3.33,24.98,36.92
2024-05-06,26.07,35.7,3.13,20.71,38.01
2024-05-07,26.88,36.83,3.33,17.31,38.73
2024-05-08,28.23,37.45,2.38,17.35,39.31
2024-05-09,26.52,37.45,4.09,19.35,39.91
2024-05-10,26.87,37.26,5.9,23.19,39.03
2024-05-11,23.23,35.7,2.84,28.4,39.13
2024-05-12,26.85,35.86,4.72,25.09,38.69
2024-05-13,25.47,36.32,2.49,20.85,40.12
2024-05-14,25.47,36.62,2.91,22.77,39.01
2024-05-15,26.19,37.46,3.2,21.74,40.12
2024-05-16,25.87,38.07,4.35,18.2,40.25
2024-05-17,26.75,38.39,4.05,16.0,40.71
2024-05-18,26.9,38.23,6.02,15.34,39.87
2024-05-19,25.47,37.74,4.06,18.54,39.98
2024-05-20,27.0,37.57,6.15,16.29,39.47
2024-05-21,27.42,38.07,2.98,23.34,41.5
2024-05-22,28.74,40.39,2.48,14.13,43.43
2024-05-23,28.3,39.9,2.56,10.87,42.84
2024-05-24,27.07,39.2,3.13,15.43,42.59
2024-05-25,26.45,40.36,3.17,16.51,43.44
2024-05-26,26.2,41.05,4.6,14.95,42.49
2024-05-27,28.54,40.09,4.52,11.68,42.2
2024-05-28,29.98,39.72,6.62,9.65,41.03
2024-05-29,29.34,37.2,6.01,12.11,38.78
2024-05-30,28.53,37.73,7.23,28.7,39.94
2024-05-31,27.92,37.74,7.57,29.72,40.11
2024-06-01,26.92,36.59,6.35,29.02,39.28
2024-06-02,26.53,36.94,4.78,31.25,39.82
2024-06-03,26.49,38.32,5.47,21.85,41.35
2024-06-04,25.95,37.16,7.95,27.62,39.46
2024-06-05,27.13,36.78,7.79,35.43,39.55
2024-06-06,24.72,36.27,5.25,38.54,39.41
2024-06-07,25.6,35.37,3.1,41.67,36.88
2024-06-08,26.11,33.47,2.38,46.26,33.8
2024-06-09,27.48,34.73,2.28,42.18,37.49
2024-06-10,28.49,36.16,2.69,30.33,39.81
2024-06-11,27.51,37.53,3.05,26.79,41.4
2024-06-12,28.0,37.44,6.33,29.6,40.52
2024-06-13,27.75,37.01,6.68,31.03,40.05
2024-06-14,27.76,36.69,6.29,35.78,39.84
2024-06-15,27.78,36.91,5.41,35.56,40.48
2024-06-16,27.57,37.84,5.77,35.04,41.36
2024-06-17,28.04,38.53,6.57,33.41,41.94
2024-06-18,26.55,37.8,7.95,32.69,40.8
2024-06-19,26.62,37.96,7.17,37.06,41.22
2024-06-20,23.33,37.54,6.59,35.94,40.66
2024-06-21,19.7,36.94,2.88,38.88,42.32
2024-06-22,22.25,37.7,3.03,32.53,42.0
2024-06-23,26.55,38.69,2.96,25.37,42.67
2024-06-24,26.84,39.42,3.56,20.96,43.24
2024-06-25,24.84,39.9,1.81,22.03,44.6
2024-06-26,17.96,40.17,3.28,29.34,45.49
2024-06-27,19.19,34.07,4.74,58.59,36.55
2024-06-28,18.92,33.32,3.4,61.64,35.79
2024-06-29,20.75,34.28,4.37,54.44,37.06
2024-06-30,23.68,36.01,5.67,49.59,39.06
2024-07-01,25.33,36.14,6.46,51.81,39.11
2024-07-02,25.2,36.73,6.03,43.87,39.51
2024-07-03,24.36,38.16,6.7,40.83,41.61
2024-07-04,22.18,36.79,6.85,44.73,39.99
2024-07-05,20.42,35.77,5.35,46.74,38.29
2024-07-06,22.0,35.49,7.06,46.25,36.97
2024-07-07,13.79,34.46,3.47,52.59,37.02
2024-07-08,14.95,35.13,2.49,51.27,37.44
2024-07-09,25.94,35.98,2.24,49.46,38.37
2024-07-10,25.83,38.06,3.22,41.22,42.07
2024-07-11,25.4,35.8,5.88,52.9,36.68
2024-07-12,21.64,35.96,7.12,49.04,37.83
2024-07-13,19.52,35.19,3.38,50.15,38.62
2024-07-14,18.97,36.01,2.27,45.72,39.5
2024-07-15,25.68,37.75,2.54,38.77,41.42
2024-07-16,24.62,37.75,4.57,41.67,40.9
2024-07-17,22.01,37.56,3.56,44.55,40.87
2024-07-18,22.66,37.0,3.42,48.21,41.4
2024-07-19,25.09,35.19,2.7,55.65,38.25
2024-07-20,20.15,36.71,1.98,47.69,40.06
2024-07-21,24.11,38.21,2.35,41.01,42.45
2024-07-22,21.1,37.7,5.0,46.14,40.63
2024-07-23,19.47,33.96,4.55,60.82,35.27
2024-07-24,23.64,34.7,4.83,51.78,36.96
2024-07-25,23.96,35.61,4.88,46.96,38.85
2024-07-26,24.18,36.64,5.08,47.26,40.37
2024-07-27,24.04,36.84,6.07,46.0,39.43
2024-07-28,19.78,36.06,2.44,46.79,39.51
2024-07-29,20.43,36.22,2.58,50.6,37.01
2024-07-30,23.95,35.07,3.04,57.42,36.29
2024-07-31,21.07,34.44,5.76,58.04,36.55
2024-08-01,8.82,32.17,6.92,62.55,33.55
2024-08-02,8.95,31.13,3.65,74.64,32.0
2024-08-03,16.71,29.3,3.79,85.53,29.46
2024-08-04,20.78,31.16,3.61,72.96,32.65
2024-08-05,18.22,30.24,3.29,80.4,30.5
2024-08-06,11.74,29.48,5.91,83.16,29.82
2024-08-07,19.06,31.07,6.04,66.78,32.71
2024-08-08,17.21,32.51,5.12,58.44,34.88
2024-08-09,18.01,32.96,4.8,60.24,35.04
2024-08-10,20.27,32.37,5.75,64.17,33.99
2024-08-11,22.82,33.15,5.78,60.43,35.11
2024-08-12,21.97,32.71,3.66,63.46,34.91
2024-08-13,20.54,32.42,3.67,66.48,33.62
2024-08-14,21.03,30.62,3.23,75.46,31.01
2024-08-15,19.55,31.96,3.59,68.5,32.61
2024-08-16,13.43,28.09,3.88,89.31,27.97
2024-08-17,17.22,29.88,4.59,74.56,31.07
2024-08-18,18.95,30.8,4.76,68.85,32.0
2024-08-19,21.57,31.2,4.94,63.9,33.01
2024-08-20,21.4,32.16,4.73,61.01,34.03
2024-08-21,20.31,32.46,4.34,60.39,34.51
2024-08-22,20.81,33.0,4.0,56.16,35.13
2024-08-23,19.82,32.52,3.55,61.25,34.34
2024-08-24,21.69,32.87,2.76,59.02,34.93
2024-08-25,15.79,32.19,3.4,62.44,33.11
2024-08-26,20.54,31.25,4.85,63.45,32.04
2024-08-27,13.18,28.81,7.85,77.26,28.73
2024-08-28,20.14,30.46,4.92,67.82,31.78
2024-08-29,15.77,31.13,4.88,65.93,32.85
2024-08-30,18.8,31.1,4.74,63.21,32.93
2024-08-31,18.05,30.39,2.41,64.21,32.55
2024-09-01,21.73,31.81,2.84,58.1,34.19
2024-09-02,20.17,33.3,1.73,54.25,35.55
2024-09-03,12.38,30.14,1.48,73.66,30.51
2024-09-04,17.38,28.55,2.39,81.65,28.79
2024-09-05,21.36,30.78,1.83,64.69,32.93
2024-09-06,20.28,32.35,2.8,58.35,34.46
2024-09-07,21.58,32.22,3.23,60.27,34.47
2024-09-08,21.67,33.29,3.09,54.75,35.16
2024-09-09,20.85,32.91,2.97,57.22,35.37
2024-09-10,19.03,33.35,3.32,53.14,35.57
2024-09-11,21.15,33.59,3.33,50.01,35.31
2024-09-12,21.37,33.66,4.58,50.92,35.08
2024-09-13,21.34,30.68,7.44,60.59,32.1
2024-09-14,21.33,29.56,5.65,61.73,31.23
2024-09-15,21.1,30.09,4.25,59.28,32.04
2024-09-16,21.06,30.6,4.26,56.54,32.43
2024-09-17,20.98,30.76,4.1,53.28,32.52
2024-09-18,20.59,31.99,2.68,47.53,34.0
2024-09-19,16.02,31.34,2.82,52.83,32.94
2024-09-20,19.25,32.47,2.15,52.13,34.4
2024-09-21,19.32,34.03,1.66,48.5,36.33
2024-09-22,19.9,33.87,2.45,50.45,35.7
2024-09-23,20.12,34.18,2.94,51.69,36.16
2024-09-24,19.87,34.82,2.71,47.19,36.86
2024-09-25,19.63,34.83,2.57,45.35,36.92
2024-09-26,19.31,35.44,3.01,41.5,37.14
2024-09-27,19.2,34.73,3.45,51.25,36.94
2024-09-28,18.89,34.3,3.35,53.62,36.78
2024-09-29,19.01,33.78,2.16,49.03,36.83
2024-09-30,18.84,33.33,3.45,47.41,34.82
2024-10-01,19.1,32.03,5.11,45.87,33.06
2024-10-02,19.35,32.44,5.7,46.28,33.53
2024-10-03,19.17,31.9,6.57,52.63,32.9
2024-10-04,19.1,31.43,5.72,54.16,32.78
2024-10-05,18.73,30.65,4.69,55.3,32.21
2024-10-06,18.57,31.14,2.48,47.98,32.58
2024-10-07,18.48,31.75,1.58,37.02,33.29
2024-10-08,18.1,32.01,1.62,37.64,33.69
2024-10-09,17.81,31.74,1.59,38.13,32.97
2024-10-10,18.1,30.61,2.24,40.01,32.05
2024-10-11,18.27,30.06,2.25,35.6,31.5
2024-10-12,18.53,30.61,1.52,37.64,31.95
2024-10-13,17.87,31.0,2.3,38.95,32.32
2024-10-14,17.55,30.7,1.98,46.41,32.47
2024-10-15,17.65,31.77,1.22,30.68,32.12
2024-10-16,13.38,30.85,2.46,27.98,30.99
2024-10-17,17.21,31.53,2.08,31.85,31.84
2024-10-18,17.08,31.46,1.69,35.38,32.37
2024-10-19,16.97,31.61,1.51,28.23,32.0
2024-10-20,16.83,31.42,1.49,29.23,31.56
2024-10-21,11.87,30.56,2.18,39.39,31.33
2024-10-22,16.37,29.91,2.04,41.14,31.01
2024-10-23,16.27,29.77,2.52,35.88,30.4
2024-10-24,16.14,29.75,2.44,30.91,29.6
2024-10-25,15.96,30.48,2.12,30.76,30.2
2024-10-26,15.89,30.34,3.23,30.93,30.33
2024-10-27,15.77,30.6,3.74,29.85,30.63
2024-10-28,15.86,30.65,2.77,26.63,30.19
2024-10-29,15.71,30.01,2.87,26.49,29.52
2024-10-30,15.33,28.99,3.25,29.43,28.9
2024-10-31,15.02,28.87,2.1,33.44,28.93
2024-11-01,15.22,29.37,2.6,33.22,29.0
2024-11-02,15.29,29.22,2.55,31.44,28.91
2024-11-03,15.1,29.04,2.35,35.71,29.2
2024-11-04,14.86,28.94,2.44,34.82,28.87
2024-11-05,14.64,29.51,1.88,34.32,29.29
2024-11-06,14.61,29.64,1.83,34.96,29.38
2024-11-07,14.71,28.61,2.6,35.28,28.7
2024-11-08,14.51,28.1,3.01,36.56,28.36
2024-11-09,14.17,28.44,2.22,34.62,28.12
2024-11-10,13.78,27.18,2.49,35.97,27.39
2024-11-11,14.05,26.86,2.76,35.81,26.72
2024-11-12,12.18,26.73,1.66,30.93,26.3
2024-11-13,12.69,25.77,1.8,30.5,25.72
2024-11-14,13.66,26.43,1.76,31.86,25.97
2024-11-15,13.32,25.59,1.49,35.92,25.61
2024-11-16,13.18,24.68,2.72,36.99,24.51
2024-11-17,11.81,22.08,2.86,38.59,22.81
2024-11-18,13.44,21.97,2.69,36.07,22.32
2024-11-19,13.33,21.86,2.3,30.62,22.08
2024-11-20,13.28,22.16,2.16,30.19,21.62
2024-11-21,13.18,22.82,2.01,27.43,21.67
2024-11-22,13.02,23.09,2.16,24.91,21.53
2024-11-23,12.76,23.27,2.17,25.96,21.28
2024-11-24,12.73,22.94,2.16,30.26,22.04
2024-11-25,12.59,21.58,2.22,35.32,21.25
2024-11-26,12.42,22.7,2.82,34.48,21.9
2024-11-27,12.81,22.64,2.26,31.95,21.88
2024-11-28,12.72,21.58,2.95,28.8,21.91
2024-11-29,12.29,21.0,2.99,38.06,21.56
2024-11-30,12.1,20.86,2.55,33.38,20.58
2024-12-01,12.71,21.46,2.1,36.42,21.4
2024-12-02,12.51,21.86,2.38,41.62,22.41
2024-12-03,12.56,21.62,2.62,45.72,22.54
2024-12-04,-999.0,20.42,2.84,46.37,20.88
2024-12-05,12.85,20.47,2.45,43.71,20.02
2024-12-06,13.15,19.28,2.68,31.18,18.52
2024-12-07,13.28,18.53,1.62,20.31,16.73
2024-12-08,13.23,14.24,4.91,25.8,13.98
2024-12-09,13.09,13.41,2.88,36.85,13.69
2024-12-10,13.0,14.54,2.64,30.79,14.26
2024-12-11,12.98,15.2,2.37,26.67,14.98
2024-12-12,13.03,14.74,2.47,26.69,13.99
2024-12-13,13.0,14.29,3.68,28.36,14.03
2024-12-14,13.07,15.28,1.9,20.97,13.98
2024-12-15,13.18,15.64,2.47,21.75,14.49
2024-12-16,13.14,15.27,2.71,25.1,14.9
2024-12-17,12.96,14.61,3.38,21.82,14.03
2024-12-18,12.97,13.71,3.43,24.52,13.52
2024-12-19,12.9,13.59,3.51,32.62,13.3
2024-12-20,12.85,12.73,4.27,36.81,12.69
2024-12-21,12.76,13.4,3.56,37.15,13.35
2024-12-22,12.26,15.49,3.12,46.05,15.52
2024-12-23,11.24,14.58,3.54,45.64,15.04
2024-12-24,12.45,13.63,4.48,69.18,14.07
2024-12-25,12.1,13.83,3.74,56.3,14.16
2024-12-26,12.46,15.01,3.59,52.24,15.56
2024-12-27,9.95,15.62,3.76,49.49,15.92
2024-12-28,12.05,13.68,2.76,38.42,13.88
2024-12-29,8.61,13.71,3.47,42.41,13.58
2024-12-30,11.49,13.83,2.18,40.4,13.94
2024-12-31,11.94,14.71,3.27,36.07,14.79
2025-01-01,10.88,15.98,2.89,32.41,16.0
