Date,Solar Radiation (W/m²),Temperature (°C),Wind Speed (m/s),Humidity (% RH),Surface Temperature (°C)
20010101,12.75,14.02,3.7,64.45,14.48
20010102,14.26,15.14,1.81,48.59,15.18
20010103,14.71,15.32,2.46,40.87,15.53
20010104,14.52,14.95,2.78,33.94,14.95
20010105,15.24,14.98,2.93,29.8,14.51
20010106,15.48,14.79,2.53,23.25,14.68
20010107,11.67,14.08,3.13,25.95,14.15
20010108,11.38,13.41,2.82,33.4,13.84
20010109,14.86,13.54,2.49,30.46,13.23
20010110,15.56,14.18,2.6,20.89,13.28
20010111,15.3,15.12,2.46,16.64,14.22
20010112,15.44,16.28,2.64,14.46,15.77
20010113,15.9,15.39,2.88,18.09,14.89
20010114,15.91,16.51,2.09,20.39,15.03
20010115,16.39,16.06,2.78,20.86,15.63
20010116,16.12,16.48,2.7,18.04,15.28
20010117,16.57,15.81,3.35,15.7,14.94
20010118,16.39,15.09,3.56,17.06,15.18
20010119,15.91,15.18,3.04,17.53,15.49
20010120,15.67,16.22,2.09,16.35,15.26
20010121,14.89,17.22,3.48,33.31,16.36
20010122,16.72,14.79,4.27,25.92,14.68
20010123,17.8,13.06,3.77,19.9,13.45
20010124,17.09,15.01,2.17,20.98,13.69
20010125,17.4,16.15,3.5,14.0,14.9
20010126,17.22,17.44,2.72,15.07,16.76
20010127,17.86,18.08,2.43,20.16,17.78
20010128,16.87,19.13,2.01,14.15,18.24
20010129,17.15,19.12,4.25,21.15,18.82
20010130,17.91,14.67,4.52,12.95,15.55
20010131,19.75,11.86,3.08,14.25,12.36
20010201,18.89,13.76,2.46,11.88,12.89
20010202,18.94,16.27,1.48,8.64,13.42
20010203,19.31,15.88,2.92,8.89,13.81
20010204,18.01,17.31,2.2,7.86,14.59
20010205,18.93,16.96,2.71,9.27,15.72
20010206,18.13,17.13,2.72,11.21,17.08
20010207,17.96,17.62,3.07,13.94,17.76
20010208,18.09,18.99,2.1,16.02,18.38
20010209,18.62,20.14,3.71,17.04,18.89
20010210,19.79,18.19,3.31,11.92,18.24
20010211,19.95,19.45,1.93,10.92,17.84
20010212,19.57,19.43,3.26,9.2,19.33
20010213,8.09,20.72,3.98,11.15,20.62
20010214,17.93,16.43,4.46,30.63,17.45
20010215,18.28,18.02,4.44,29.26,18.79
20010216,16.83,19.56,2.44,19.83,19.26
20010217,18.75,20.88,2.09,17.88,20.82
20010218,18.89,20.74,2.84,20.49,20.86
20010219,17.86,22.53,2.24,17.9,22.55
20010220,18.49,22.69,4.98,22.16,22.83
20010221,20.16,21.53,2.19,19.92,22.05
20010222,17.12,23.29,5.42,21.72,23.51
20010223,16.64,25.31,4.25,39.36,26.44
20010224,11.78,23.38,2.72,42.44,23.65
20010225,20.88,21.96,4.0,25.97,22.61
20010226,22.64,19.16,3.07,12.88,20.41
20010227,21.08,20.17,2.92,8.5,20.98
20010228,22.01,20.59,3.28,8.86,21.61
20010301,21.95,20.67,2.74,10.52,21.22
20010302,20.66,21.11,2.53,10.84,21.22
20010303,22.13,21.76,2.08,9.61,21.83
20010304,22.78,22.0,2.31,10.66,21.75
20010305,22.32,22.97,2.56,9.75,22.12
20010306,19.88,23.53,4.76,8.88,23.51
20010307,22.51,24.71,2.42,17.66,25.19
20010308,22.39,26.19,1.6,12.02,25.59
20010309,22.43,26.72,1.95,10.77,26.22
20010310,22.78,27.11,2.3,11.42,27.15
20010311,23.37,27.39,2.82,11.59,27.49
20010312,21.92,26.16,3.66,11.83,26.18
20010313,21.64,25.42,3.68,19.76,27.09
20010314,23.21,24.7,2.47,10.49,26.76
20010315,23.57,25.38,3.38,13.51,27.37
20010316,24.48,25.7,2.91,10.83,26.72
20010317,23.47,27.6,2.64,11.53,27.25
20010318,23.19,28.25,4.2,18.46,29.6
20010319,17.41,27.7,2.9,25.05,28.36
20010320,22.48,25.59,4.22,31.32,27.81
20010321,19.52,24.74,1.92,20.97,26.49
20010322,24.38,26.64,2.18,18.22,29.14
20010323,24.35,27.51,2.62,15.22,29.22
20010324,18.8,27.37,3.61,14.19,26.87
20010325,23.86,28.03,3.52,22.3,29.79
20010326,24.45,28.98,3.04,20.53,30.62
20010327,21.03,29.5,6.01,34.15,30.32
20010328,23.38,26.92,7.75,25.14,28.03
20010329,24.23,24.68,3.91,16.18,26.41
20010330,24.43,24.21,3.93,22.73,25.75
20010331,25.87,27.08,2.06,17.67,28.39
20010401,25.96,28.54,1.84,10.86,28.17
20010402,26.02,28.06,3.22,11.26,29.01
20010403,26.43,29.02,4.12,12.69,30.21
20010404,25.17,28.46,3.86,12.28,29.57
20010405,27.03,27.52,3.78,15.12,29.0
20010406,26.14,30.01,2.14,10.45,31.88
20010407,26.05,30.86,4.09,8.03,32.23
20010408,26.29,30.86,5.27,8.3,32.16
20010409,26.28,31.3,5.66,16.11,32.69
20010410,25.04,31.41,7.33,19.74,32.76
20010411,22.99,31.18,5.92,27.68,32.61
20010412,21.99,30.6,3.61,21.19,32.87
20010413,23.55,30.74,2.41,16.03,32.66
20010414,20.13,30.05,2.79,21.08,32.67
20010415,23.64,30.7,1.84,23.59,34.44
20010416,16.81,31.87,1.32,24.78,33.73
20010417,25.67,29.58,3.33,31.71,31.64
20010418,24.1,29.19,2.93,30.93,31.36
20010419,21.83,27.76,5.01,36.55,29.43
20010420,24.71,27.34,2.28,37.72,30.69
20010421,27.17,31.24,3.22,20.99,32.01
20010422,26.57,31.82,4.29,16.94,33.15
20010423,27.65,33.08,4.6,14.87,35.11
20010424,26.36,33.37,4.49,16.04,34.8
20010425,26.34,34.77,1.57,15.42,37.71
20010426,24.42,35.06,4.68,16.8,36.19
20010427,26.48,35.17,5.79,14.12,37.08
20010428,26.96,35.51,5.77,20.74,37.71
20010429,24.9,35.33,5.14,30.31,38.06
20010430,25.09,36.64,5.13,26.62,39.95
20010501,26.91,36.36,6.5,20.53,38.31
20010502,26.97,36.73,3.95,21.17,39.57
20010503,26.58,37.14,3.07,15.36,40.04
20010504,26.94,37.51,2.99,13.99,39.45
20010505,27.94,38.23,5.51,16.09,40.29
20010506,26.26,38.21,6.73,20.43,40.29
20010507,25.64,37.37,8.7,24.43,39.5
20010508,25.11,36.36,7.38,30.05,39.09
20010509,23.93,36.09,5.55,31.53,39.26
20010510,26.24,37.05,6.79,22.28,39.01
20010511,27.25,36.93,8.9,27.75,38.7
20010512,27.28,36.87,7.37,24.14,38.84
20010513,27.65,36.6,6.78,23.71,38.81
20010514,27.01,34.85,7.1,32.99,37.47
20010515,25.18,35.05,4.57,37.49,38.63
20010516,24.84,35.19,5.26,38.37,38.17
20010517,25.91,35.13,6.46,34.95,37.94
20010518,25.12,32.88,5.37,44.57,35.61
20010519,25.54,33.87,4.64,41.08,37.03
20010520,23.7,30.87,5.55,56.89,31.59
20010521,22.6,32.64,5.28,48.79,34.38
20010522,25.09,33.89,3.89,43.3,36.68
20010523,25.96,35.97,4.74,31.84,38.47
20010524,24.72,37.61,7.27,24.53,39.37
20010525,26.2,36.09,8.99,28.68,37.79
20010526,27.13,36.55,6.49,32.97,39.17
20010527,27.89,37.16,6.78,32.17,40.26
20010528,27.64,37.11,6.45,33.61,40.27
20010529,27.0,36.27,5.51,35.24,40.14
20010530,27.56,36.38,5.13,40.47,40.68
20010531,26.85,36.8,6.99,38.21,40.23
20010601,26.03,36.25,8.4,35.66,38.9
20010602,25.88,35.81,7.3,36.21,38.93
20010603,24.82,36.14,7.4,34.43,38.91
20010604,22.97,36.18,7.36,34.95,39.18
20010605,18.84,35.1,6.32,38.51,38.38
20010606,20.83,35.77,5.53,35.76,39.25
20010607,19.07,35.93,5.06,32.43,39.15
20010608,22.16,36.39,3.87,25.44,40.04
20010609,24.27,37.16,5.13,24.24,40.29
20010610,25.12,37.63,4.13,26.89,41.72
20010611,26.19,38.33,2.1,21.98,43.02
20010612,23.91,39.29,1.76,19.15,43.5
20010613,24.54,36.85,5.62,38.5,40.92
20010614,22.34,35.5,4.08,43.55,39.58
20010615,23.61,36.07,2.1,41.62,40.37
20010616,23.69,33.67,4.13,50.01,35.39
20010617,22.9,34.47,5.02,46.95,36.75
20010618,26.04,34.81,2.71,45.94,39.41
20010619,26.21,36.81,5.43,37.49,40.2
20010620,24.67,36.6,9.3,38.7,39.43
20010621,22.84,35.43,9.0,41.26,38.2
20010622,24.75,35.36,8.18,41.16,38.34
20010623,24.14,35.27,6.99,40.66,38.68
20010624,22.37,35.82,3.84,36.35,39.92
20010625,25.44,36.52,5.24,34.41,40.11
20010626,27.02,36.78,6.47,35.85,40.29
20010627,26.81,36.29,5.88,36.36,40.07
20010628,26.08,36.16,6.18,37.6,39.81
20010629,24.59,35.79,5.96,40.02,39.94
20010630,25.14,35.89,5.23,40.07,40.32
20010701,20.63,34.66,4.95,44.94,38.56
20010702,22.19,34.36,5.23,46.77,37.13
20010703,22.37,32.37,3.82,62.69,34.1
20010704,19.68,30.98,4.07,71.63,31.77
20010705,24.72,34.52,3.95,51.66,36.95
20010706,26.78,34.6,4.21,52.35,37.93
20010707,26.18,35.61,4.25,48.52,39.62
20010708,19.49,33.06,3.22,60.59,35.14
20010709,20.44,33.31,2.78,57.81,35.43
20010710,23.37,33.72,3.58,57.16,35.21
20010711,23.78,33.55,5.15,57.76,35.49
20010712,21.49,32.0,4.82,60.39,35.11
20010713,20.09,31.46,6.96,56.67,34.03
20010714,23.98,32.4,8.83,55.48,34.81
20010715,21.25,32.74,10.5,56.6,35.03
20010716,14.93,32.58,9.44,55.11,34.81
20010717,20.94,32.89,5.56,53.77,36.51
20010718,21.3,34.01,3.59,48.66,38.81
20010719,25.78,35.17,4.77,44.03,38.82
20010720,23.3,34.8,6.64,46.56,37.49
20010721,17.56,33.82,6.77,49.01,36.22
20010722,23.24,33.82,5.91,51.75,37.21
20010723,17.31,34.15,3.19,50.34,37.96
20010724,20.37,34.01,3.3,53.58,36.84
20010725,21.24,30.77,3.31,72.59,32.49
20010726,21.8,31.0,4.07,66.28,33.64
20010727,23.32,32.46,4.57,56.73,34.75
20010728,24.63,33.17,6.71,52.66,35.8
20010729,20.59,32.17,7.63,52.4,34.43
20010730,15.57,31.37,4.39,53.22,34.43
20010731,19.02,32.72,3.42,48.07,36.1
20010801,21.83,33.24,5.62,45.12,35.99
20010802,23.42,32.24,5.58,47.29,34.97
20010803,23.38,32.87,4.31,46.46,36.21
20010804,21.88,34.89,2.68,38.55,38.13
20010805,17.39,34.93,3.1,43.61,36.65
20010806,15.15,33.14,3.29,53.42,35.63
20010807,19.31,33.56,3.87,51.85,36.57
20010808,20.5,33.23,2.92,53.52,36.04
20010809,19.68,33.06,2.36,54.21,35.85
20010810,15.82,32.14,1.81,60.25,33.32
20010811,22.69,31.11,1.74,71.57,31.72
20010812,22.87,31.52,2.46,69.42,32.52
20010813,25.4,32.44,4.73,61.21,34.33
20010814,24.64,32.87,6.46,57.51,34.7
20010815,24.41,32.81,3.94,55.54,35.82
20010816,18.25,32.73,3.74,53.75,35.58
20010817,23.94,33.14,4.95,48.22,35.82
20010818,24.59,32.39,5.67,45.32,34.59
20010819,24.68,32.23,5.45,48.73,34.66
20010820,24.09,32.61,4.28,49.65,35.63
20010821,23.76,33.27,3.91,44.94,36.28
20010822,24.14,33.47,5.63,45.29,35.88
20010823,24.07,32.49,4.93,48.66,35.27
20010824,24.25,32.79,4.35,46.41,35.57
20010825,24.86,33.01,5.15,44.79,35.65
20010826,24.64,32.01,5.99,43.13,34.24
20010827,24.57,31.41,7.12,46.44,33.3
20010828,24.37,31.75,7.39,47.48,33.49
20010829,24.39,31.63,7.77,49.66,33.39
20010830,22.85,31.18,5.56,51.18,33.64
20010831,22.17,31.82,5.08,50.61,34.37
20010901,22.85,32.65,3.63,46.72,35.58
20010902,21.84,33.26,4.32,43.33,35.79
20010903,22.9,32.85,5.47,43.9,35.01
20010904,18.97,32.04,5.11,47.22,34.33
20010905,21.38,31.57,4.45,49.77,34.06
20010906,19.58,31.89,3.83,48.46,34.59
20010907,21.65,32.8,3.56,42.45,35.45
20010908,22.57,33.12,3.39,38.82,35.85
20010909,23.39,33.48,4.72,37.72,35.53
20010910,23.16,32.25,6.19,41.03,33.96
20010911,22.7,31.78,5.78,42.59,33.77
20010912,23.07,31.58,4.83,44.69,33.67
20010913,22.84,32.02,3.38,42.06,34.69
20010914,22.75,31.93,3.52,42.44,34.41
20010915,18.96,32.67,1.65,39.53,35.89
20010916,20.93,33.16,2.35,32.57,34.96
20010917,22.49,32.85,3.03,27.16,34.23
20010918,22.27,32.19,4.41,27.93,33.46
20010919,23.11,31.85,4.56,33.5,33.51
20010920,22.16,31.33,4.85,34.82,32.96
20010921,22.79,32.15,2.59,30.92,33.79
20010922,21.73,33.46,1.45,23.5,34.29
20010923,21.63,33.96,1.34,19.71,33.86
20010924,22.17,33.95,1.28,16.36,34.25
20010925,22.04,33.81,1.74,15.74,34.07
20010926,21.81,34.24,1.53,14.15,34.46
20010927,22.56,34.65,1.43,12.12,33.69
20010928,22.35,33.65,2.27,11.65,33.6
20010929,22.27,32.91,2.84,11.86,32.97
20010930,21.66,32.11,2.95,13.73,32.4
20011001,20.39,31.54,4.27,43.41,33.08
20011002,20.75,29.64,4.4,56.58,31.39
20011003,20.61,31.43,2.86,36.15,33.15
20011004,20.64,31.82,2.45,35.77,33.64
20011005,19.61,32.55,1.69,23.87,33.56
20011006,18.84,31.97,2.29,21.46,32.98
20011007,18.95,32.01,2.23,19.25,32.74
20011008,20.33,32.38,2.16,15.4,32.07
20011009,21.06,32.36,1.81,13.19,31.8
20011010,19.7,31.68,2.69,16.9,31.16
20011011,19.52,30.94,4.16,33.85,31.83
20011012,18.82,31.06,2.8,44.84,33.13
20011013,18.58,28.73,2.54,20.07,29.12
20011014,17.45,29.37,1.78,14.06,28.12
20011015,17.64,29.12,1.88,14.87,28.25
20011016,17.69,28.29,2.16,14.35,28.19
20011017,19.6,28.59,2.06,11.27,27.81
20011018,19.92,28.41,3.19,11.42,27.54
20011019,19.54,29.33,2.3,12.05,27.98
20011020,19.61,28.95,2.15,14.47,28.06
20011021,19.4,28.32,2.32,16.24,27.85
20011022,19.22,28.73,1.91,16.23,28.48
20011023,18.98,30.05,1.71,13.36,28.42
20011024,19.31,29.68,2.77,14.27,28.03
20011025,18.82,28.96,3.59,16.07,28.31
20011026,18.8,29.58,1.87,13.33,28.08
20011027,18.19,29.35,2.08,13.37,28.7
20011028,17.02,27.9,3.02,16.78,28.26
20011029,17.34,28.09,2.64,18.03,28.35
20011030,17.19,28.17,2.74,17.94,28.06
20011031,16.93,29.38,2.17,16.01,28.08
20011101,17.79,28.88,3.57,17.57,28.46
20011102,17.62,28.37,5.18,21.14,28.16
20011103,16.99,26.21,4.09,26.43,26.14
20011104,17.45,24.5,2.12,14.09,24.11
20011105,17.09,22.65,2.76,15.75,23.41
20011106,15.82,22.59,3.38,15.27,22.91
20011107,16.35,21.81,3.85,18.61,21.94
20011108,17.29,21.73,3.0,17.92,21.29
20011109,17.34,22.83,1.98,17.23,21.66
20011110,17.02,23.18,2.35,15.97,22.55
20011111,17.49,22.83,2.66,16.8,22.8
20011112,16.85,22.38,3.04,17.59,22.24
20011113,16.71,23.81,1.63,14.51,22.04
20011114,17.13,24.84,1.79,12.98,21.76
20011115,17.59,24.05,2.06,13.28,21.88
20011116,17.11,22.53,2.82,15.82,22.28
20011117,16.43,22.05,2.96,18.94,21.6
20011118,16.17,22.92,2.01,18.62,21.45
20011119,16.18,23.53,1.97,16.58,21.46
20011120,15.3,23.83,2.62,19.23,22.79
20011121,15.22,23.26,2.92,19.79,23.81
20011122,15.75,22.27,3.17,19.21,22.43
20011123,15.7,22.3,2.08,18.53,21.34
20011124,16.39,22.62,2.33,16.72,20.56
20011125,16.55,21.07,2.58,17.15,20.78
20011126,15.98,20.4,2.28,18.99,20.13
20011127,16.0,20.06,2.94,22.11,19.88
20011128,15.75,20.75,1.86,20.0,19.55
20011129,15.71,20.64,2.24,18.21,19.2
20011130,15.46,19.7,2.62,18.92,19.21
20011201,15.61,20.67,2.14,15.92,18.32
20011202,15.35,20.75,2.03,14.48,18.59
20011203,15.19,20.88,2.62,16.4,19.05
20011204,15.15,21.85,2.09,18.53,19.83
20011205,14.59,20.55,2.29,23.77,19.99
20011206,14.75,21.55,2.14,24.36,20.42
20011207,13.38,22.87,2.2,22.43,20.59
20011208,13.75,22.2,2.9,25.18,20.73
20011209,14.12,22.66,2.45,27.6,21.0
20011210,14.14,22.32,1.77,26.19,21.1
20011211,14.4,20.42,2.45,24.88,19.54
20011212,11.68,17.34,3.39,29.79,17.45
20011213,14.04,18.73,1.41,23.04,17.33
20011214,10.55,20.18,1.56,17.81,18.46
20011215,13.04,18.36,2.37,27.01,18.21
20011216,12.87,16.92,3.23,27.96,17.53
20011217,13.22,17.43,2.9,37.0,17.88
20011218,12.81,18.47,2.53,37.19,18.65
20011219,14.31,18.33,2.6,31.83,17.7
20011220,15.32,17.35,1.99,26.25,16.14
20011221,15.44,16.18,2.3,24.67,15.25
20011222,15.62,15.58,2.77,22.43,15.11
20011223,14.87,15.1,2.62,20.72,14.95
20011224,14.27,14.93,2.79,22.41,15.01
20011225,12.13,16.55,2.63,20.9,16.45
20011226,13.39,16.69,2.92,21.34,16.12
20011227,13.15,16.12,3.14,28.47,15.71
20011228,13.01,16.82,2.4,27.75,15.92
20011229,13.45,16.38,2.73,25.91,16.05
20011230,14.32,16.43,2.98,22.94,16.07
20011231,15.05,17.39,2.14,19.49,16.17
20020101,15.08,17.29,2.79,17.8,16.27
20020102,15.13,16.84,2.99,18.89,16.41
20020103,13.47,16.35,2.78,23.48,15.48
20020104,13.71,16.07,3.04,27.42,16.04
20020105,13.55,15.25,3.45,30.99,15.35
20020106,13.71,14.77,2.88,28.75,14.44
20020107,12.59,14.07,3.12,29.62,13.48
20020108,12.17,13.3,3.11,34.21,13.01
20020109,13.79,14.59,3.0,30.59,14.28
20020110,14.52,16.54,2.66,22.96,15.95
20020111,15.01,17.89,2.17,18.62,16.97
20020112,15.23,20.82,2.38,17.21,18.68
20020113,14.11,20.24,4.05,26.84,19.44
20020114,14.19,20.53,3.2,62.05,21.04
20020115,15.49,18.65,3.17,24.86,18.16
20020116,15.66,15.78,1.63,14.52,14.28
20020117,11.47,13.21,2.95,21.8,12.66
20020118,16.36,13.33,2.63,22.15,12.61
20020119,16.03,13.76,1.59,19.14,12.13
20020120,16.21,14.04,1.91,23.28,12.24
20020121,16.3,14.89,1.46,30.78,13.3
20020122,16.0,14.89,1.58,28.12,13.51
20020123,16.02,16.09,1.1,21.71,14.34
20020124,15.35,17.1,3.41,31.24,16.65
20020125,16.12,17.32,2.56,42.77,18.11
20020126,16.42,15.65,1.96,24.03,16.14
20020127,16.79,15.69,1.86,21.63,14.51
20020128,17.73,15.33,2.19,20.18,14.24
20020129,17.51,15.16,2.94,18.77,14.56
20020130,17.68,15.05,2.12,17.93,14.62
20020131,17.14,15.33,2.91,15.91,14.6
20020201,17.02,17.27,2.15,17.4,16.73
20020202,17.03,17.71,3.44,20.69,16.48
20020203,19.17,14.08,3.25,14.01,13.49
20020204,18.95,15.59,2.22,14.69,14.79
20020205,17.93,16.62,2.88,11.04,16.08
20020206,18.15,16.14,3.3,14.07,15.74
20020207,18.98,12.62,5.19,10.84,12.98
20020208,18.86,11.47,3.05,8.64,12.07
20020209,18.61,12.37,3.69,13.66,12.37
20020210,18.84,11.38,4.22,24.11,12.13
20020211,18.8,13.03,3.01,18.84,12.97
20020212,18.74,15.47,2.65,14.5,15.62
20020213,19.14,15.28,3.66,43.95,16.05
20020214,18.48,17.67,2.12,28.36,18.1
20020215,19.32,20.0,2.09,19.8,19.91
20020216,19.46,21.02,2.03,17.33,20.82
20020217,19.47,23.14,1.45,14.23,21.92
20020218,19.38,21.83,2.45,16.74,22.3
20020219,19.04,20.17,2.92,21.09,20.62
20020220,18.67,23.33,2.17,17.37,22.24
20020221,18.19,23.62,4.02,26.17,24.32
20020222,11.73,21.68,4.22,47.22,22.17
20020223,19.56,22.89,2.47,47.16,24.68
20020224,19.2,20.95,3.47,40.36,23.07
20020225,20.3,20.28,2.18,27.28,22.2
20020226,14.86,22.25,3.54,19.41,22.84
20020227,19.35,20.51,3.73,29.48,22.0
20020228,19.1,23.88,1.81,26.42,24.57
20020301,18.35,24.52,4.6,35.21,26.1
20020302,21.11,19.78,4.21,43.7,21.37
20020303,23.2,20.67,2.38,16.65,20.46
20020304,21.69,22.84,1.48,13.17,22.15
20020305,22.96,23.56,1.84,12.93,22.94
20020306,23.18,23.64,1.99,12.21,24.36
20020307,20.69,24.72,2.89,13.22,24.59
20020308,20.88,24.96,2.54,29.78,26.53
20020309,19.86,24.0,3.45,26.66,25.38
20020310,21.75,22.22,3.31,33.9,24.4
20020311,20.79,23.61,2.79,21.1,25.2
20020312,21.99,25.57,2.4,19.7,26.17
20020313,22.74,25.53,2.1,19.98,26.85
20020314,24.46,26.03,1.67,12.61,26.18
20020315,23.87,26.42,1.64,9.05,26.28
20020316,24.13,27.06,2.84,9.56,26.44
20020317,24.21,27.96,2.69,11.04,27.58
20020318,24.71,29.53,1.34,10.0,28.94
20020319,22.44,30.4,1.65,11.98,30.61
20020320,16.42,28.37,3.13,19.33,28.88
20020321,23.01,28.24,3.57,23.66,29.45
20020322,23.28,28.54,2.13,18.59,28.99
20020323,23.06,29.56,3.59,18.86,30.26
20020324,24.29,28.97,5.52,25.72,30.31
20020325,25.64,25.45,4.73,16.45,27.21
20020326,25.87,25.32,3.42,12.08,26.81
20020327,26.31,27.77,2.0,9.39,27.63
20020328,26.22,29.39,1.0,7.84,29.02
20020329,25.8,29.92,2.77,8.41,29.78
20020330,25.39,30.6,4.06,12.18,31.91
20020331,24.28,31.83,4.28,16.23,33.43
20020401,25.52,31.39,3.62,12.03,32.04
20020402,26.06,27.95,3.98,8.16,29.48
20020403,25.57,29.58,2.3,9.47,30.73
20020404,25.79,30.58,4.27,9.69,31.64
20020405,22.27,32.65,4.94,17.26,33.85
20020406,22.48,30.78,3.81,21.91,31.74
20020407,21.63,29.74,2.51,22.91,32.05
20020408,22.97,28.66,2.69,25.02,31.97
20020409,26.35,29.38,2.39,19.74,31.88
20020410,26.99,31.23,2.59,13.18,31.3
20020411,27.25,30.56,4.25,16.03,31.76
20020412,26.51,31.75,3.72,14.1,33.53
20020413,23.59,32.01,3.73,19.73,34.36
20020414,25.2,31.56,5.06,21.88,33.62
20020415,24.9,31.67,6.08,23.36,33.51
20020416,20.99,30.81,3.7,19.36,33.14
20020417,21.73,31.19,2.79,19.91,32.56
20020418,24.91,32.21,2.12,21.74,35.75
20020419,26.23,34.2,2.72,15.53,36.53
20020420,27.33,33.49,4.41,16.0,35.87
20020421,26.97,33.92,3.09,18.18,36.95
20020422,27.57,34.4,5.17,18.92,36.44
20020423,22.86,34.86,6.15,20.44,36.72
20020424,25.16,33.43,5.05,17.2,35.66
20020425,29.55,32.09,4.63,4.91,32.61
20020426,27.87,32.05,2.53,5.41,32.65
20020427,27.01,34.36,4.47,7.3,34.77
20020428,25.28,34.21,4.78,8.04,35.15
20020429,27.09,32.98,2.75,6.58,35.34
20020430,26.24,36.06,4.1,8.44,36.58
20020501,26.74,34.53,2.91,16.14,37.0
20020502,25.28,35.93,2.66,10.96,38.11
20020503,26.15,36.43,2.42,10.08,39.09
20020504,26.84,38.55,1.7,9.85,40.41
20020505,27.5,37.82,4.42,10.49,39.32
20020506,29.1,36.23,4.78,10.02,38.28
20020507,27.41,35.92,4.54,13.14,38.56
20020508,27.27,35.36,5.36,18.11,38.14
20020509,24.51,35.94,7.82,26.65,37.93
20020510,26.77,36.1,6.59,30.92,38.51
20020511,27.92,37.2,6.31,21.88,39.31
20020512,27.19,36.77,7.84,35.35,38.9
20020513,26.02,36.93,7.61,35.37,39.45
20020514,25.07,36.5,7.77,35.79,38.9
20020515,25.04,36.63,5.14,35.35,40.15
20020516,20.61,38.33,3.04,25.69,42.03
20020517,25.16,39.29,3.64,14.64,41.91
20020518,27.52,37.49,8.12,10.62,38.55
20020519,23.84,35.33,8.81,19.78,36.86
20020520,29.67,34.25,5.74,6.94,35.23
20020521,29.13,34.97,5.0,5.33,35.75
20020522,27.59,36.46,5.68,16.9,37.91
20020523,25.13,36.67,6.68,29.81,39.06
20020524,26.47,37.3,6.32,25.48,39.97
20020525,24.22,36.58,8.24,30.56,38.79
20020526,24.32,35.66,7.08,35.51,38.49
20020527,24.2,36.02,8.95,36.9,38.43
20020528,24.16,35.45,6.29,35.99,38.79
20020529,24.05,35.67,4.08,36.31,39.35
20020530,26.09,37.86,1.72,21.86,41.8
20020531,26.6,33.86,2.51,43.19,34.98
20020601,22.07,35.11,3.91,29.55,37.15
20020602,25.74,36.31,3.49,24.81,39.13
20020603,24.74,37.12,3.29,25.65,40.09
20020604,26.48,36.97,5.34,27.57,39.55
20020605,26.63,36.66,5.8,27.42,39.06
20020606,25.89,36.95,6.08,29.97,39.59
20020607,25.59,36.4,6.77,33.04,39.28
20020608,26.38,36.6,6.62,31.04,39.49
20020609,26.63,36.94,7.69,27.49,39.09
20020610,27.36,37.24,6.19,26.18,39.79
20020611,27.79,37.94,4.78,21.44,40.76
20020612,27.27,38.59,4.14,18.96,41.48
20020613,26.82,38.58,4.76,20.2,41.44
20020614,26.14,38.0,5.23,24.6,41.09
20020615,27.15,38.48,5.32,28.34,42.0
20020616,28.05,38.54,3.41,29.47,43.59
20020617,27.39,38.41,5.18,33.1,42.65
20020618,26.01,37.55,4.74,36.48,42.3
20020619,26.23,37.22,5.38,38.04,41.66
20020620,26.23,38.63,4.85,33.07,42.78
20020621,26.78,38.24,5.95,27.95,41.73
20020622,25.87,38.17,6.01,29.13,41.37
20020623,26.36,38.65,7.26,27.67,41.39
20020624,25.92,38.64,5.17,26.94,41.97
20020625,23.89,39.54,3.35,25.2,43.78
20020626,22.82,40.08,4.67,27.81,44.31
20020627,22.96,39.11,4.73,31.21,42.83
20020628,26.0,39.08,3.27,31.69,43.41
20020629,24.37,39.14,2.62,32.02,43.07
20020630,24.57,38.86,4.11,32.22,42.66
20020701,24.11,38.06,7.39,33.35,40.91
20020702,25.28,38.35,7.21,33.93,41.42
20020703,23.88,37.46,7.74,37.53,40.48
20020704,21.64,37.05,6.77,38.57,40.46
20020705,20.35,36.88,6.73,35.21,40.06
20020706,18.63,36.66,6.77,33.68,39.62
20020707,21.34,36.32,6.12,35.06,39.67
20020708,22.41,36.23,6.45,34.81,39.41
20020709,23.27,35.51,7.43,38.29,38.88
20020710,23.71,35.81,5.93,34.63,39.06
20020711,25.27,36.35,4.88,32.15,39.8
20020712,24.84,36.39,5.88,32.77,39.45
20020713,26.1,36.16,4.98,33.31,39.82
20020714,24.71,35.75,6.06,34.14,38.72
20020715,24.65,35.87,5.67,34.28,39.26
20020716,27.0,36.21,5.36,35.54,39.75
20020717,25.49,36.47,5.06,33.64,40.05
20020718,26.27,37.59,3.24,30.09,42.33
20020719,25.89,39.01,4.28,28.09,43.21
20020720,24.38,37.37,8.59,34.48,40.26
20020721,22.79,35.53,7.78,38.81,38.86
20020722,17.99,34.91,7.85,41.04,38.09
20020723,14.59,34.47,6.74,41.05,37.85
20020724,17.5,34.46,7.86,39.93,37.35
20020725,20.64,34.56,7.65,42.74,37.63
20020726,21.11,34.68,7.64,42.37,37.48
20020727,23.53,35.23,6.16,38.52,38.35
20020728,22.77,35.41,5.81,36.78,38.72
20020729,23.06,35.81,5.32,35.44,39.19
20020730,20.01,36.49,4.66,31.97,39.61
20020731,22.72,36.76,3.77,31.59,40.52
20020801,23.05,37.33,1.89,26.06,42.03
20020802,22.41,37.94,3.24,22.81,41.11
20020803,23.77,37.81,4.18,23.44,40.84
20020804,22.16,36.61,4.66,28.96,39.6
20020805,21.71,36.62,3.58,31.95,39.83
20020806,22.78,36.76,3.76,32.04,40.76
20020807,22.48,37.46,3.72,29.63,41.59
20020808,23.98,36.09,4.45,33.75,38.75
20020809,19.32,36.01,5.04,35.36,39.29
20020810,23.48,36.05,6.07,35.92,39.41
20020811,22.03,35.71,8.13,41.05,38.54
20020812,23.41,34.5,6.7,43.64,37.87
20020813,17.65,34.71,6.1,41.19,37.84
20020814,12.99,34.05,5.17,42.36,37.42
20020815,16.07,35.17,2.32,36.39,38.97
20020816,17.85,36.43,3.87,32.13,39.22
20020817,20.17,35.31,5.14,31.63,37.73
20020818,20.02,34.26,4.64,34.36,37.0
20020819,22.53,35.31,3.48,32.39,38.78
20020820,22.15,35.12,5.67,31.2,37.63
20020821,23.04,34.65,5.77,34.89,37.21
20020822,22.2,34.81,4.38,34.96,37.74
20020823,18.98,35.07,2.16,36.31,38.95
20020824,18.71,36.2,3.83,36.03,39.0
20020825,23.42,35.54,5.26,39.94,38.3
20020826,21.49,34.29,4.65,46.26,37.96
20020827,17.82,32.88,6.54,45.46,35.87
20020828,25.48,33.04,5.78,44.29,36.23
20020829,23.97,33.38,4.6,41.01,36.74
20020830,23.57,34.61,2.25,38.43,39.36
20020831,22.31,35.9,3.01,35.33,39.69
20020901,20.16,35.67,2.69,39.8,38.17
20020902,19.9,33.85,2.34,50.22,35.46
20020903,20.49,34.33,1.97,45.91,36.53
20020904,20.68,35.05,1.5,37.5,38.05
20020905,19.97,35.64,1.83,32.3,38.23
20020906,18.76,35.41,2.64,29.89,37.77
20020907,19.23,32.77,3.06,32.81,34.98
20020908,21.02,32.76,3.49,32.78,35.53
20020909,21.67,32.36,4.07,30.32,34.88
20020910,21.56,32.48,3.81,28.43,34.82
20020911,22.3,33.27,2.7,23.85,35.67
20020912,21.77,32.83,2.77,21.49,34.39
20020913,22.2,32.34,3.45,27.1,34.76
20020914,21.04,31.4,5.42,35.98,33.67
20020915,21.56,31.14,5.42,33.29,33.35
20020916,21.72,31.15,5.29,36.02,33.36
20020917,21.29,31.06,6.57,41.73,33.04
20020918,21.38,31.67,4.65,41.73,33.99
20020919,19.26,32.29,3.03,37.1,34.75
20020920,20.8,33.2,1.5,30.87,35.34
20020921,20.87,33.41,3.34,27.04,35.2
20020922,21.46,33.38,3.23,27.23,35.34
20020923,21.29,33.1,3.51,24.73,34.93
20020924,21.57,32.51,5.19,23.87,34.01
20020925,22.29,30.99,4.47,33.88,32.83
20020926,20.19,31.28,3.26,30.5,33.19
20020927,20.03,31.77,3.78,24.1,33.13
20020928,19.93,32.43,3.25,22.54,33.57
20020929,20.27,31.84,3.18,24.9,33.05
20020930,18.72,31.81,3.07,23.56,32.93
20021001,20.45,31.85,2.81,21.21,33.16
20021002,20.96,32.8,2.08,13.15,33.21
20021003,21.57,32.54,2.53,11.16,32.4
20021004,21.64,32.43,2.06,12.04,33.04
20021005,20.84,32.79,1.59,11.68,33.18
20021006,20.59,32.37,3.62,12.92,33.05
20021007,19.41,31.57,3.68,12.86,32.08
20021008,20.25,31.26,2.91,14.78,32.0
20021009,20.06,31.6,2.94,22.26,33.14
20021010,20.31,32.02,3.22,21.24,33.57
20021011,19.16,31.7,2.72,16.84,33.03
20021012,19.83,31.93,2.35,12.44,32.09
20021013,19.88,30.58,2.84,12.7,31.61
20021014,17.72,28.37,3.01,23.83,29.35
20021015,18.18,29.2,2.64,29.43,30.47
20021016,16.81,29.64,2.04,24.11,30.68
20021017,17.56,29.58,2.36,20.95,30.86
20021018,17.34,30.25,1.41,17.2,29.87
20021019,18.27,30.6,2.24,13.48,29.91
20021020,18.71,30.83,2.23,14.6,29.96
20021021,16.96,29.01,2.31,18.27,29.41
20021022,16.85,26.08,3.58,23.54,26.86
20021023,16.97,26.89,1.79,17.57,26.21
20021024,17.12,27.02,2.11,14.67,26.89
20021025,16.85,26.98,2.26,14.75,27.18
20021026,17.36,28.94,1.58,12.3,27.27
20021027,18.31,28.6,2.45,13.84,27.14
20021028,17.43,28.91,2.37,14.18,27.39
20021029,17.76,28.02,2.93,13.86,27.26
20021030,16.65,26.85,2.37,14.21,26.47
20021031,15.69,25.97,2.45,16.63,25.85
20021101,15.28,25.97,2.93,17.21,26.14
20021102,15.22,26.23,2.49,17.03,26.79
20021103,14.24,25.38,2.41,18.06,24.64
20021104,15.32,27.09,2.19,15.89,27.6
20021105,13.68,26.32,2.79,17.91,27.33
20021106,10.22,25.06,3.05,24.86,25.9
20021107,11.79,23.61,2.88,41.35,24.99
20021108,11.69,23.79,3.12,31.44,25.02
20021109,9.62,24.76,2.42,32.17,26.19
20021110,9.87,24.46,3.57,34.03,25.75
20021111,11.51,23.02,3.31,42.22,24.72
20021112,16.76,20.69,2.92,52.1,22.43
20021113,16.46,21.4,2.69,43.31,22.24
20021114,16.86,22.96,1.48,32.62,22.05
20021115,16.53,23.38,2.56,24.57,22.58
20021116,16.4,24.15,2.71,20.21,23.4
20021117,15.75,25.7,2.5,21.18,23.86
20021118,16.68,24.3,3.26,20.83,23.57
20021119,15.93,22.28,4.05,18.22,22.06
20021120,15.25,21.56,2.23,19.96,20.51
20021121,15.96,22.28,2.61,16.54,21.33
20021122,15.35,21.4,2.98,16.59,21.63
20021123,14.63,21.55,2.45,15.5,21.62
20021124,13.61,23.22,1.94,12.45,21.93
20021125,15.39,22.61,1.49,12.6,19.98
20021126,15.64,22.0,2.12,13.58,19.95
20021127,15.32,20.23,2.67,15.7,19.69
20021128,15.81,19.53,2.63,17.03,18.67
20021129,15.24,19.77,2.97,17.47,18.9
20021130,15.31,21.68,1.95,13.98,18.7
20021201,15.21,20.41,2.47,16.73,18.8
20021202,15.29,19.19,2.53,16.53,18.77
20021203,14.84,18.77,2.56,14.81,18.09
20021204,14.5,18.47,2.62,15.35,17.02
20021205,14.47,18.02,2.44,18.18,17.32
20021206,13.47,15.7,4.55,24.79,16.0
20021207,13.91,14.8,3.34,26.49,15.37
20021208,13.81,15.78,3.41,29.73,15.94
20021209,14.4,15.77,2.77,21.8,15.91
20021210,14.49,17.6,2.08,15.53,15.9
20021211,13.33,17.45,2.65,14.48,17.0
20021212,13.16,17.81,3.05,12.29,17.7
20021213,12.77,18.81,2.21,11.27,18.84
20021214,13.21,18.79,2.35,13.72,18.51
20021215,13.74,19.9,2.42,13.7,18.77
20021216,13.98,20.85,1.88,16.41,18.86
20021217,13.33,19.32,2.88,21.5,19.09
20021218,13.39,19.79,1.83,26.25,19.14
20021219,12.49,21.26,1.41,24.75,19.3
20021220,13.46,20.83,1.64,29.54,20.11
20021221,13.31,19.44,2.29,33.43,19.41
20021222,13.35,19.91,2.01,31.61,19.41
20021223,9.74,19.67,2.34,29.12,19.1
20021224,11.99,17.71,3.01,36.97,17.61
20021225,8.33,14.34,2.83,57.43,15.32
20021226,11.87,15.12,2.21,49.51,15.45
20021227,13.52,16.67,1.62,36.35,15.86
20021228,13.58,17.65,1.38,31.15,15.92
20021229,13.89,17.29,2.38,27.88,15.81
20021230,10.66,17.03,1.56,41.2,16.37
20021231,14.0,13.51,3.74,42.7,12.94
20030101,15.82,13.34,2.97,37.01,12.81
20030102,14.43,14.17,2.28,49.72,14.03
20030103,13.66,13.77,3.28,41.76,13.14
20030104,13.36,13.78,1.95,35.8,12.29
20030105,14.36,14.08,1.73,30.96,12.71
20030106,14.64,14.44,2.45,26.52,13.05
20030107,14.36,14.75,2.75,25.95,13.63
20030108,14.59,14.12,3.06,27.89,13.82
20030109,15.31,14.24,3.35,26.57,14.41
20030110,14.56,13.69,4.18,27.13,13.54
20030111,14.7,14.42,2.68,25.33,13.49
20030112,15.65,14.17,3.39,22.51,14.23
20030113,15.47,14.81,2.99,21.26,14.05
20030114,15.36,15.85,2.14,17.54,14.52
20030115,16.67,15.52,3.45,17.15,14.93
20030116,15.87,15.11,3.09,18.33,14.84
20030117,15.47,15.78,2.93,18.48,15.66
20030118,15.25,16.52,3.18,19.71,16.63
20030119,15.24,15.05,3.02,20.9,14.95
20030120,15.58,15.92,2.62,17.56,15.1
20030121,15.64,17.46,2.0,15.53,15.74
20030122,15.77,19.07,1.64,18.63,16.71
20030123,14.38,18.87,3.16,26.7,17.58
20030124,16.31,19.68,1.71,19.09,17.92
20030125,15.05,20.99,2.74,19.38,19.8
20030126,15.0,22.14,2.79,29.01,21.91
20030127,6.95,18.82,2.53,36.88,19.87
20030128,16.03,17.31,1.74,51.31,17.77
20030129,16.23,18.31,1.84,35.3,18.69
20030130,14.31,19.41,3.2,34.85,20.34
20030131,9.17,17.29,3.71,55.48,18.27
20030201,16.88,16.21,2.8,49.83,17.47
20030202,17.44,14.73,4.8,46.16,15.14
20030203,17.61,13.38,2.93,42.98,14.19
20030204,18.15,14.91,2.41,33.7,14.24
20030205,17.51,16.27,1.96,28.7,15.75
20030206,17.8,17.41,1.93,26.15,17.45
20030207,17.0,19.01,2.53,26.57,18.45
20030208,16.61,17.76,3.44,27.26,18.39
20030209,17.77,16.1,3.58,22.29,16.73
20030210,17.67,16.5,3.43,21.95,17.01
20030211,18.39,17.11,2.8,20.89,17.39
20030212,17.41,18.51,3.0,18.53,18.57
20030213,18.05,19.72,2.92,18.06,19.14
20030214,17.58,21.67,1.35,16.25,20.09
20030215,16.21,23.04,2.01,14.33,22.25
20030216,10.44,21.49,3.72,27.4,21.07
20030217,7.12,19.48,6.04,53.77,19.21
20030218,15.0,19.39,6.18,71.69,19.78
20030219,20.12,14.85,6.64,41.32,14.59
20030220,19.52,16.24,3.37,22.77,16.23
20030221,16.92,17.43,3.05,25.56,18.3
20030222,17.89,20.42,1.56,26.62,20.94
20030223,17.85,22.74,2.59,29.35,23.79
20030224,18.72,22.37,3.07,33.68,23.74
20030225,18.76,23.13,2.51,35.58,24.92
20030226,18.34,25.33,1.49,28.99,25.55
20030227,19.19,25.88,2.19,30.09,27.4
20030228,18.67,25.59,2.25,32.23,27.05
20030301,18.89,25.83,5.15,31.38,26.53
20030302,20.74,21.6,6.73,26.15,22.83
20030303,24.09,15.79,6.89,10.73,16.55
20030304,24.09,14.64,4.14,12.16,15.75
20030305,22.41,19.3,2.07,8.17,17.9
20030306,23.09,21.42,2.35,10.67,20.3
20030307,22.67,22.66,1.91,13.36,21.8
20030308,22.8,23.22,2.6,12.15,23.64
20030309,21.45,24.28,4.09,16.45,24.82
20030310,21.37,22.56,4.16,19.39,23.76
20030311,17.13,21.46,2.67,20.36,21.66
20030312,22.59,24.03,1.72,14.88,23.9
20030313,18.45,24.22,2.44,16.26,24.88
20030314,15.94,25.97,3.04,16.12,27.22
20030315,20.19,25.78,3.37,14.52,26.23
20030316,21.0,24.06,3.02,16.29,24.63
20030317,22.72,24.62,2.35,12.94,25.78
20030318,17.69,25.25,4.19,16.06,26.15
20030319,21.86,25.25,3.3,19.46,27.36
20030320,23.04,26.51,2.3,18.08,27.79
20030321,22.82,29.2,1.75,14.58,28.91
20030322,22.51,29.23,1.6,13.1,30.14
20030323,21.64,27.35,3.11,18.79,29.31
20030324,22.56,27.09,2.75,28.85,29.27
20030325,22.31,28.46,2.81,24.25,30.16
20030326,23.74,28.07,2.43,17.94,29.69
20030327,22.06,30.15,2.17,19.25,31.5
20030328,18.32,30.36,4.38,20.16,31.52
20030329,21.62,29.01,2.54,32.84,32.57
20030330,22.67,30.13,2.13,30.69,33.47
20030331,23.57,30.48,2.26,24.2,33.56
20030401,23.14,31.11,2.33,18.41,32.0
20030402,23.84,31.2,4.48,14.06,31.4
20030403,24.54,29.77,3.71,15.1,31.58
20030404,25.76,27.05,3.03,12.91,28.92
20030405,26.27,27.22,4.1,12.79,29.55
20030406,25.87,27.48,3.68,9.79,29.7
20030407,26.69,29.95,2.38,9.67,30.73
20030408,25.63,31.08,2.26,9.22,31.28
20030409,25.58,31.64,3.27,8.13,32.28
20030410,25.01,32.09,3.87,11.79,33.0
20030411,24.99,33.06,4.0,13.65,34.1
20030412,22.89,32.82,5.32,21.11,35.02
20030413,25.49,30.06,5.91,26.75,32.19
20030414,25.63,30.14,3.55,34.09,33.1
20030415,22.2,30.96,2.67,34.28,32.75
20030416,23.92,31.81,3.17,30.54,34.51
20030417,24.34,33.6,1.08,20.6,36.18
20030418,18.84,32.47,5.49,22.61,33.38
20030419,21.67,29.34,6.4,31.7,31.42
20030420,24.55,28.64,3.26,14.33,31.65
20030421,26.9,29.29,3.61,17.98,31.27
20030422,27.03,31.58,1.71,12.35,34.24
20030423,25.43,33.7,2.59,9.07,35.01
20030424,25.82,33.88,4.01,13.96,35.83
20030425,26.04,33.37,4.81,26.49,35.96
20030426,22.52,33.57,3.61,17.1,36.06
20030427,26.56,33.72,2.73,15.0,35.96
20030428,27.17,33.53,2.46,12.04,36.03
20030429,27.68,34.03,3.08,14.57,37.09
20030430,27.36,35.79,2.5,11.35,38.15
20030501,26.11,35.5,5.23,11.72,37.17
20030502,24.61,33.0,8.28,17.7,34.72
20030503,29.24,29.07,5.6,5.42,31.18
20030504,29.41,28.4,3.28,5.45,31.07
20030505,26.8,30.51,3.57,5.23,31.61
20030506,25.77,31.01,3.15,5.54,32.83
20030507,26.29,31.22,2.47,7.25,32.92
20030508,26.69,33.72,1.89,8.63,35.28
20030509,26.0,34.26,3.41,8.82,36.11
20030510,25.54,35.31,4.39,13.2,37.35
20030511,26.33,35.82,3.54,11.13,37.24
20030512,27.05,36.13,3.35,8.21,37.0
20030513,25.0,34.83,3.13,15.49,37.75
20030514,27.36,34.32,3.37,9.26,35.85
20030515,27.19,34.88,2.86,8.16,37.44
20030516,26.59,36.32,2.46,10.15,38.93
20030517,24.83,36.51,5.33,21.78,38.83
20030518,27.39,36.1,4.63,22.88,38.98
20030519,26.41,36.32,4.51,20.53,38.64
20030520,26.44,36.2,6.34,28.68,38.64
20030521,23.13,36.21,7.14,33.23,38.8
20030522,22.46,35.08,7.09,37.5,37.71
20030523,23.89,35.33,5.91,29.91,37.73
20030524,23.7,35.69,3.33,24.5,39.28
20030525,25.41,34.62,7.63,29.72,37.09
20030526,22.76,34.91,4.36,28.69,38.34
20030527,25.32,35.49,6.6,27.97,37.73
20030528,27.43,35.16,5.6,24.29,37.64
20030529,25.93,36.27,3.05,18.45,39.74
20030530,25.3,36.39,4.68,23.35,39.58
20030531,24.97,36.36,5.39,28.58,39.45
20030601,25.24,36.9,4.41,24.01,40.3
20030602,26.4,38.35,3.77,18.66,41.32
20030603,27.32,38.33,6.2,22.61,40.75
20030604,25.3,38.71,5.36,26.49,41.93
20030605,22.76,38.23,6.63,28.93,40.89
20030606,24.55,37.97,7.13,33.01,40.87
20030607,24.68,37.64,7.92,33.45,40.2
20030608,22.79,37.02,8.82,36.8,39.46
20030609,26.97,36.79,7.64,35.14,39.56
20030610,26.13,36.85,6.68,33.58,39.97
20030611,26.25,36.61,7.94,33.98,39.28
20030612,27.29,36.16,6.5,36.03,39.31
20030613,25.82,37.23,4.23,29.91,41.16
20030614,26.55,37.97,4.15,28.21,41.94
20030615,26.37,38.34,4.59,25.26,42.12
20030616,25.45,39.11,5.48,25.3,42.82
20030617,24.47,37.89,6.43,34.3,41.33
20030618,10.39,33.05,5.15,47.46,34.98
20030619,16.25,31.47,4.0,51.9,33.86
20030620,26.36,34.59,1.71,36.03,38.69
20030621,26.76,37.55,3.53,29.07,41.14
20030622,25.66,38.44,4.16,31.15,42.1
20030623,22.26,38.19,5.94,33.29,41.6
20030624,23.54,37.53,4.83,36.41,41.95
20030625,24.06,37.82,5.12,34.68,42.24
20030626,23.36,37.23,6.9,34.56,40.75
20030627,23.18,37.5,6.41,34.28,40.98
20030628,20.42,37.39,6.28,35.31,40.83
20030629,19.15,36.29,6.86,39.52,39.35
20030630,19.32,36.23,4.43,40.84,40.82
20030701,22.49,36.85,4.24,40.03,41.55
20030702,23.76,38.34,2.29,30.21,43.19
20030703,24.88,39.29,2.56,28.34,43.52
20030704,24.09,38.75,5.02,35.75,43.2
20030705,15.06,35.48,5.69,48.6,38.88
20030706,17.09,30.6,3.97,71.98,32.24
20030707,23.42,30.87,3.37,66.77,32.26
20030708,25.36,31.98,4.12,63.41,34.39
20030709,19.27,31.38,3.61,65.94,33.4
20030710,24.51,31.29,1.56,65.69,33.16
20030711,24.16,33.28,2.64,57.0,37.14
20030712,25.33,35.03,4.48,49.45,38.75
20030713,25.82,35.39,4.47,48.09,38.36
20030714,26.01,33.79,1.74,52.77,37.06
20030715,22.95,36.55,1.99,42.11,40.55
20030716,15.0,35.56,3.96,45.69,38.42
20030717,19.22,31.82,5.18,64.96,33.03
20030718,19.05,32.27,2.17,64.25,34.62
20030719,26.32,32.74,4.5,58.84,35.07
20030720,26.32,34.16,6.18,53.61,37.02
20030721,23.46,34.71,6.26,48.82,37.45
20030722,14.83,32.15,3.99,59.35,34.87
20030723,17.19,32.42,2.34,63.12,34.84
20030724,24.41,33.38,2.43,59.11,35.56
20030725,26.07,34.16,4.35,54.14,37.21
20030726,25.52,32.42,6.36,61.63,35.3
20030727,19.69,33.87,2.68,56.98,36.11
20030728,21.93,34.06,5.6,54.62,35.79
20030729,12.6,31.36,5.42,67.3,33.34
20030730,21.66,31.22,9.02,63.39,33.14
20030731,22.16,31.25,9.32,59.24,33.55
20030801,17.06,31.79,6.4,58.11,34.99
20030802,14.22,31.87,5.87,56.39,35.4
20030803,22.47,32.66,5.15,54.47,36.41
20030804,22.64,32.34,4.82,58.91,35.67
20030805,15.21,33.66,2.41,53.2,38.19
20030806,21.66,34.5,2.31,49.89,38.56
20030807,23.84,35.78,2.05,44.77,40.37
20030808,24.39,35.58,3.86,45.76,39.4
20030809,25.32,33.87,5.36,53.62,36.62
20030810,24.66,33.39,6.7,53.78,35.71
20030811,23.54,33.55,6.06,52.38,36.49
20030812,24.1,34.08,5.12,51.26,37.5
20030813,25.46,33.72,4.95,49.46,36.89
20030814,25.05,33.82,3.97,44.75,37.37
20030815,25.34,33.92,3.9,44.54,37.73
20030816,25.32,34.67,4.19,41.53,38.36
20030817,25.09,33.76,6.16,43.96,36.81
20030818,23.6,33.55,7.73,48.14,36.05
20030819,21.23,33.38,6.6,50.99,36.21
20030820,18.27,33.57,5.09,49.62,36.77
20030821,18.61,34.03,2.82,47.12,38.38
20030822,21.26,34.79,2.67,42.9,38.3
20030823,24.48,36.0,3.49,37.78,38.43
20030824,23.74,33.9,4.45,48.34,36.72
20030825,21.07,33.49,3.02,53.81,36.31
20030826,15.1,33.81,2.47,52.92,35.97
20030827,19.53,32.16,1.72,64.62,32.68
20030828,17.93,30.42,2.67,72.44,31.22
20030829,23.85,32.23,1.96,58.25,35.04
20030830,22.93,32.75,3.5,54.61,35.48
20030831,22.9,32.65,3.37,53.49,35.83
20030901,23.54,32.63,5.26,53.5,35.23
20030902,21.87,32.81,5.08,51.05,35.42
20030903,21.97,32.46,4.91,52.43,35.3
20030904,22.35,32.52,4.18,50.98,35.65
20030905,22.78,32.19,3.49,49.63,35.56
20030906,21.84,32.35,1.84,45.62,36.06
20030907,21.77,32.14,3.08,42.63,35.0
20030908,22.51,32.45,4.26,42.67,35.1
20030909,23.35,31.91,4.23,43.26,34.39
20030910,23.29,31.87,4.38,46.49,34.45
20030911,23.04,32.33,3.66,47.46,35.28
20030912,22.72,32.55,4.26,47.09,35.22
20030913,23.18,32.65,4.2,46.13,35.53
20030914,23.02,32.84,3.11,44.46,36.2
20030915,22.97,33.3,3.5,43.21,36.39
20030916,22.96,33.18,3.05,43.81,36.64
20030917,22.62,33.42,3.91,42.58,36.07
20030918,22.38,33.47,3.81,42.87,36.13
20030919,21.96,33.41,3.91,39.74,35.87
20030920,22.17,33.21,4.41,36.66,35.04
20030921,21.75,33.39,4.01,37.68,35.46
20030922,22.01,33.42,4.96,38.68,35.27
20030923,21.97,32.64,4.75,44.12,34.82
20030924,21.93,32.3,4.5,44.93,34.59
20030925,21.86,32.92,2.36,41.61,35.9
20030926,20.19,32.91,2.61,38.33,35.41
20030927,19.84,33.22,1.76,30.94,35.39
20030928,21.21,32.31,2.04,24.43,33.77
20030929,21.24,31.23,1.74,30.31,32.57
20030930,20.61,31.16,3.0,46.36,33.52
20031001,20.92,31.49,2.7,34.93,33.79
20031002,21.62,30.68,2.14,23.24,31.96
20031003,22.16,30.29,2.5,19.23,31.79
20031004,22.01,30.65,2.63,18.14,31.43
20031005,22.19,30.14,2.62,18.31,31.2
20031006,22.06,29.27,3.52,22.06,30.64
20031007,21.34,29.25,3.13,25.37,30.74
20031008,20.7,30.5,2.59,27.07,31.62
20031009,20.55,30.4,2.46,25.04,31.67
20031010,20.77,29.82,2.28,20.84,30.38
20031011,21.53,28.81,1.57,17.9,29.35
20031012,21.35,28.15,2.3,20.69,29.14
20031013,20.99,28.41,2.41,22.59,29.83
20031014,20.64,29.02,1.77,19.45,29.52
20031015,20.92,29.3,1.83,18.49,29.33
20031016,20.32,28.6,3.41,21.3,29.2
20031017,19.74,27.96,3.24,25.58,28.97
20031018,18.56,28.55,2.0,19.84,28.34
20031019,19.19,28.74,2.24,16.67,28.52
20031020,19.71,27.95,2.35,17.7,28.37
20031021,20.04,28.95,1.34,16.06,28.18
20031022,19.65,28.98,1.37,13.78,27.79
20031023,20.3,27.88,1.78,14.4,27.32
20031024,19.85,27.81,1.97,13.28,26.68
20031025,19.36,27.72,2.3,13.89,26.45
20031026,18.51,28.03,1.81,17.26,27.01
20031027,18.62,28.6,1.52,18.45,27.14
20031028,18.68,27.84,2.56,17.58,27.02
20031029,15.76,25.56,2.62,22.56,25.67
20031030,16.01,26.44,1.56,19.38,25.07
20031031,17.63,26.98,1.33,14.02,24.86
20031101,18.57,26.04,1.95,15.23,24.83
20031102,18.0,24.78,3.13,18.22,24.72
20031103,17.83,24.94,3.02,27.54,25.46
20031104,16.84,26.27,2.06,23.62,25.81
20031105,17.64,27.09,1.66,19.21,25.13
20031106,17.81,25.36,2.09,19.6,24.83
20031107,17.74,24.68,1.76,16.18,23.13
20031108,18.3,23.41,2.96,14.83,22.21
20031109,17.72,23.33,2.12,14.7,22.27
20031110,17.79,21.49,2.52,16.02,20.19
20031111,17.65,23.63,2.21,14.19,21.16
20031112,17.62,22.51,2.94,15.67,22.32
20031113,16.03,22.05,3.09,16.85,22.4
20031114,16.23,22.09,2.76,18.96,22.83
20031115,14.76,21.02,2.37,28.14,21.27
20031116,13.93,21.46,2.45,29.95,21.27
20031117,16.05,19.49,3.52,22.77,19.12
20031118,16.51,17.47,3.11,29.95,17.32
20031119,17.15,16.43,3.4,26.8,16.86
20031120,17.23,16.49,3.35,20.33,16.08
20031121,17.15,17.94,1.71,19.68,16.35
20031122,16.88,17.95,2.43,18.71,15.99
20031123,16.46,17.65,2.37,18.84,16.43
20031124,14.06,17.42,3.79,19.42,16.39
20031125,15.7,17.22,2.99,22.27,16.52
20031126,16.43,19.24,1.59,17.49,16.38
20031127,16.39,17.43,3.41,17.77,16.53
20031128,16.11,16.13,3.13,19.2,15.25
20031129,15.86,16.51,3.43,20.77,15.87
20031130,15.7,16.51,2.78,21.51,16.13
20031201,14.79,16.93,3.29,20.84,16.89
20031202,14.91,18.23,2.5,18.38,17.7
20031203,14.78,18.95,2.58,17.45,18.28
20031204,14.71,19.59,2.55,17.63,18.95
20031205,13.65,19.17,2.83,22.44,19.19
20031206,14.17,20.71,2.16,23.97,19.68
20031207,14.29,22.06,2.42,25.62,20.17
20031208,12.56,22.99,3.67,31.26,22.5
20031209,14.38,20.08,3.79,39.27,20.59
20031210,12.68,17.02,3.55,48.41,17.33
20031211,10.78,17.26,2.25,53.66,17.48
20031212,12.67,17.26,2.11,49.74,17.2
20031213,12.1,17.54,2.03,46.23,16.87
20031214,10.68,17.59,1.56,40.55,16.77
20031215,11.89,15.33,3.51,47.15,15.56
20031216,14.04,14.46,2.52,28.86,14.02
20031217,14.09,14.61,2.11,28.61,13.86
20031218,14.39,15.08,2.1,29.5,14.31
20031219,14.66,15.21,2.87,29.17,14.18
20031220,14.19,15.96,2.34,32.1,14.72
20031221,14.13,16.28,2.14,34.85,14.71
20031222,14.08,15.72,2.57,37.25,14.99
20031223,13.5,15.74,2.51,35.15,15.64
20031224,13.33,14.3,3.12,34.29,14.42
20031225,14.08,13.34,2.06,32.22,12.93
20031226,14.21,13.5,2.7,28.92,13.09
20031227,14.2,12.75,3.34,35.0,12.62
20031228,14.47,12.7,2.41,32.71,12.2
20031229,13.77,13.55,2.0,28.44,13.14
20031230,14.51,15.91,2.41,23.6,15.51
20031231,14.46,16.34,2.21,23.79,15.85
20040101,14.62,15.33,2.96,27.24,14.68
20040102,13.59,12.76,2.98,31.28,12.95
20040103,12.94,11.89,3.43,38.25,12.21
20040104,13.41,14.03,4.39,29.98,14.22
20040105,12.4,15.41,3.81,25.33,15.71
20040106,13.6,13.4,4.45,28.2,13.71
20040107,14.72,13.1,3.46,35.66,13.62
20040108,14.63,15.25,2.69,33.06,14.64
20040109,14.9,16.88,1.74,28.22,15.87
20040110,14.89,19.21,1.28,23.31,17.1
20040111,15.39,20.06,1.56,23.1,18.13
20040112,15.05,20.28,2.75,24.89,18.24
20040113,15.04,19.71,1.99,28.56,18.42
20040114,13.85,20.08,1.93,27.27,18.53
20040115,14.05,20.73,1.98,23.91,19.26
20040116,13.25,21.06,3.43,29.8,20.77
20040117,15.39,17.65,3.3,35.97,17.67
20040118,15.95,16.21,2.66,25.33,15.77
20040119,13.14,16.41,2.06,42.58,17.33
20040120,5.36,15.5,4.32,42.55,15.25
20040121,7.03,15.03,4.72,54.5,15.99
20040122,6.77,13.95,3.07,63.56,15.51
20040123,15.58,14.43,1.77,49.37,14.6
20040124,15.93,14.7,2.82,38.1,15.18
20040125,16.12,15.55,1.95,33.77,16.19
20040126,16.64,16.18,2.14,29.86,16.1
20040127,17.23,15.66,3.03,32.1,16.61
20040128,16.33,16.54,3.22,30.27,17.86
20040129,13.13,17.29,2.68,33.62,18.21
20040130,14.25,14.17,4.45,58.02,15.35
20040131,16.4,14.53,1.82,46.71,15.23
20040201,17.94,15.03,2.13,32.28,14.99
20040202,17.86,14.76,2.28,29.05,14.59
20040203,18.89,16.29,1.21,20.15,14.86
20040204,18.34,17.54,2.31,17.45,15.27
20040205,18.22,17.55,3.08,18.34,16.18
20040206,18.98,18.45,1.99,15.27,16.67
20040207,19.03,18.36,2.39,13.83,17.33
20040208,16.44,19.78,3.87,15.99,19.75
20040209,17.49,17.91,5.04,41.08,18.43
20040210,18.47,15.65,3.56,46.18,16.27
20040211,18.63,16.07,2.8,42.57,16.35
20040212,19.06,18.44,2.33,34.51,18.08
20040213,19.32,19.28,2.34,29.78,19.78
20040214,19.62,19.28,3.38,25.57,20.03
20040215,19.45,21.76,1.4,18.59,20.94
20040216,20.21,23.03,2.28,16.53,21.62
20040217,15.77,21.72,3.29,18.39,19.87
20040218,18.33,21.45,1.86,21.77,21.31
20040219,17.38,21.96,1.95,20.44,21.64
20040220,19.52,20.92,3.21,21.26,21.98
20040221,18.95,23.17,2.68,19.35,23.03
20040222,19.8,23.45,2.78,21.17,23.18
20040223,20.56,23.9,1.85,21.04,23.11
20040224,17.04,25.4,1.64,15.95,24.48
20040225,20.09,26.52,2.6,15.62,25.21
20040226,20.39,27.19,1.61,17.06,25.91
20040227,20.48,25.26,2.49,19.4,25.78
20040228,21.11,24.1,2.71,19.32,25.44
20040229,22.45,23.47,2.19,12.94,23.63
20040301,22.89,22.49,2.69,10.82,22.24
20040302,23.08,23.8,1.44,9.5,22.53
20040303,23.77,25.11,1.24,8.17,23.31
20040304,23.28,25.24,2.4,8.57,23.62
20040305,22.45,25.1,3.51,12.52,24.71
20040306,23.35,25.02,3.2,13.86,24.35
20040307,23.27,26.81,2.06,10.13,26.43
20040308,23.48,28.68,2.63,7.85,27.05
20040309,23.48,26.31,2.99,10.86,27.48
20040310,22.69,26.41,2.76,14.88,27.11
20040311,21.84,27.87,1.8,16.12,27.45
20040312,22.22,29.06,1.61,14.13,28.54
20040313,22.65,28.95,1.95,13.02,29.34
20040314,22.62,29.79,2.21,14.79,30.0
20040315,23.38,31.87,1.77,12.29,30.81
20040316,24.88,30.66,3.58,11.25,30.67
20040317,25.02,30.13,4.24,10.47,30.05
20040318,23.03,30.62,3.32,12.9,30.76
20040319,23.14,30.78,2.96,15.58,31.21
20040320,23.63,32.07,2.64,14.29,32.24
20040321,23.52,32.71,3.17,12.96,33.02
20040322,21.97,31.14,3.52,16.04,31.81
20040323,22.81,29.25,3.11,12.86,30.08
20040324,25.8,24.85,4.06,6.6,25.94
20040325,25.89,25.96,1.53,7.32,26.78
20040326,25.47,26.17,2.99,11.69,27.09
20040327,25.48,27.85,2.06,11.46,28.01
20040328,25.36,28.36,1.88,9.78,28.51
20040329,26.1,29.92,1.68,7.69,29.83
20040330,26.19,30.1,1.95,10.57,30.1
20040331,25.47,30.65,1.24,8.21,30.31
20040401,20.99,28.96,4.43,22.56,29.62
20040402,24.05,29.97,3.91,25.4,31.93
20040403,21.5,30.7,1.96,23.83,33.22
20040404,21.8,32.42,1.89,24.38,35.63
20040405,25.26,33.07,2.58,19.29,35.2
20040406,25.96,33.2,3.01,14.08,34.25
20040407,23.35,32.72,4.19,20.6,34.51
20040408,24.93,33.24,2.87,22.57,35.97
20040409,23.3,33.32,4.31,23.61,35.13
20040410,24.38,32.39,3.15,10.54,34.22
20040411,25.74,33.18,3.05,9.72,34.22
20040412,25.17,32.85,4.44,16.98,34.49
20040413,25.72,33.01,4.53,12.7,34.42
20040414,25.74,33.63,5.3,14.85,35.21
20040415,26.45,35.48,3.67,14.64,36.59
20040416,22.74,34.73,6.73,17.42,35.8
20040417,23.58,31.77,5.14,18.28,34.22
20040418,24.71,31.63,3.86,20.0,34.07
20040419,26.02,32.54,4.34,20.22,35.06
20040420,26.92,33.81,3.85,19.56,36.3
20040421,21.83,33.9,1.65,18.31,36.34
20040422,16.62,32.64,4.25,22.21,35.01
20040423,22.77,32.33,2.95,17.69,35.1
20040424,28.19,31.72,2.65,11.46,34.85
20040425,27.82,33.06,2.57,13.78,36.0
20040426,27.5,34.28,2.75,12.32,36.89
20040427,26.53,34.94,4.94,14.57,36.71
20040428,24.25,34.67,4.27,19.56,37.14
20040429,20.93,34.13,3.82,25.4,36.88
20040430,23.92,29.25,4.65,17.0,31.29
20040501,26.57,28.9,3.43,13.4,30.82
20040502,24.08,28.93,2.94,12.11,31.98
20040503,23.73,31.39,2.61,12.72,34.41
20040504,24.96,33.68,2.91,13.28,36.36
20040505,26.14,34.98,2.96,13.92,37.48
20040506,28.46,35.54,2.51,11.34,38.89
20040507,26.69,36.35,4.11,7.7,38.22
20040508,23.51,35.55,3.33,12.33,37.78
20040509,24.82,35.79,2.55,16.12,38.59
20040510,25.13,36.26,1.82,17.19,39.52
20040511,18.69,35.73,5.78,25.75,37.94
20040512,24.68,34.46,6.06,43.97,38.24
20040513,27.28,35.67,4.52,36.72,39.94
20040514,27.06,35.93,5.72,30.94,39.1
20040515,27.2,35.72,4.61,30.03,39.39
20040516,27.23,36.44,4.64,24.76,39.59
20040517,27.29,36.64,4.31,17.8,39.45
20040518,26.58,36.7,5.41,16.44,38.9
20040519,26.92,36.35,8.66,26.27,38.33
20040520,25.39,35.77,9.36,33.6,37.73
20040521,25.92,35.93,8.57,32.05,37.92
20040522,25.18,36.07,8.29,31.57,38.32
20040523,23.77,36.01,6.52,25.6,37.97
20040524,23.63,35.11,4.95,33.75,38.02
20040525,24.79,35.71,5.91,33.91,38.53
20040526,23.38,35.16,5.56,34.99,38.18
20040527,24.97,35.34,4.56,31.2,38.46
20040528,26.56,36.08,3.38,27.83,40.03
20040529,26.06,36.49,3.96,27.64,40.19
20040530,26.82,37.3,4.81,24.16,40.49
20040531,27.66,37.04,3.88,23.66,40.58
20040601,25.24,38.12,3.91,26.19,41.85
20040602,25.19,38.51,4.49,24.06,41.73
20040603,26.76,37.28,5.07,24.51,40.77
20040604,27.25,36.85,6.31,25.49,39.78
20040605,28.5,36.22,6.18,26.64,39.46
20040606,26.96,36.37,7.17,29.61,39.2
20040607,23.37,34.9,5.64,34.49,38.03
20040608,24.0,36.04,4.42,29.59,39.66
20040609,22.69,35.12,2.81,32.7,39.11
20040610,25.81,36.29,1.95,30.03,41.02
20040611,25.33,37.75,1.83,21.7,41.86
20040612,22.78,39.27,2.72,18.22,42.55
20040613,24.3,39.0,3.83,18.35,42.17
20040614,26.19,39.34,3.1,21.96,43.55
20040615,26.05,38.8,4.09,29.03,42.2
20040616,24.16,38.48,2.92,30.01,43.12
20040617,25.12,39.27,3.62,30.75,43.9
20040618,22.43,36.89,6.55,35.62,39.46
20040619,22.02,36.75,6.95,39.99,40.24
20040620,21.71,36.69,7.82,40.19,39.88
20040621,20.61,36.9,7.77,36.01,39.98
20040622,19.66,36.32,7.45,36.43,39.63
20040623,21.31,35.24,8.11,38.95,38.44
20040624,20.13,36.02,7.12,38.67,39.19
20040625,20.39,35.87,5.06,38.62,40.13
20040626,22.27,36.16,5.86,40.72,39.69
20040627,23.44,35.09,4.52,42.16,38.47
20040628,27.05,36.67,3.02,32.12,40.7
20040629,26.97,37.42,5.32,31.17,40.93
20040630,26.92,36.96,6.81,32.06,39.91
20040701,26.8,37.67,6.39,30.42,40.55
20040702,27.6,37.66,6.58,30.03,40.64
20040703,27.3,37.44,5.57,29.82,40.38
20040704,25.93,38.22,4.19,29.56,42.38
20040705,25.32,37.79,4.49,34.2,41.61
20040706,24.66,38.49,5.93,34.6,42.18
20040707,23.06,37.38,8.51,37.84,40.35
20040708,18.68,35.8,8.93,42.92,38.84
20040709,17.79,35.84,7.06,40.09,38.82
20040710,19.25,35.03,6.37,40.06,38.19
20040711,22.3,35.32,7.66,37.09,38.28
20040712,24.47,36.02,6.57,38.5,39.33
20040713,25.38,35.51,7.29,39.99,38.7
20040714,25.11,35.36,6.73,40.19,38.48
20040715,24.79,36.72,4.71,37.71,40.36
20040716,25.23,37.91,3.35,32.79,42.17
20040717,24.66,38.38,4.34,29.49,41.78
20040718,24.6,37.16,5.65,33.17,40.98
20040719,24.1,36.35,6.44,32.21,39.46
20040720,22.5,35.42,5.83,31.64,38.45
20040721,19.2,35.61,6.35,34.86,38.49
20040722,21.14,34.91,6.25,33.2,37.51
20040723,23.44,35.28,4.84,33.46,38.76
20040724,24.73,36.84,3.5,27.69,40.43
20040725,25.23,37.58,3.84,28.72,41.06
20040726,25.67,37.06,5.18,30.95,40.44
20040727,25.19,35.75,7.06,33.99,38.87
20040728,24.27,35.9,6.8,36.06,39.18
20040729,24.18,36.11,4.96,36.06,38.9
20040730,23.18,35.58,4.45,40.34,38.63
20040731,22.08,33.09,4.53,53.37,35.57
20040801,23.23,31.27,4.79,60.72,33.0
20040802,24.23,32.83,2.18,52.15,35.77
20040803,18.25,33.95,2.27,46.47,36.31
20040804,22.49,34.64,2.97,43.96,37.44
20040805,23.07,35.7,2.74,43.39,39.14
20040806,22.79,36.24,3.37,42.77,39.72
20040807,19.36,36.17,1.96,41.89,38.55
20040808,25.04,33.31,4.07,53.06,35.96
20040809,22.72,33.4,2.91,51.83,36.45
20040810,21.94,34.41,2.59,46.04,38.11
20040811,21.41,35.69,2.38,41.78,38.54
20040812,20.7,35.32,3.57,41.76,38.14
20040813,24.08,35.53,3.17,40.54,39.89
20040814,23.72,36.53,3.36,39.3,40.68
20040815,24.04,35.69,4.61,40.47,38.46
20040816,22.98,34.32,4.35,48.39,36.72
20040817,22.88,33.63,2.97,52.88,36.11
20040818,23.46,33.98,4.24,48.15,36.71
20040819,20.53,34.41,5.62,46.76,37.25
20040820,20.32,34.51,5.32,47.13,37.44
20040821,21.35,35.16,4.48,41.13,38.18
20040822,23.1,35.36,3.26,38.17,39.18
20040823,23.33,36.48,4.01,32.75,39.51
20040824,24.55,36.02,2.71,39.43,39.36
20040825,23.38,35.86,2.99,37.57,39.06
20040826,24.47,34.73,5.75,38.2,37.62
20040827,24.31,33.78,5.33,39.94,36.58
20040828,21.7,34.09,4.97,38.3,36.88
20040829,23.44,34.36,5.12,35.98,37.06
20040830,23.63,33.79,5.5,35.91,36.52
20040831,24.54,33.18,6.16,37.69,35.81
20040901,23.4,32.97,5.65,36.83,35.56
20040902,24.29,32.9,3.82,38.43,36.31
20040903,23.42,33.68,4.22,34.04,36.53
20040904,24.02,33.16,5.21,35.95,35.6
20040905,24.18,33.97,4.01,36.27,37.21
20040906,22.98,34.35,3.18,34.0,37.75
20040907,23.75,35.24,3.6,27.57,37.84
20040908,23.49,34.5,6.15,25.35,36.15
20040909,23.41,32.68,6.08,34.55,34.68
20040910,22.51,33.02,5.29,38.29,35.42
20040911,22.87,32.93,5.45,41.39,35.56
20040912,20.85,32.96,4.77,39.46,35.63
20040913,19.16,33.38,4.14,38.49,36.24
20040914,21.03,33.62,4.49,39.42,36.22
20040915,21.84,34.06,4.91,39.16,36.68
20040916,20.78,33.05,4.36,43.54,35.94
20040917,20.67,33.92,3.17,41.47,37.42
20040918,20.17,34.96,2.33,35.05,37.84
20040919,19.67,34.83,2.61,31.93,37.14
20040920,21.36,35.23,2.36,29.89,37.38
20040921,19.93,35.38,2.57,26.32,37.49
20040922,20.2,34.19,2.79,34.99,36.63
20040923,19.39,34.6,2.62,33.36,37.69
20040924,20.53,33.72,3.01,33.99,36.76
20040925,17.78,33.84,2.39,27.33,36.35
20040926,13.33,33.06,2.47,38.6,35.66
20040927,15.13,33.51,3.34,40.85,35.78
20040928,20.15,34.16,3.45,37.22,36.76
20040929,21.11,33.52,3.2,36.34,35.25
20040930,18.13,32.59,4.74,36.17,34.29
20041001,16.25,29.94,2.36,52.17,31.07
20041002,12.46,27.56,2.85,63.02,28.75
20041003,15.91,27.53,4.68,59.25,28.67
20041004,18.9,29.53,3.31,50.02,31.2
20041005,21.29,30.45,1.72,32.87,31.32
20041006,21.99,31.0,1.94,22.39,31.75
20041007,21.89,31.2,2.89,21.31,31.65
20041008,20.08,29.62,4.88,29.1,30.55
20041009,17.41,28.85,5.89,34.03,29.87
20041010,18.19,27.88,3.51,21.0,28.34
20041011,16.55,26.41,2.27,10.89,25.82
20041012,15.87,25.25,2.46,18.75,26.01
20041013,16.38,26.15,2.56,25.82,27.29
20041014,16.84,26.15,2.51,26.79,27.22
20041015,17.58,26.46,1.95,24.17,27.61
20041016,18.49,27.59,2.03,18.83,27.69
20041017,17.98,28.66,1.32,19.98,28.76
20041018,18.54,29.04,2.0,22.62,29.05
20041019,17.56,29.59,1.8,27.36,30.4
20041020,17.98,28.51,2.38,26.57,29.91
20041021,18.07,27.03,3.2,27.5,27.84
20041022,16.86,26.28,3.08,25.68,27.0
20041023,17.83,27.51,1.75,17.7,27.31
20041024,17.86,26.76,3.07,18.39,27.83
20041025,17.75,27.19,2.63,19.21,27.89
20041026,15.67,26.31,2.61,21.04,26.71
20041027,16.69,24.84,2.91,26.2,25.66
20041028,14.91,24.81,1.98,25.36,25.25
20041029,15.17,24.0,3.29,28.92,24.79
20041030,15.46,22.57,2.88,32.29,23.7
20041031,16.19,22.69,2.4,31.21,23.53
20041101,17.0,22.84,2.23,22.96,23.25
20041102,17.39,23.7,2.31,17.75,23.18
20041103,17.6,23.67,2.36,18.05,23.24
20041104,18.35,24.16,1.85,15.54,23.0
20041105,17.96,23.78,2.33,13.42,23.16
20041106,17.84,22.43,2.91,16.78,22.66
20041107,17.92,22.86,2.28,13.6,22.2
20041108,17.5,23.18,1.89,11.52,21.54
20041109,17.01,22.88,2.27,12.63,22.12
20041110,17.19,23.04,2.61,16.11,22.5
20041111,16.71,23.24,2.39,21.71,22.93
20041112,16.35,23.7,2.13,23.73,23.23
20041113,16.29,23.51,2.4,27.6,23.94
20041114,16.18,23.77,2.14,19.63,23.15
20041115,13.99,25.25,1.95,16.52,23.2
20041116,14.69,25.61,1.62,17.04,23.83
20041117,9.69,26.44,1.1,20.48,23.93
20041118,15.28,25.28,2.19,22.97,24.23
20041119,15.22,24.82,1.76,20.0,23.51
20041120,14.94,25.58,1.72,19.77,23.84
20041121,15.35,26.11,1.47,17.94,24.32
20041122,16.23,24.57,2.94,21.57,23.37
20041123,15.12,24.63,1.63,25.57,23.16
20041124,13.63,23.05,1.54,26.43,22.26
20041125,13.46,22.71,2.29,29.92,23.13
20041126,12.22,22.38,2.76,33.14,22.59
20041127,11.9,21.87,2.59,40.89,22.44
20041128,13.08,21.49,2.3,38.49,21.6
20041129,14.29,21.72,2.99,32.28,21.48
20041130,13.83,21.67,1.92,31.05,21.2
20041201,13.36,18.67,3.72,43.55,19.3
20041202,13.47,17.35,2.85,40.11,18.51
20041203,12.76,17.14,2.62,40.12,17.77
20041204,13.14,19.02,2.12,32.09,19.1
20041205,14.29,19.63,2.84,28.1,20.1
20041206,14.25,20.33,1.86,23.04,20.38
20041207,11.86,19.62,2.76,19.91,19.29
20041208,14.97,18.45,2.99,19.76,18.21
20041209,14.49,19.8,1.61,15.69,17.6
20041210,14.4,20.37,2.17,14.04,18.81
20041211,11.81,19.68,2.21,15.31,18.02
20041212,14.07,19.73,2.58,18.51,18.61
20041213,13.99,19.06,2.57,22.39,18.79
20041214,13.75,19.8,1.97,19.76,18.08
20041215,14.21,20.89,2.12,19.23,18.29
20041216,14.82,20.84,2.03,20.24,18.87
20041217,14.58,21.62,2.03,19.59,19.24
20041218,15.01,20.49,3.34,21.01,18.97
20041219,13.39,18.41,4.7,27.89,17.78
20041220,13.12,16.77,2.86,33.13,16.95
20041221,13.58,14.78,3.25,28.63,15.1
20041222,13.02,14.35,3.13,31.27,14.79
20041223,12.91,15.21,2.61,30.07,15.2
20041224,7.89,15.72,2.99,29.16,16.0
20041225,13.27,14.93,3.22,29.26,15.15
20041226,13.51,13.7,2.75,28.19,13.63
20041227,13.77,15.36,3.0,22.82,14.88
20041228,14.1,16.81,3.04,23.31,16.32
20041229,11.92,18.75,1.83,40.2,17.08
20041230,7.69,18.67,2.53,59.19,18.41
20041231,7.65,14.17,4.84,60.13,14.52
20050101,15.28,13.25,2.78,51.68,14.23
20050102,13.82,12.8,2.94,51.31,13.83
20050103,14.73,13.49,2.96,49.83,14.14
20050104,14.1,12.57,3.23,50.54,13.32
20050105,14.43,13.4,2.27,49.09,13.97
20050106,14.23,15.29,2.49,44.89,15.41
20050107,13.83,16.19,1.85,41.73,15.94
20050108,14.12,17.65,2.81,36.42,16.48
20050109,13.63,17.44,3.07,43.45,16.91
20050110,14.41,15.58,2.62,39.98,15.3
20050111,14.98,14.43,3.17,31.05,14.46
20050112,15.05,14.53,3.02,29.1,14.79
20050113,13.72,16.55,2.61,23.79,16.54
20050114,15.22,16.91,3.09,25.51,17.42
20050115,13.4,16.19,3.65,38.23,17.12
20050116,14.07,15.71,3.88,30.46,16.49
20050117,14.76,14.45,3.94,42.37,14.87
20050118,15.69,14.95,1.97,26.18,13.58
20050119,15.98,14.28,2.8,22.81,14.08
20050120,10.1,15.25,2.77,18.68,15.47
20050121,10.85,15.48,2.47,29.63,16.04
20050122,15.2,14.95,2.92,44.19,15.88
20050123,11.5,13.75,2.37,43.14,14.55
20050124,8.15,14.79,2.56,31.21,15.73
20050125,6.04,11.87,2.55,68.14,12.62
20050126,16.23,14.37,1.52,59.42,14.85
20050127,13.94,15.59,2.33,45.39,15.28
20050128,17.5,13.62,2.07,34.43,13.75
20050129,16.77,11.59,4.07,46.26,12.69
20050130,17.06,11.49,3.53,39.3,12.48
20050131,18.17,12.12,4.06,31.08,12.43
20050201,16.59,13.54,2.38,25.53,13.05
20050202,16.92,15.9,1.79,19.18,14.83
20050203,16.28,16.24,2.56,17.42,15.13
20050204,16.41,17.55,2.52,24.25,16.88
20050205,9.89,17.4,3.08,44.6,18.51
20050206,11.77,16.8,3.03,63.05,18.7
20050207,12.03,18.14,3.57,62.49,19.02
20050208,13.63,18.61,3.18,62.34,19.56
20050209,13.87,19.45,2.28,53.33,19.15
20050210,8.82,20.03,4.37,53.57,19.38
20050211,15.2,19.11,2.7,60.89,20.05
20050212,15.24,21.09,2.75,46.7,21.97
20050213,14.27,21.71,2.53,37.87,22.57
20050214,11.69,19.03,3.45,46.39,20.74
20050215,18.55,20.52,6.16,44.37,21.26
20050216,20.66,16.0,3.25,25.81,17.36
20050217,18.56,15.31,2.83,26.95,16.85
20050218,18.75,14.05,3.97,25.4,15.15
20050219,19.8,11.79,2.88,22.78,13.03
20050220,20.05,13.62,2.78,19.96,14.16
20050221,20.58,13.95,2.61,21.25,14.53
20050222,19.42,16.25,1.89,18.04,15.89
20050223,19.62,16.49,2.53,21.67,17.57
20050224,16.17,19.06,2.23,23.17,20.41
20050225,17.95,20.62,2.49,28.85,22.49
20050226,14.55,20.03,2.75,36.7,20.65
20050227,16.82,23.16,2.38,34.69,24.01
20050228,15.22,21.24,2.58,39.99,22.03
20050301,19.24,21.27,3.44,43.22,23.44
20050302,16.28,22.08,3.51,48.49,23.14
20050303,20.13,22.81,2.99,44.2,24.8
20050304,20.54,22.58,2.8,41.13,25.06
20050305,20.75,23.08,2.21,33.33,24.82
20050306,15.99,21.07,2.93,44.47,22.19
20050307,19.84,22.6,2.54,36.96,24.54
20050308,18.36,23.49,2.81,35.98,25.18
20050309,17.95,23.02,4.23,44.65,24.92
20050310,21.71,20.94,3.3,53.71,23.52
20050311,23.01,23.21,2.36,40.06,24.93
20050312,23.61,24.69,2.34,29.9,25.34
20050313,24.23,26.95,1.31,20.98,27.37
20050314,22.65,27.84,2.35,19.48,28.24
20050315,22.5,29.39,1.99,19.1,29.79
20050316,22.34,30.92,1.12,18.32,31.41
20050317,21.15,30.48,1.76,19.09,31.49
20050318,22.26,29.68,2.73,23.41,30.2
20050319,20.96,28.42,1.16,31.24,30.73
20050320,22.17,29.27,2.16,30.45,31.17
20050321,22.36,25.37,4.96,41.44,27.41
20050322,25.43,24.8,2.47,20.71,27.28
20050323,24.76,23.54,3.59,32.0,25.8
20050324,24.75,25.06,2.5,23.95,27.46
20050325,21.09,27.27,3.86,18.85,28.29
20050326,22.99,28.0,2.26,27.26,30.74
20050327,23.66,28.33,3.01,23.67,29.63
20050328,24.51,28.08,2.42,15.91,29.69
20050329,25.32,25.7,3.8,18.24,27.84
20050330,26.16,26.11,2.45,14.35,27.76
20050331,26.48,26.55,2.26,12.3,27.35
20050401,26.53,28.82,1.92,8.57,27.9
20050402,25.96,29.89,2.04,6.85,29.64
20050403,27.04,30.9,2.05,8.46,30.88
20050404,26.97,32.06,2.45,9.23,31.49
20050405,27.21,31.1,3.89,7.83,31.28
20050406,24.35,31.26,6.95,9.48,32.01
20050407,25.0,28.42,7.7,14.9,29.47
20050408,27.3,24.81,4.71,7.34,26.7
20050409,27.2,23.28,3.94,7.09,24.63
20050410,26.45,23.9,1.98,6.99,24.83
20050411,25.43,25.12,2.57,7.96,26.04
20050412,25.67,26.86,2.04,8.55,28.55
20050413,25.44,29.62,2.78,7.73,30.34
20050414,26.46,30.38,2.41,9.51,30.53
20050415,25.8,29.44,2.62,16.32,31.31
20050416,26.49,30.75,2.05,11.9,32.46
20050417,27.38,31.99,1.2,8.84,32.97
20050418,26.77,32.43,1.99,7.09,33.0
20050419,27.03,33.3,2.04,7.22,34.51
20050420,26.03,33.82,2.59,9.76,36.19
20050421,22.98,32.79,1.98,12.24,34.39
20050422,17.47,31.94,3.16,19.48,32.9
20050423,19.25,32.84,3.19,29.01,35.17
20050424,24.35,33.0,1.98,24.12,36.46
20050425,23.05,32.98,2.39,23.62,35.74
20050426,24.41,31.78,2.75,26.41,35.37
20050427,24.17,31.09,3.62,25.07,34.92
20050428,18.93,31.48,2.83,22.39,35.14
20050429,22.77,30.57,2.85,34.3,33.82
20050430,20.69,32.89,2.47,30.39,36.24
20050501,22.24,30.63,1.85,47.51,30.96
20050502,22.76,29.17,2.36,42.72,31.25
20050503,20.13,30.24,1.97,39.48,32.62
20050504,23.0,30.74,2.74,36.98,33.67
20050505,26.81,31.58,2.03,37.26,34.52
20050506,25.55,33.73,4.63,30.15,36.07
20050507,25.28,33.17,5.76,36.97,35.64
20050508,27.15,32.01,5.42,29.38,34.33
20050509,28.17,31.5,4.4,20.12,33.51
20050510,29.39,31.31,4.94,11.29,32.67
20050511,28.59,31.64,5.46,15.22,32.95
20050512,28.35,33.22,4.82,19.21,35.09
20050513,27.43,33.76,4.94,20.85,35.5
20050514,27.96,33.89,3.15,14.6,35.27
20050515,26.76,34.98,3.35,10.17,35.94
20050516,26.63,35.56,4.24,18.55,37.75
20050517,26.02,35.15,4.5,26.36,38.14
20050518,26.86,35.84,4.91,25.43,37.8
20050519,27.63,35.93,4.16,11.23,36.77
20050520,27.59,35.76,3.6,11.63,37.4
20050521,24.76,36.28,3.85,17.21,38.33
20050522,23.65,34.0,3.45,21.16,36.69
20050523,25.91,33.83,2.95,25.03,37.54
20050524,25.19,35.44,1.81,14.52,38.62
20050525,24.24,35.95,2.76,17.72,37.19
20050526,25.88,35.22,5.38,22.3,37.76
20050527,28.6,34.28,2.15,13.48,38.1
20050528,22.89,35.61,3.3,11.95,38.78
20050529,22.77,33.78,2.46,21.12,36.51
20050530,26.22,34.69,1.25,25.94,38.96
20050531,26.9,35.74,2.55,22.31,39.33
20050601,26.83,36.66,6.38,22.93,39.17
20050602,26.96,36.77,7.4,22.37,38.92
20050603,27.27,36.15,6.91,27.52,38.37
20050604,27.43,36.39,5.38,25.56,38.67
20050605,27.72,37.54,5.66,23.52,39.89
20050606,27.03,38.21,5.89,27.82,41.05
20050607,23.81,37.46,5.62,27.98,40.3
20050608,24.35,37.56,5.36,26.64,40.48
20050609,25.45,37.6,5.85,21.74,39.99
20050610,25.61,36.08,5.54,28.03,38.93
20050611,22.25,36.55,6.83,29.78,39.06
20050612,23.86,35.53,4.09,33.43,38.44
20050613,25.89,34.4,4.36,31.46,36.41
20050614,26.88,35.6,1.76,25.87,38.86
20050615,27.27,36.97,2.85,21.86,40.25
20050616,27.26,36.47,5.72,22.59,39.16
20050617,27.32,36.63,3.69,25.59,40.76
20050618,27.59,36.88,5.06,24.62,40.06
20050619,23.97,37.95,2.42,20.37,41.74
20050620,18.8,38.45,2.34,25.96,41.81
20050621,19.52,36.45,3.11,41.96,38.83
20050622,25.79,37.06,2.92,42.2,39.94
20050623,27.14,38.3,5.09,36.69,41.55
20050624,27.87,38.68,4.88,35.25,42.54
20050625,26.53,38.65,5.72,39.98,42.87
20050626,23.26,39.39,7.35,37.09,42.98
20050627,21.99,37.8,6.9,41.61,41.56
20050628,24.04,37.31,6.18,42.12,41.82
20050629,22.46,37.97,3.52,40.1,43.0
20050630,23.34,36.07,4.28,47.98,39.73
20050701,25.43,35.41,4.4,51.17,38.27
20050702,24.72,35.19,3.51,49.5,38.07
20050703,24.72,35.39,4.65,48.04,38.26
20050704,23.91,36.08,4.75,42.71,39.88
20050705,25.32,35.85,3.9,43.37,38.99
20050706,23.24,35.11,3.42,44.83,38.11
20050707,23.82,35.53,3.23,40.62,39.24
20050708,23.13,36.73,2.78,38.44,40.5
20050709,20.46,37.48,2.6,36.6,41.1
20050710,24.3,37.87,4.31,34.56,41.26
20050711,23.17,37.66,6.46,35.77,41.08
20050712,21.28,36.47,5.38,39.68,40.24
20050713,21.87,35.84,3.84,41.2,38.34
20050714,23.22,36.5,4.75,39.68,40.02
20050715,23.89,36.82,4.49,38.4,40.53
20050716,23.4,34.44,3.37,45.48,37.92
20050717,25.27,36.01,4.54,39.77,39.78
20050718,24.5,35.95,6.15,39.25,38.87
20050719,24.71,36.02,6.3,38.53,39.17
20050720,23.29,35.98,7.65,39.46,38.95
20050721,24.13,35.58,6.51,40.07,38.97
20050722,24.27,35.77,6.25,41.06,39.14
20050723,23.81,36.37,5.9,36.98,39.72
20050724,25.25,36.35,4.73,36.4,40.39
20050725,23.72,37.96,3.46,32.36,41.74
20050726,24.82,38.58,3.56,32.04,42.93
20050727,22.67,36.51,5.64,37.64,39.53
20050728,23.79,35.08,2.25,43.94,37.09
20050729,25.46,33.3,2.16,56.34,34.21
20050730,24.14,32.88,2.3,57.74,34.17
20050731,23.43,34.34,1.61,52.1,36.87
20050801,14.26,35.42,1.72,46.97,37.15
20050802,24.43,35.55,1.97,46.24,37.99
20050803,24.76,37.51,1.91,40.9,41.08
20050804,23.79,38.06,3.26,38.79,41.27
20050805,24.65,35.65,7.6,49.54,38.18
20050806,22.26,34.61,7.35,47.11,37.58
20050807,21.01,33.59,8.25,47.44,36.25
20050808,18.78,32.8,4.98,47.58,36.32
20050809,21.11,33.1,4.78,44.95,36.21
20050810,22.86,33.63,5.55,42.64,36.42
20050811,23.71,33.98,5.98,42.12,36.73
20050812,23.38,34.4,6.02,41.75,37.15
20050813,23.27,35.11,5.11,43.01,38.74
20050814,24.02,35.5,5.46,39.92,38.74
20050815,23.99,35.37,6.69,40.49,38.2
20050816,24.83,34.92,4.19,40.72,38.51
20050817,22.91,35.52,4.75,39.5,39.01
20050818,24.38,34.95,5.93,43.27,37.95
20050819,25.13,35.55,6.18,43.05,38.5
20050820,25.38,35.27,5.66,41.91,38.65
20050821,25.26,34.88,6.14,37.1,37.89
20050822,25.61,34.02,6.41,36.76,36.82
20050823,25.16,33.77,6.57,38.27,36.38
20050824,24.92,33.43,7.3,40.31,35.89
20050825,25.04,33.8,7.07,41.08,36.27
20050826,24.71,33.89,6.63,39.82,36.28
20050827,25.26,33.88,6.95,38.42,36.14
20050828,25.52,33.79,4.83,36.72,36.61
20050829,25.99,33.81,3.69,37.16,37.01
20050830,25.04,34.52,4.34,35.03,37.24
20050831,25.72,33.58,5.11,35.69,36.18
20050901,24.59,33.19,4.15,32.95,36.2
20050902,24.34,34.33,3.87,28.43,36.91
20050903,25.07,34.88,3.89,25.02,37.32
20050904,24.29,35.5,3.43,24.43,38.17
20050905,23.93,36.18,2.7,27.65,39.52
20050906,22.4,37.58,2.15,24.4,40.26
20050907,15.23,37.33,3.2,29.59,39.54
20050908,16.07,32.1,2.39,61.01,32.38
20050909,17.55,30.14,1.19,72.17,31.01
20050910,21.07,29.41,1.72,68.96,30.79
20050911,22.46,30.88,3.38,59.77,32.32
20050912,20.63,30.71,4.98,60.81,32.3
20050913,17.7,30.11,5.6,67.26,31.91
20050914,15.35,29.36,7.03,65.9,30.83
20050915,10.42,29.3,6.62,63.34,30.95
20050916,17.51,30.91,2.32,56.83,33.71
20050917,21.97,31.95,3.15,57.1,34.17
20050918,17.34,32.94,1.81,51.04,35.74
20050919,22.6,32.57,3.5,47.67,34.6
20050920,22.91,32.71,2.9,39.26,34.42
20050921,23.18,33.4,2.73,31.58,34.73
20050922,21.74,33.57,2.16,39.69,36.35
20050923,17.07,33.55,2.96,45.53,35.86
20050924,19.96,33.15,3.14,46.43,35.18
20050925,21.04,31.85,5.16,45.59,33.69
20050926,21.82,30.59,4.96,46.25,32.51
20050927,21.2,30.5,4.31,46.26,32.5
20050928,21.69,30.8,4.0,44.36,32.66
20050929,21.35,30.57,3.82,35.5,31.95
20050930,22.01,30.07,4.4,37.37,31.3
20051001,21.98,29.62,4.6,35.82,30.88
20051002,22.02,29.33,4.68,38.28,30.58
20051003,22.26,29.72,4.7,37.35,31.05
20051004,21.86,29.08,4.69,35.38,30.16
20051005,21.78,29.26,3.48,37.72,30.62
20051006,21.3,29.36,3.5,33.12,30.32
20051007,21.88,29.89,3.19,29.71,30.66
20051008,21.57,29.24,3.41,29.49,29.79
20051009,21.79,29.49,2.52,29.07,30.12
20051010,21.3,29.46,2.81,24.47,30.0
20051011,20.7,29.85,3.29,27.28,30.31
20051012,20.34,29.93,2.29,27.05,30.38
20051013,20.07,30.87,2.09,26.53,30.69
20051014,19.8,30.92,1.59,25.01,31.01
20051015,19.97,30.88,1.13,23.9,31.27
20051016,19.84,30.68,1.49,21.53,31.03
20051017,19.2,27.87,2.97,26.57,29.17
20051018,19.0,27.7,3.06,24.35,28.54
20051019,17.34,26.6,3.0,24.55,27.09
20051020,16.61,26.38,3.05,29.62,27.12
20051021,17.71,25.96,3.16,23.92,26.3
20051022,18.63,27.09,1.59,21.03,26.32
20051023,19.63,28.2,1.65,16.78,26.37
20051024,19.38,27.15,2.24,16.63,26.04
20051025,19.08,27.31,2.28,15.97,25.91
20051026,18.63,27.79,1.45,14.69,26.12
20051027,17.72,26.15,2.31,21.66,25.91
20051028,17.39,25.89,2.63,20.91,25.92
20051029,18.25,25.98,2.58,18.72,25.08
20051030,18.91,26.6,2.51,14.88,24.65
20051031,18.53,25.98,2.39,14.23,25.11
20051101,17.79,25.41,2.03,22.55,25.04
20051102,15.92,25.49,1.74,22.51,25.18
20051103,14.66,24.08,2.67,25.33,24.96
20051104,13.96,23.43,2.91,30.28,24.11
20051105,13.87,22.98,2.61,29.35,23.75
20051106,15.29,22.48,2.59,28.28,23.03
20051107,15.27,22.81,2.41,24.43,22.6
20051108,16.48,23.15,2.49,20.14,22.93
20051109,16.59,23.87,2.22,18.35,22.97
20051110,16.68,24.57,2.26,16.64,22.38
20051111,16.27,24.07,1.64,15.83,21.69
20051112,15.82,23.55,1.89,19.6,22.28
20051113,16.34,23.1,2.06,30.42,22.55
20051114,15.72,24.36,2.07,30.66,23.28
20051115,15.88,24.31,2.49,26.1,22.97
20051116,16.08,23.38,2.87,23.64,22.52
20051117,16.59,21.68,2.53,20.02,20.97
20051118,16.18,23.84,2.68,13.84,21.88
20051119,15.84,23.82,2.66,18.14,22.93
20051120,16.25,24.69,1.14,18.07,22.91
20051121,15.78,23.8,1.95,19.98,22.32
20051122,15.14,22.8,1.93,19.15,21.49
20051123,14.55,22.3,2.09,20.56,21.07
20051124,15.63,21.41,3.31,21.26,21.2
20051125,15.46,21.13,2.67,21.67,20.76
20051126,15.07,20.45,2.92,24.08,20.57
20051127,14.32,20.16,2.71,23.54,19.38
20051128,14.24,17.03,3.99,38.37,17.5
20051129,14.5,15.83,3.52,42.18,16.37
20051130,15.38,16.3,2.64,25.62,15.91
20051201,16.19,16.06,2.51,17.55,14.55
20051202,15.68,14.78,3.39,19.35,14.33
20051203,15.57,15.87,2.51,18.86,14.33
20051204,15.41,16.91,2.42,15.51,15.24
20051205,15.13,18.36,2.18,15.47,16.81
20051206,15.02,19.18,1.95,16.14,17.11
20051207,15.07,19.06,2.24,17.4,17.4
20051208,15.17,19.99,1.74,18.82,17.89
20051209,14.59,19.14,2.42,21.41,17.79
20051210,14.51,17.75,2.86,23.53,16.87
20051211,14.53,15.89,2.41,23.83,15.29
20051212,14.86,15.72,2.61,17.89,14.45
20051213,15.07,15.34,2.43,17.25,13.87
20051214,14.88,15.92,1.95,17.19,13.97
20051215,15.1,14.9,2.99,19.47,14.34
20051216,14.18,14.28,3.17,19.38,13.69
20051217,14.31,13.73,2.68,19.83,12.41
20051218,14.02,14.4,2.27,18.17,12.01
20051219,14.19,14.71,2.39,18.1,12.86
20051220,13.26,14.16,2.7,22.71,13.44
20051221,12.31,13.82,3.15,23.36,13.0
20051222,12.16,12.7,2.87,22.85,11.99
20051223,12.31,12.27,2.62,24.41,10.77
20051224,13.17,13.9,2.06,28.36,11.43
20051225,13.81,15.61,1.72,25.13,13.44
20051226,13.12,17.3,2.5,18.14,15.08
20051227,12.19,18.4,3.94,29.16,17.66
20051228,13.46,17.83,2.98,37.95,17.85
20051229,14.07,18.18,1.51,26.84,17.22
20051230,13.25,16.87,2.26,26.97,16.73
20051231,11.63,17.61,1.8,27.67,16.23
20060101,10.12,16.37,3.54,30.2,16.39
20060102,11.07,12.74,3.14,53.26,13.29
20060103,15.33,10.4,2.9,19.81,10.39
20060104,14.86,10.12,3.38,22.83,10.08
20060105,15.67,10.67,3.26,24.64,10.19
20060106,16.02,9.93,3.9,16.82,9.42
20060107,16.68,9.2,3.55,14.03,8.5
20060108,16.11,10.58,2.77,17.52,9.29
20060109,12.59,12.32,2.27,16.45,11.36
20060110,14.68,14.02,2.92,16.4,13.95
20060111,15.06,13.36,3.34,18.21,12.68
20060112,15.23,14.87,2.4,14.72,13.15
20060113,14.92,17.24,1.7,15.67,14.95
20060114,13.87,18.72,1.82,15.55,15.57
20060115,11.68,18.67,3.78,24.96,17.21
20060116,14.28,17.72,2.91,39.62,18.2
20060117,13.03,18.17,2.8,54.63,18.35
20060118,14.21,18.7,2.24,50.49,18.6
20060119,12.08,17.12,2.71,44.58,17.96
20060120,14.9,15.63,3.15,32.61,16.28
20060121,15.56,14.49,2.16,29.95,15.28
20060122,15.5,14.52,2.22,27.1,15.04
20060123,15.6,15.83,2.49,25.64,15.02
20060124,15.66,16.33,2.12,24.28,15.43
20060125,16.36,16.66,2.4,21.42,15.94
20060126,16.64,16.68,2.78,19.74,16.56
20060127,16.26,18.01,2.37,18.71,17.22
20060128,14.82,19.18,2.51,15.96,17.56
20060129,14.52,19.16,2.59,17.23,17.91
20060130,15.21,20.09,2.15,16.67,18.9
20060131,16.95,20.16,2.18,18.04,19.16
20060201,12.69,19.65,2.96,21.84,19.25
20060202,16.53,19.53,3.17,25.74,20.29
20060203,17.04,21.07,2.25,22.43,20.2
20060204,18.03,22.65,1.53,18.81,20.04
20060205,16.05,22.54,2.64,15.56,20.17
20060206,14.72,22.18,2.25,15.39,20.92
20060207,16.75,21.11,1.74,18.17,20.71
20060208,17.06,20.71,3.03,18.49,20.6
20060209,17.61,21.04,3.25,21.29,21.38
20060210,17.85,22.34,1.97,20.04,21.94
20060211,18.06,23.25,3.53,19.54,22.93
20060212,17.97,25.29,2.23,17.71,24.2
20060213,16.28,25.45,1.69,21.17,25.18
20060214,14.09,24.24,3.02,25.8,23.93
20060215,17.8,23.55,3.24,28.84,24.09
20060216,16.91,24.2,1.89,33.03,25.07
20060217,17.64,24.68,1.64,31.94,26.07
20060218,16.28,24.23,2.13,33.15,25.27
20060219,16.73,25.44,3.23,33.86,26.3
20060220,18.1,26.04,1.69,27.78,26.77
20060221,19.07,24.49,2.53,26.64,25.66
20060222,17.41,25.34,2.69,26.16,26.38
20060223,19.47,24.43,2.85,29.37,26.46
20060224,19.74,25.36,2.5,25.33,26.45
20060225,17.61,25.74,3.25,25.57,26.41
20060226,16.42,24.07,3.42,35.67,26.01
20060227,22.0,21.75,3.41,17.17,23.0
20060228,22.23,22.91,2.24,16.82,22.91
20060301,22.73,23.99,2.12,13.18,23.74
20060302,23.01,24.85,1.96,11.06,24.19
20060303,22.54,24.75,2.2,11.69,25.03
20060304,22.18,24.85,2.51,12.71,25.86
20060305,20.45,23.94,2.06,15.05,24.32
20060306,21.77,23.03,2.98,18.72,23.49
20060307,22.29,23.6,4.36,24.93,24.74
20060308,16.72,23.56,5.44,26.86,24.49
20060309,6.95,22.49,5.26,41.58,22.66
20060310,16.77,19.7,2.77,68.04,20.77
20060311,22.27,22.12,2.1,52.76,23.3
20060312,21.68,23.87,2.57,38.79,25.49
20060313,19.21,24.63,3.12,37.26,25.82
20060314,21.87,24.03,1.83,44.98,26.05
20060315,21.78,22.4,2.6,44.6,25.3
20060316,21.55,22.82,3.13,35.68,25.19
20060317,23.88,23.06,3.25,25.77,24.89
20060318,23.49,23.66,2.85,24.38,25.48
20060319,23.51,26.28,2.46,18.3,27.44
20060320,22.78,24.36,3.42,32.53,25.88
20060321,24.74,24.13,2.98,34.57,26.46
20060322,22.39,26.25,2.11,21.4,27.33
20060323,22.62,28.03,1.75,22.35,29.8
20060324,22.64,25.3,3.42,33.24,27.84
20060325,23.71,25.68,3.6,32.72,28.32
20060326,24.26,23.7,3.57,36.11,25.43
20060327,25.04,24.71,2.96,21.64,26.04
20060328,25.67,24.3,3.33,26.04,26.79
20060329,25.96,25.61,2.36,23.86,27.19
20060330,25.84,28.42,2.39,15.03,28.86
20060331,23.27,28.95,3.14,11.14,29.1
20060401,25.21,28.29,3.81,20.67,30.01
20060402,25.53,28.14,2.78,16.15,30.42
20060403,25.24,29.45,2.82,19.23,31.77
20060404,24.54,30.12,2.4,14.76,32.18
20060405,24.8,32.79,2.07,14.92,34.77
20060406,24.39,33.48,3.51,17.78,34.54
20060407,24.54,34.11,2.49,12.4,35.02
20060408,22.62,33.11,5.11,18.31,34.42
20060409,22.15,31.6,7.79,22.95,32.69
20060410,26.74,29.24,3.3,13.18,30.51
20060411,26.43,28.16,3.32,9.79,28.7
20060412,27.36,26.14,3.33,5.81,28.43
20060413,25.34,27.79,3.46,6.27,29.79
20060414,23.11,29.12,4.52,9.69,30.57
20060415,25.28,27.94,3.69,12.64,30.17
20060416,24.75,29.18,2.37,15.6,31.63
20060417,24.3,28.21,3.0,19.6,30.55
20060418,25.13,29.67,3.35,19.0,31.22
20060419,24.43,31.54,2.74,19.76,33.57
20060420,22.14,31.83,2.52,25.76,35.02
20060421,24.82,31.3,1.62,22.68,34.02
20060422,25.26,33.2,2.73,22.47,35.33
20060423,26.35,33.16,3.53,21.72,35.72
20060424,25.66,33.59,3.22,26.32,36.2
20060425,26.3,34.32,4.53,20.83,36.45
20060426,26.86,33.27,5.11,22.44,35.57
20060427,25.93,33.72,3.73,22.83,36.3
20060428,24.03,34.43,4.36,23.18,37.0
20060429,23.69,35.58,2.96,23.61,38.55
20060430,22.97,35.48,2.21,20.24,37.52
20060501,24.6,35.37,2.97,18.99,37.24
20060502,25.15,34.82,2.49,17.44,37.05
20060503,25.04,35.89,1.79,16.99,38.5
20060504,26.66,37.27,2.67,13.94,38.64
20060505,26.95,37.28,4.64,14.42,39.2
20060506,26.48,36.74,5.44,18.08,38.79
20060507,25.66,36.3,6.24,25.29,38.82
20060508,26.11,36.4,5.75,26.86,39.35
20060509,25.24,36.78,3.54,20.54,39.69
20060510,20.33,36.93,3.63,20.11,40.11
20060511,25.25,37.79,5.16,18.53,39.99
20060512,26.45,37.35,4.73,20.83,39.89
20060513,25.67,37.09,5.99,20.85,39.35
20060514,25.91,36.31,6.35,26.06,38.61
20060515,25.42,36.24,6.16,32.2,38.78
20060516,24.71,36.69,4.56,27.74,39.46
20060517,24.9,37.21,4.5,25.89,40.52
20060518,24.01,36.19,4.38,25.31,38.62
20060519,25.88,35.88,6.02,27.43,38.63
20060520,22.59,35.38,5.34,36.5,38.75
20060521,21.7,35.63,4.95,36.2,38.97
20060522,21.05,36.54,5.51,34.22,39.53
20060523,23.91,36.38,5.56,34.3,39.72
20060524,24.33,36.42,5.56,32.24,39.7
20060525,24.17,37.46,4.49,28.34,41.11
20060526,24.89,37.72,5.02,24.08,40.74
20060527,25.39,39.03,6.11,23.25,41.19
20060528,27.42,39.07,7.52,22.93,41.11
20060529,27.08,38.42,6.06,20.07,40.39
20060530,25.69,38.23,2.38,14.51,40.27
20060531,26.02,38.26,5.68,26.25,41.33
20060601,23.0,37.46,4.69,26.37,41.03
20060602,22.62,34.51,6.29,33.02,37.81
20060603,23.61,34.86,2.78,36.42,38.43
20060604,24.54,35.63,5.68,30.68,38.45
20060605,22.1,34.43,4.11,30.92,37.81
20060606,21.74,34.48,4.7,31.56,37.36
20060607,23.83,34.64,4.78,29.85,37.71
20060608,25.84,35.1,4.33,29.25,38.46
20060609,26.11,36.29,4.06,23.01,39.47
20060610,26.95,36.09,5.48,22.09,38.13
20060611,27.06,35.24,6.4,29.81,37.95
20060612,23.81,35.07,7.16,35.5,37.82
20060613,23.83,34.73,6.14,37.41,38.35
20060614,24.37,34.95,5.81,36.12,38.3
20060615,23.26,35.15,6.01,37.61,38.44
20060616,23.04,35.63,5.86,33.82,39.06
20060617,19.48,34.68,4.2,34.75,38.72
20060618,23.48,35.46,3.44,32.21,38.41
20060619,23.05,34.95,3.3,33.52,38.38
20060620,25.51,35.54,2.86,29.15,40.16
20060621,26.74,36.32,3.25,22.72,40.18
20060622,27.89,37.49,3.42,23.15,41.23
20060623,26.45,38.8,3.25,21.09,42.56
20060624,26.65,39.99,3.01,23.49,44.17
20060625,22.12,39.32,3.21,27.88,43.0
20060626,20.86,38.14,3.19,36.27,44.02
20060627,23.5,34.93,5.05,52.77,37.24
20060628,23.48,33.0,3.68,61.51,34.8
20060629,23.75,34.65,3.93,51.78,36.17
20060630,25.58,34.49,2.77,50.57,37.21
20060701,25.04,36.53,3.6,44.78,39.61
20060702,26.58,39.57,2.97,34.5,43.34
20060703,25.27,40.63,3.89,30.35,43.68
20060704,23.16,40.92,1.6,29.16,44.68
20060705,25.28,40.05,4.92,30.47,43.41
20060706,23.66,38.21,3.87,36.88,42.54
20060707,24.9,36.65,7.28,46.74,40.02
20060708,20.81,36.07,8.58,49.25,39.22
20060709,20.19,35.34,8.48,46.94,38.24
20060710,18.3,34.6,7.17,46.75,37.79
20060711,16.21,35.2,6.92,47.75,38.47
20060712,18.81,35.16,6.93,45.77,38.02
20060713,18.16,34.75,6.92,45.77,37.3
20060714,17.61,34.15,4.42,44.74,37.99
20060715,18.23,35.25,3.8,38.68,39.13
20060716,19.15,35.9,3.51,35.85,39.63
20060717,21.29,37.17,3.95,33.14,41.02
20060718,22.81,37.0,5.35,32.19,39.48
20060719,22.85,36.68,6.74,38.13,39.8
20060720,23.65,35.77,6.32,42.09,39.52
20060721,17.26,35.94,4.66,40.43,39.15
20060722,24.99,37.56,4.49,35.15,41.21
20060723,26.36,38.01,4.15,36.29,42.44
20060724,22.65,36.65,4.13,43.05,39.99
20060725,21.92,34.19,5.68,52.93,36.85
20060726,17.85,34.31,6.38,49.57,36.92
20060727,18.96,34.44,5.19,46.19,36.9
20060728,20.17,35.75,3.49,43.71,39.73
20060729,24.54,35.65,4.64,42.83,38.95
20060730,20.05,33.21,6.05,52.32,35.06
20060731,24.04,35.49,5.24,43.7,38.52
20060801,22.19,35.44,5.27,43.72,38.55
20060802,16.01,34.63,4.13,48.01,38.19
20060803,21.64,33.66,3.23,49.22,37.85
20060804,20.4,32.94,2.5,53.54,36.65
20060805,19.33,31.08,1.72,68.13,32.7
20060806,21.09,29.82,3.24,78.26,30.41
20060807,24.76,31.29,1.56,67.34,32.42
20060808,20.34,32.09,2.32,59.88,33.52
20060809,20.88,33.05,3.3,55.3,34.41
20060810,21.16,33.35,2.59,55.81,34.27
20060811,24.31,33.58,2.65,55.51,34.86
20060812,21.11,34.35,4.14,49.26,36.03
20060813,21.02,33.99,4.6,53.44,36.21
20060814,24.7,32.44,3.22,59.81,34.2
20060815,20.43,32.44,2.62,57.17,34.32
20060816,22.13,33.37,4.14,52.77,34.62
20060817,22.14,33.74,3.47,53.44,35.76
20060818,23.94,32.98,2.3,61.97,33.52
20060819,23.04,32.81,2.18,63.53,33.48
20060820,13.75,29.71,1.38,74.41,30.11
20060821,12.24,28.08,2.61,84.31,28.55
20060822,16.52,28.75,4.49,80.18,29.39
20060823,17.12,28.89,5.89,74.26,30.48
20060824,14.9,29.02,4.46,73.87,31.22
20060825,21.85,29.25,5.24,73.82,31.19
20060826,22.58,28.72,6.29,72.04,30.57
20060827,23.57,28.79,6.72,71.55,30.44
20060828,23.6,28.98,4.91,70.38,30.97
20060829,22.27,28.75,4.31,69.24,30.79
20060830,22.4,29.32,2.93,65.32,31.4
20060831,22.33,31.2,3.27,58.1,32.72
20060901,23.84,31.18,3.06,57.41,32.69
20060902,21.53,30.32,2.54,60.94,32.66
20060903,21.93,29.64,4.0,63.55,31.84
20060904,22.33,29.83,2.68,58.81,32.16
20060905,22.21,31.44,2.4,51.9,33.31
20060906,22.52,32.07,3.66,45.33,33.11
20060907,17.41,31.62,3.02,57.94,32.72
20060908,15.41,29.99,4.3,68.6,32.07
20060909,9.75,28.92,4.88,74.07,30.36
20060910,18.74,29.54,4.68,67.33,31.32
20060911,21.1,29.49,5.07,65.31,31.27
20060912,22.19,29.64,4.19,62.75,31.69
20060913,22.65,29.74,4.09,63.65,31.66
20060914,22.42,29.64,2.98,59.61,31.69
20060915,23.21,30.74,1.78,51.07,32.94
20060916,22.33,31.98,2.72,44.21,33.48
20060917,22.72,32.81,2.58,35.48,33.77
20060918,22.77,32.42,2.21,37.18,33.76
20060919,22.89,31.93,3.14,48.08,33.54
20060920,22.34,32.81,3.57,50.43,33.96
20060921,19.9,32.7,2.82,45.9,34.14
20060922,21.58,31.2,3.22,54.46,32.75
20060923,21.01,29.54,3.21,62.57,30.62
20060924,21.63,30.24,2.89,56.3,31.89
20060925,20.49,29.98,2.73,53.61,31.8
20060926,21.5,30.12,3.77,59.6,31.83
20060927,21.57,29.82,3.16,57.77,31.85
20060928,21.36,30.21,2.99,50.2,31.76
20060929,22.1,30.4,2.63,53.25,32.42
20060930,21.59,31.21,2.46,47.54,33.01
20061001,21.16,31.24,2.63,41.68,32.8
20061002,20.72,31.19,2.16,36.21,32.05
20061003,21.79,32.05,2.36,32.05,32.62
20061004,20.92,30.97,4.35,38.43,31.6
20061005,21.77,30.03,5.1,45.68,30.89
20061006,21.32,29.03,4.8,56.33,30.36
20061007,20.54,29.3,4.31,59.55,30.83
20061008,20.91,28.72,4.79,58.44,30.16
20061009,20.83,28.24,4.08,56.45,29.69
20061010,20.72,28.46,3.45,51.64,29.71
20061011,20.47,28.37,3.81,47.93,29.49
20061012,19.8,28.37,4.41,49.14,29.49
20061013,19.6,27.86,4.19,51.85,28.97
20061014,18.84,28.9,2.02,48.3,30.3
20061015,18.66,29.5,1.99,39.51,30.28
20061016,18.4,30.62,1.34,36.05,31.05
20061017,19.41,30.3,3.18,36.37,30.8
20061018,17.89,29.36,4.79,37.26,29.94
20061019,18.1,29.19,4.61,45.84,30.15
20061020,17.2,27.01,3.11,55.19,28.0
20061021,17.7,25.66,2.11,52.17,27.41
20061022,18.16,26.3,2.49,45.81,27.51
20061023,18.0,26.11,2.37,41.93,27.12
20061024,17.34,25.82,2.41,41.13,26.44
20061025,16.75,26.47,2.92,39.26,27.23
20061026,15.73,26.43,3.1,42.45,27.19
20061027,15.44,26.59,3.12,38.96,27.16
20061028,14.53,26.29,2.81,38.83,26.93
20061029,14.23,25.73,2.63,38.99,26.45
20061030,14.26,26.39,1.81,34.57,26.2
20061031,14.86,27.43,1.53,28.93,26.14
20061101,15.19,25.84,2.36,33.56,26.07
20061102,14.65,25.2,3.2,35.52,25.52
20061103,15.34,24.97,2.92,34.14,25.34
20061104,15.26,25.49,2.23,29.97,25.27
20061105,16.28,26.27,1.7,27.38,24.92
20061106,16.66,25.22,2.69,28.42,24.29
20061107,16.36,25.21,2.18,33.66,24.79
20061108,16.4,26.12,1.08,31.96,25.5
20061109,16.6,25.97,1.47,29.3,25.05
20061110,14.21,25.25,2.21,36.54,24.83
20061111,13.9,26.15,1.66,35.95,25.4
20061112,15.39,26.01,1.42,32.67,25.52
20061113,15.34,24.43,1.88,35.33,24.21
20061114,13.73,23.16,2.21,44.61,23.33
20061115,13.59,23.96,2.56,39.42,24.81
20061116,13.41,23.58,2.47,36.44,23.92
20061117,14.52,23.2,2.29,37.62,23.16
20061118,14.24,21.13,3.2,54.23,22.23
20061119,13.92,21.22,2.62,54.81,22.45
20061120,14.63,22.88,1.8,46.54,23.03
20061121,15.09,24.07,2.13,40.41,23.51
20061122,13.88,21.65,3.3,48.18,22.32
20061123,15.86,19.15,2.86,41.91,19.57
20061124,15.79,18.27,2.62,29.89,18.26
20061125,16.53,17.73,2.38,27.83,17.35
20061126,16.19,18.88,1.44,23.85,17.33
20061127,15.64,18.78,2.28,23.58,17.26
20061128,15.58,18.05,2.61,25.35,17.59
20061129,15.23,17.9,2.44,25.78,17.19
20061130,14.23,16.67,3.19,34.08,16.87
20061201,14.18,17.65,3.09,34.48,17.91
20061202,13.2,18.48,2.86,36.55,17.95
20061203,9.77,19.22,3.58,36.08,19.13
20061204,3.37,15.8,4.49,74.59,16.05
20061205,14.46,15.64,2.99,65.45,16.04
20061206,16.04,12.54,2.33,35.61,12.58
20061207,14.14,12.69,3.3,45.02,12.64
20061208,13.11,13.48,2.76,40.29,12.46
20061209,14.46,15.06,2.06,39.0,13.47
20061210,13.81,15.93,2.68,38.65,14.51
20061211,14.68,14.52,2.66,40.24,14.29
20061212,12.5,14.14,2.88,50.29,14.19
20061213,13.54,15.11,2.43,46.89,14.97
20061214,13.74,15.6,3.16,40.82,15.33
20061215,13.32,17.02,1.72,35.84,15.9
20061216,13.3,18.3,2.28,35.39,16.98
20061217,14.09,17.11,2.62,44.55,16.58
20061218,14.83,19.04,1.15,34.5,16.64
20061219,12.98,18.52,2.51,31.75,17.27
20061220,14.55,17.53,2.21,30.45,17.35
20061221,12.51,15.35,3.02,43.24,15.19
20061222,11.05,14.63,3.81,61.54,15.09
20061223,12.47,15.41,2.64,57.59,15.81
20061224,12.82,17.55,2.92,46.32,17.04
20061225,5.81,17.74,3.8,49.72,17.63
20061226,11.13,15.28,3.28,53.37,15.89
20061227,14.13,13.43,3.65,58.85,13.94
20061228,15.02,14.88,1.34,45.2,13.87
20061229,15.24,14.63,2.31,39.38,14.33
20061230,14.35,14.57,2.02,41.32,13.95
20061231,12.95,15.31,2.46,40.86,14.99
20070101,14.48,14.97,2.63,40.89,15.17
20070102,13.6,13.74,2.68,42.07,13.71
20070103,13.66,13.66,2.26,38.74,13.49
20070104,11.19,13.84,2.58,36.07,13.49
20070105,14.52,13.32,2.89,33.53,12.55
20070106,14.74,11.89,3.7,27.8,11.66
20070107,14.35,10.65,3.74,29.24,10.72
20070108,12.37,11.45,2.79,30.93,11.49
20070109,13.95,12.86,3.36,27.57,13.01
20070110,14.14,12.44,3.25,33.51,12.09
20070111,13.56,13.81,1.89,32.48,12.84
20070112,14.79,15.31,1.46,26.57,12.9
20070113,15.11,15.5,1.38,24.52,13.15
20070114,15.29,16.33,2.15,21.32,14.19
20070115,14.91,15.21,2.63,22.57,14.78
20070116,15.67,15.36,2.49,25.22,14.73
20070117,14.71,16.61,2.46,24.85,15.52
20070118,14.45,16.96,3.65,27.07,16.36
20070119,13.51,15.82,3.09,33.82,16.36
20070120,13.7,14.69,2.86,36.13,15.08
20070121,16.27,15.13,2.19,26.63,13.98
20070122,16.61,15.55,1.85,20.74,13.44
20070123,16.58,15.84,2.47,19.24,14.43
20070124,14.99,17.95,3.11,17.41,17.81
20070125,16.27,18.04,2.77,18.67,18.62
20070126,17.18,16.43,3.55,24.47,16.08
20070127,16.84,18.02,2.46,41.3,17.69
20070128,16.49,18.1,2.17,36.07,17.86
20070129,11.68,18.61,2.83,32.42,18.9
20070130,15.39,19.07,1.94,37.14,18.79
20070131,16.65,20.09,1.94,29.03,18.46
20070201,17.11,21.24,0.85,24.0,18.72
20070202,17.8,20.58,2.47,23.7,19.51
20070203,15.45,20.15,3.41,27.2,20.2
20070204,16.76,19.22,2.78,29.04,19.83
20070205,16.97,20.4,3.22,29.75,20.01
20070206,16.29,20.7,3.04,35.73,21.06
20070207,16.84,20.75,2.67,40.31,21.3
20070208,15.72,20.7,3.78,36.57,21.17
20070209,11.75,20.57,2.68,40.01,20.69
20070210,6.78,17.41,5.75,81.68,16.85
20070211,18.38,17.46,2.6,58.53,16.7
20070212,19.06,17.46,2.65,53.27,18.28
20070213,18.44,16.06,2.67,61.35,17.22
20070214,19.26,17.14,2.43,47.69,18.47
20070215,13.76,17.65,3.18,47.6,19.24
20070216,18.18,17.41,2.85,50.76,19.13
20070217,16.37,18.64,2.88,43.85,19.79
20070218,18.16,19.14,3.66,42.7,20.23
20070219,18.5,17.77,4.43,51.02,18.83
20070220,19.36,18.51,3.47,46.38,19.81
20070221,19.04,19.3,2.8,39.77,20.61
20070222,18.85,18.67,4.09,53.59,19.99
20070223,19.16,19.29,3.89,47.26,20.72
20070224,18.53,19.97,3.4,35.96,20.55
20070225,20.22,20.08,2.25,48.64,21.28
20070226,19.29,21.01,3.43,42.98,21.92
20070227,16.81,22.39,4.74,50.74,23.21
20070228,13.81,19.78,2.37,67.46,21.02
20070301,18.71,19.19,2.34,57.61,20.08
20070302,22.25,20.09,2.21,39.56,20.01
20070303,22.14,21.32,2.59,30.67,20.52
20070304,21.62,21.54,2.43,31.27,22.65
20070305,21.78,20.8,3.22,37.78,22.21
20070306,22.31,21.21,2.13,33.8,21.88
20070307,22.49,22.58,2.26,21.73,22.37
20070308,22.83,23.34,2.66,20.76,23.58
20070309,18.47,23.7,3.8,45.02,24.75
20070310,20.6,21.94,3.39,40.5,23.8
20070311,11.39,20.0,4.34,56.18,21.06
20070312,13.27,18.5,3.18,73.07,19.98
20070313,22.11,18.71,2.73,55.5,20.08
20070314,23.26,19.33,2.39,39.28,21.1
20070315,23.09,20.32,2.7,34.56,22.31
20070316,22.38,22.63,2.32,31.94,24.33
20070317,22.62,25.18,2.07,31.89,26.41
20070318,21.19,27.58,3.0,27.98,27.63
20070319,10.86,26.53,5.59,35.59,27.19
20070320,22.15,24.85,5.07,45.28,26.03
20070321,24.54,23.27,3.78,33.82,24.92
20070322,23.77,23.16,3.95,42.76,24.85
20070323,24.29,23.64,2.68,33.75,25.28
20070324,21.96,26.24,2.67,25.01,26.31
20070325,24.64,26.76,2.31,21.51,26.66
20070326,25.09,28.4,2.19,17.64,27.42
20070327,24.29,29.34,1.85,17.8,28.54
20070328,24.78,30.22,1.8,18.62,29.87
20070329,25.14,31.31,1.98,17.84,30.94
20070330,24.95,29.45,4.22,18.7,29.94
20070331,25.21,29.43,5.19,23.09,30.3
20070401,24.75,28.66,4.59,32.88,30.44
20070402,26.8,25.32,3.65,18.27,26.58
20070403,24.36,28.07,1.65,15.32,28.33
20070404,25.33,30.78,2.1,13.05,30.27
20070405,24.13,31.14,1.75,20.02,31.82
20070406,23.85,31.99,2.22,24.84,33.77
20070407,25.34,31.97,2.96,25.53,34.37
20070408,22.2,31.52,3.63,24.56,34.2
20070409,26.3,31.43,2.07,22.9,33.21
20070410,26.35,32.5,3.35,19.32,33.42
20070411,26.69,31.66,4.7,19.0,32.98
20070412,26.73,31.85,4.08,18.39,33.45
20070413,27.02,32.23,4.06,18.9,33.56
20070414,26.3,33.8,2.4,17.99,35.11
20070415,26.7,35.17,1.68,16.91,36.17
20070416,26.8,34.24,3.39,20.72,35.1
20070417,26.43,34.23,3.73,18.47,35.91
20070418,26.27,34.69,3.74,18.56,36.0
20070419,25.31,35.0,1.46,16.15,36.15
20070420,24.97,34.04,1.92,19.08,35.86
20070421,26.48,33.35,2.72,22.43,35.64
20070422,26.31,33.79,5.07,22.65,35.43
20070423,25.47,33.46,6.58,27.99,34.78
20070424,25.98,32.65,5.14,28.4,33.93
20070425,27.3,33.85,5.75,23.12,34.6
20070426,27.51,33.79,4.53,23.72,35.08
20070427,27.63,33.91,4.49,18.67,35.46
20070428,27.51,34.16,3.63,18.71,35.96
20070429,27.31,35.78,1.57,15.62,37.1
20070430,26.56,35.97,2.51,15.95,37.43
20070501,25.39,36.46,2.14,17.25,38.56
20070502,27.08,37.09,3.31,17.05,38.77
20070503,27.22,36.56,3.47,16.8,38.89
20070504,27.54,37.09,1.51,13.48,39.71
20070505,25.94,37.04,1.83,14.98,38.87
20070506,27.1,37.32,3.74,15.97,38.95
20070507,27.44,36.55,4.88,19.87,38.03
20070508,26.79,36.29,5.89,19.13,37.94
20070509,23.91,36.12,4.19,23.18,38.42
20070510,24.95,36.45,2.21,20.76,38.2
20070511,25.7,35.42,3.34,16.63,37.12
20070512,26.83,35.03,3.39,20.76,37.04
20070513,27.14,35.13,4.39,29.82,38.1
20070514,27.4,35.32,4.55,27.4,38.03
20070515,26.62,35.53,6.15,34.09,37.75
20070516,26.03,34.85,5.85,37.7,37.69
20070517,26.37,35.68,4.87,32.5,38.75
20070518,26.54,36.89,6.43,29.49,39.28
20070519,24.33,35.98,5.33,32.08,39.02
20070520,21.95,35.37,5.55,37.07,38.02
20070521,24.61,35.04,5.66,33.34,37.6
20070522,27.85,33.74,3.84,22.25,36.0
20070523,27.47,34.94,2.05,15.09,36.98
20070524,27.6,35.49,2.11,12.59,37.32
20070525,26.57,34.33,2.52,10.96,36.17
20070526,25.02,33.26,2.69,15.33,36.18
20070527,26.24,32.76,3.23,19.22,36.91
20070528,21.66,33.96,2.06,18.72,37.89
20070529,21.45,33.81,2.34,21.85,36.99
20070530,21.21,34.94,1.58,23.0,38.81
20070531,26.14,36.33,1.73,21.85,38.81
20070601,27.65,37.05,3.3,21.1,39.88
20070602,28.3,37.03,3.71,19.75,39.94
20070603,26.81,36.68,4.89,24.41,39.52
20070604,23.74,35.13,6.01,38.4,39.07
20070605,26.56,34.89,5.71,41.93,38.37
20070606,27.41,36.63,5.52,37.34,39.94
20070607,28.48,37.46,6.14,33.38,40.58
20070608,27.19,37.6,5.7,32.16,40.68
20070609,27.68,39.02,5.6,28.88,42.16
20070610,25.65,38.68,7.62,32.39,41.36
20070611,25.06,38.29,7.53,34.07,41.26
20070612,25.87,38.04,7.15,39.12,41.25
20070613,26.05,38.38,6.61,36.84,41.6
20070614,26.23,38.78,7.12,34.81,42.0
20070615,25.12,38.01,7.87,37.26,41.04
20070616,26.01,37.82,6.22,38.13,41.29
20070617,26.26,38.34,5.81,36.22,42.19
20070618,23.81,36.65,4.46,43.16,42.16
20070619,25.22,37.21,3.7,42.28,41.94
20070620,24.67,37.45,3.29,39.6,42.91
20070621,26.06,36.03,3.1,39.12,39.1
20070622,25.65,35.71,5.27,37.64,37.97
20070623,23.44,37.43,7.46,37.15,40.3
20070624,22.07,37.51,8.18,37.7,40.42
20070625,22.59,35.39,6.94,45.14,39.35
20070626,22.49,34.21,6.74,49.22,38.01
20070627,19.79,34.25,5.81,51.79,37.75
20070628,26.6,35.99,4.74,42.45,39.29
20070629,13.44,36.33,2.05,41.36,41.31
20070630,25.43,36.11,2.27,44.8,40.31
20070701,25.95,38.6,4.72,35.53,42.08
20070702,25.0,38.48,6.37,35.11,41.94
20070703,24.88,37.73,4.88,36.84,41.79
20070704,24.36,36.37,3.02,40.96,40.42
20070705,21.73,36.01,5.61,45.34,39.14
20070706,25.29,36.81,5.2,43.04,40.95
20070707,24.32,36.4,5.36,43.55,39.36
20070708,21.78,34.33,2.99,52.51,36.8
20070709,24.62,34.38,4.0,48.29,36.82
20070710,20.0,35.8,2.43,38.88,38.95
20070711,20.85,36.95,2.85,41.08,40.82
20070712,25.65,36.61,6.31,44.25,40.0
20070713,24.62,37.05,6.95,43.95,40.39
20070714,23.33,36.9,5.94,43.08,40.85
20070715,21.17,36.11,4.9,44.09,40.34
20070716,22.97,37.08,3.19,38.04,41.62
20070717,22.25,37.43,4.04,35.3,42.1
20070718,24.57,37.19,6.24,35.11,40.75
20070719,23.97,36.42,7.17,37.8,39.56
20070720,23.91,35.37,8.02,41.66,38.47
20070721,19.01,34.3,8.09,44.45,37.05
20070722,20.39,33.52,5.31,47.71,35.72
20070723,21.19,33.06,3.32,54.04,34.28
20070724,22.51,34.33,3.45,46.94,36.56
20070725,24.75,34.92,6.38,44.73,37.09
20070726,25.39,36.03,7.96,40.79,38.56
20070727,23.7,35.85,7.23,45.38,38.6
20070728,22.79,35.65,6.6,45.86,39.25
20070729,22.82,34.45,4.79,49.37,38.01
20070730,20.99,36.0,3.16,42.38,40.36
20070731,24.59,36.07,5.41,43.46,39.31
20070801,25.17,35.03,7.05,46.15,37.43
20070802,24.51,35.36,7.1,46.94,38.58
20070803,24.91,35.83,3.32,42.46,40.33
20070804,16.92,36.47,3.34,37.82,39.37
20070805,21.86,34.04,4.04,48.7,36.46
20070806,18.88,33.16,2.36,55.73,34.78
20070807,22.48,31.82,3.7,63.09,32.25
20070808,24.28,34.66,4.63,49.24,36.29
20070809,21.36,34.93,5.55,49.17,37.32
20070810,23.31,34.89,4.23,51.85,38.21
20070811,25.05,35.46,4.14,47.66,39.4
20070812,22.75,34.86,7.16,51.8,37.79
20070813,20.4,34.51,7.47,47.73,37.25
20070814,18.76,33.94,6.23,44.63,36.77
20070815,20.12,33.46,5.52,45.01,36.15
20070816,23.02,33.11,5.61,42.16,35.71
20070817,24.87,33.63,5.31,42.83,36.62
20070818,25.18,33.7,5.34,40.82,36.47
20070819,25.85,34.48,4.27,38.18,37.86
20070820,23.03,34.14,4.53,40.48,37.31
20070821,20.87,32.89,4.21,47.01,35.93
20070822,21.74,32.63,2.77,51.85,35.13
20070823,4.87,29.57,2.09,73.22,30.1
20070824,23.5,30.08,3.43,71.09,31.57
20070825,25.13,33.08,3.06,53.78,35.66
20070826,25.27,34.73,2.85,44.93,37.63
20070827,24.93,35.31,2.96,44.79,38.67
20070828,24.12,35.07,3.34,44.47,38.4
20070829,22.8,35.03,2.59,44.26,38.4
20070830,22.9,34.52,1.66,44.35,37.79
20070831,23.19,36.23,1.69,37.9,39.64
20070901,21.13,35.28,2.63,43.03,38.29
20070902,20.67,35.69,2.15,43.55,39.02
20070903,22.23,36.43,1.62,38.94,39.5
20070904,22.33,36.24,3.29,38.99,39.65
20070905,22.52,35.96,5.36,42.54,38.68
20070906,21.17,34.36,5.01,47.32,37.37
20070907,18.73,32.91,3.41,50.99,36.73
20070908,18.87,33.14,3.6,45.93,36.39
20070909,20.71,33.0,3.34,45.87,36.23
20070910,22.02,33.81,3.2,41.18,36.76
20070911,22.61,33.17,3.82,43.07,35.79
20070912,22.84,32.86,4.33,40.75,35.1
20070913,23.17,32.96,3.82,39.97,35.48
20070914,22.78,32.79,4.11,41.88,35.4
20070915,22.57,33.21,3.36,43.41,35.87
20070916,20.02,33.53,2.68,42.03,36.17
20070917,19.14,34.11,1.81,41.27,37.51
20070918,21.88,35.55,1.05,34.7,38.07
20070919,21.5,35.89,1.19,33.67,38.75
20070920,21.85,36.71,1.15,29.79,38.47
20070921,20.49,35.94,2.3,32.34,38.0
20070922,19.72,35.05,2.95,37.75,37.84
20070923,17.2,31.2,4.04,51.99,32.73
20070924,15.93,30.07,2.87,58.51,31.2
20070925,20.42,31.99,0.95,44.57,34.23
20070926,22.57,33.03,1.54,30.03,33.84
20070927,21.94,32.78,1.72,21.6,33.43
20070928,20.69,30.87,2.65,26.49,32.72
20070929,20.11,31.96,1.81,22.41,33.35
20070930,20.14,31.16,2.34,21.7,32.47
20071001,21.66,32.15,2.18,19.89,31.9
20071002,22.07,30.9,3.26,18.19,30.73
20071003,21.08,30.02,1.86,18.64,30.73
20071004,22.04,29.56,2.62,25.36,30.41
20071005,18.23,29.63,2.02,19.67,30.12
20071006,20.25,29.95,2.13,20.53,30.36
20071007,21.1,29.36,2.74,16.37,29.29
20071008,22.43,28.79,2.29,9.82,27.79
20071009,22.4,28.5,1.98,9.52,27.15
20071010,21.65,29.21,0.94,10.55,27.55
20071011,21.28,28.36,2.1,20.48,28.41
20071012,21.26,29.39,1.65,17.03,29.0
20071013,21.44,28.91,1.8,15.19,28.24
20071014,21.16,28.8,1.17,11.91,27.64
20071015,20.98,27.76,2.08,15.39,27.45
20071016,20.72,28.61,1.98,11.75,26.51
20071017,20.45,28.4,1.73,11.04,26.74
20071018,20.69,26.91,2.47,17.22,26.72
20071019,20.05,28.22,2.33,14.06,26.65
20071020,20.46,27.17,4.15,17.5,26.68
20071021,19.44,27.57,3.17,23.98,27.27
20071022,18.38,27.49,2.43,24.57,27.64
20071023,17.38,26.79,2.2,20.68,26.86
20071024,18.39,27.52,2.34,19.66,27.54
20071025,18.73,28.63,1.91,20.04,28.32
20071026,18.32,29.83,1.43,19.16,28.56
20071027,18.8,29.05,2.01,20.88,28.16
20071028,18.4,27.71,2.26,20.93,26.88
20071029,19.11,27.52,2.34,16.89,26.35
20071030,18.48,25.76,3.69,18.25,26.07
20071031,17.9,24.94,3.28,17.83,24.93
20071101,17.55,25.05,2.65,15.58,24.31
20071102,17.39,26.45,1.95,11.77,24.51
20071103,17.73,26.64,2.28,11.37,24.73
20071104,16.94,25.58,2.16,13.7,25.61
20071105,17.24,26.43,1.97,13.7,25.3
20071106,17.3,27.67,2.1,13.27,25.3
20071107,17.02,25.96,3.3,18.4,25.71
20071108,15.69,24.39,2.68,19.3,24.07
20071109,15.31,24.83,2.14,20.27,23.86
20071110,16.26,25.41,1.39,19.98,23.55
20071111,15.69,24.82,2.04,22.58,23.84
20071112,15.8,24.89,1.66,22.65,23.71
20071113,15.29,25.05,1.95,20.06,23.25
20071114,16.45,25.26,1.57,19.49,23.64
20071115,15.95,24.7,1.91,21.7,23.66
20071116,14.71,23.41,2.47,25.52,23.3
20071117,15.07,23.51,2.27,19.5,22.15
20071118,16.18,23.38,2.07,16.51,21.39
20071119,16.12,22.33,2.61,21.43,21.91
20071120,15.48,22.09,2.15,22.38,21.37
20071121,15.27,23.41,2.21,21.08,21.24
20071122,15.51,23.5,2.19,22.1,21.67
20071123,14.93,22.81,2.2,22.54,21.72
20071124,15.61,23.54,2.23,19.85,21.45
20071125,15.6,22.29,2.52,20.19,21.23
20071126,15.98,21.62,2.71,23.0,21.33
20071127,15.84,21.36,2.25,24.44,21.05
20071128,15.65,20.76,3.01,24.37,20.09
20071129,13.66,20.28,3.31,33.14,20.09
20071130,13.53,19.11,3.24,34.7,19.49
20071201,12.0,18.42,3.06,40.3,19.43
20071202,12.36,17.39,3.21,44.46,18.17
20071203,12.52,16.19,3.48,44.62,16.69
20071204,13.03,17.52,1.95,35.88,17.97
20071205,14.81,17.11,2.62,30.23,16.94
20071206,13.88,17.39,2.8,29.14,18.17
20071207,14.25,18.14,2.25,25.29,17.85
20071208,14.4,17.07,3.17,25.68,16.65
20071209,13.9,17.38,2.92,26.86,17.34
20071210,10.61,16.66,4.81,36.0,17.53
20071211,8.6,14.24,3.42,64.84,15.15
20071212,11.72,14.08,3.76,57.27,14.56
20071213,13.79,14.52,2.44,47.54,14.56
20071214,13.79,14.86,2.58,39.81,14.26
20071215,14.55,14.48,2.4,37.15,13.97
20071216,15.16,14.98,2.5,29.07,14.18
20071217,14.8,13.91,3.23,29.42,13.81
20071218,14.9,14.0,2.83,25.17,14.1
20071219,14.29,14.77,2.89,23.92,15.06
20071220,13.68,15.54,2.55,27.64,15.43
20071221,14.2,15.85,2.99,29.69,15.79
20071222,13.49,15.99,2.77,30.03,15.71
20071223,6.52,18.24,1.79,31.84,16.29
20071224,13.19,17.67,3.16,34.68,17.33
20071225,14.04,17.19,1.99,26.68,15.63
20071226,14.73,16.29,2.06,24.79,15.22
20071227,15.14,14.87,2.61,25.14,14.52
20071228,15.64,14.19,2.54,22.51,13.39
20071229,15.58,13.17,2.85,16.16,12.51
20071230,15.48,12.36,2.65,19.12,12.1
20071231,13.63,12.54,3.02,21.12,11.99
20080101,16.09,13.4,2.32,15.56,11.73
20080102,15.34,12.77,2.97,14.46,11.23
20080103,15.08,11.76,3.68,18.0,11.41
20080104,13.98,12.44,3.38,16.5,12.34
20080105,11.88,14.85,3.32,13.35,15.14
20080106,14.0,16.42,3.92,20.59,16.98
20080107,9.89,17.12,3.35,32.12,17.52
20080108,4.06,17.23,3.97,48.22,17.02
20080109,11.63,14.74,1.74,74.94,15.29
20080110,13.3,15.03,3.42,56.42,15.08
20080111,15.81,12.52,2.97,27.69,13.07
20080112,12.85,12.2,3.04,26.42,12.58
20080113,15.81,15.51,2.96,21.91,15.54
20080114,15.05,16.15,3.24,29.27,16.08
20080115,13.73,16.55,3.03,25.56,15.71
20080116,12.09,19.21,2.74,28.25,18.87
20080117,10.58,17.1,3.57,42.89,17.16
20080118,17.53,13.05,3.47,26.94,12.92
20080119,15.95,14.09,2.27,14.12,12.1
20080120,17.03,13.19,2.37,15.33,12.17
20080121,16.79,11.14,3.49,20.72,11.62
20080122,14.37,11.76,2.75,18.07,11.6
20080123,16.33,11.47,3.01,18.79,11.38
20080124,16.01,10.46,3.76,19.13,10.28
20080125,12.89,10.34,4.28,18.37,10.82
20080126,15.39,10.05,3.7,22.31,10.55
20080127,16.43,10.19,3.5,23.65,10.63
20080128,15.27,12.78,2.33,18.08,13.41
20080129,12.4,16.02,2.03,27.05,15.17
20080130,16.93,14.94,2.61,31.52,14.9
20080131,17.63,14.28,3.04,23.86,13.96
20080201,17.36,14.19,2.93,18.82,14.12
20080202,5.12,15.18,3.8,22.64,15.51
20080203,14.62,11.53,4.28,54.46,12.8
20080204,14.48,11.52,2.78,54.94,12.67
20080205,14.36,13.91,1.86,35.29,13.19
20080206,13.58,14.26,2.77,34.75,14.97
20080207,17.22,11.63,2.79,42.7,12.4
20080208,18.53,12.2,2.65,26.99,12.92
20080209,18.4,12.04,2.46,36.25,12.18
20080210,19.04,15.33,1.25,19.37,13.25
20080211,19.93,14.64,3.32,16.58,14.13
20080212,19.91,13.73,3.4,21.83,14.05
20080213,20.08,15.21,2.34,16.7,14.62
20080214,19.84,18.41,1.91,12.05,15.98
20080215,19.91,18.24,3.22,11.31,17.52
20080216,19.36,19.58,2.3,13.77,19.03
20080217,18.06,22.21,2.36,15.48,20.12
20080218,19.57,21.72,3.34,19.6,20.79
20080219,20.08,21.44,2.07,15.28,20.43
20080220,20.02,21.76,2.94,11.22,21.35
20080221,20.22,22.4,5.25,12.9,22.39
20080222,18.47,22.06,5.14,26.4,22.6
20080223,18.32,20.43,1.71,18.51,19.86
20080224,20.11,19.58,2.24,17.83,18.9
20080225,21.88,20.03,2.68,10.88,18.81
20080226,21.82,21.6,1.74,8.86,19.96
20080227,21.98,23.7,2.46,7.79,21.55
20080228,21.79,25.58,1.5,7.98,23.16
20080229,21.97,26.09,2.49,9.24,24.05
20080301,22.38,24.67,3.42,11.7,24.04
20080302,21.6,25.87,2.39,10.71,24.38
20080303,22.17,26.02,1.72,11.89,24.82
20080304,21.2,26.44,2.94,12.44,25.53
20080305,22.44,27.02,1.92,11.89,25.84
20080306,22.23,26.36,3.53,14.31,25.84
20080307,21.57,23.81,2.46,20.57,25.72
20080308,21.36,24.36,2.74,26.6,26.54
20080309,20.32,26.42,1.95,19.72,27.86
20080310,21.28,26.18,2.56,17.47,27.24
20080311,17.09,26.77,2.51,18.65,27.31
20080312,19.81,25.89,2.0,30.2,27.43
20080313,23.01,26.81,1.0,20.41,27.41
20080314,23.83,27.24,2.12,17.32,27.85
20080315,23.49,27.4,2.05,15.45,28.73
20080316,24.06,27.88,3.57,14.97,28.72
20080317,23.71,28.27,4.72,15.0,29.2
20080318,23.18,27.97,4.3,17.91,29.06
20080319,25.08,26.6,3.14,9.62,27.83
20080320,24.38,27.69,2.33,8.32,27.7
20080321,23.85,27.87,3.06,11.89,28.61
20080322,20.89,27.14,2.96,13.16,28.69
20080323,23.82,27.87,3.33,15.33,29.5
20080324,23.78,28.02,2.54,13.6,29.6
20080325,20.39,28.65,2.89,13.44,30.66
20080326,21.89,29.85,2.61,11.8,31.46
20080327,22.99,30.15,2.46,12.77,30.77
20080328,24.15,30.5,4.31,12.08,30.1
20080329,23.77,30.64,2.53,12.43,30.81
20080330,23.62,31.26,2.34,17.06,31.68
20080331,23.72,30.2,3.84,20.71,31.43
20080401,22.55,28.81,3.68,31.14,31.06
20080402,16.14,29.36,3.42,33.91,32.15
20080403,21.74,26.27,1.96,43.99,27.66
20080404,15.79,23.28,4.25,57.99,23.68
20080405,21.13,25.18,3.6,55.76,27.11
20080406,20.78,25.86,2.71,47.27,28.54
20080407,24.63,27.12,1.65,36.44,29.65
20080408,25.04,29.55,2.29,24.41,30.59
20080409,23.19,30.07,1.67,22.03,32.71
20080410,25.03,31.25,2.75,22.64,33.42
20080411,24.17,31.73,3.42,21.31,33.7
20080412,24.77,32.67,3.35,27.74,34.8
20080413,25.35,31.85,2.77,26.39,35.11
20080414,24.52,32.47,2.9,18.83,35.02
20080415,22.26,30.13,2.7,24.53,33.09
20080416,26.01,28.92,4.2,22.14,31.18
20080417,27.69,27.79,3.53,20.33,30.01
20080418,27.63,30.61,1.81,13.51,32.18
20080419,26.59,30.96,3.51,11.68,32.65
20080420,26.48,30.84,2.82,18.91,33.35
20080421,26.39,32.54,1.72,15.85,34.45
20080422,26.47,31.59,4.0,17.82,33.54
20080423,26.94,32.52,1.69,12.44,34.39
20080424,26.54,34.16,1.64,11.23,35.32
20080425,27.02,34.79,2.02,15.08,36.81
20080426,27.47,35.13,2.51,11.81,37.18
20080427,28.4,33.93,2.24,9.37,36.16
20080428,27.39,35.86,2.34,6.6,35.91
20080429,27.36,34.76,2.42,11.88,37.11
20080430,26.96,34.2,3.62,14.75,36.66
20080501,25.98,34.84,3.46,17.53,37.77
20080502,27.06,35.35,4.38,17.93,37.78
20080503,26.25,35.71,5.73,20.37,37.78
20080504,25.69,35.07,6.48,24.9,36.92
20080505,23.45,34.8,3.57,24.04,37.91
20080506,25.81,34.93,4.59,21.13,36.95
20080507,25.73,34.56,3.62,27.37,37.79
20080508,24.27,33.81,4.88,28.03,35.84
20080509,24.13,32.65,3.47,34.89,34.51
20080510,26.32,32.5,3.18,36.13,34.24
20080511,27.49,33.71,3.2,29.55,36.08
20080512,25.94,34.76,4.63,31.86,37.32
20080513,25.1,34.92,5.11,31.99,37.5
20080514,25.74,35.2,4.81,31.44,38.11
20080515,23.59,34.79,5.02,33.53,37.56
20080516,26.42,35.5,4.72,31.73,38.61
20080517,26.11,36.06,7.56,30.45,38.2
20080518,25.03,35.39,9.73,35.98,37.36
20080519,25.28,34.18,5.71,39.2,37.46
20080520,25.71,34.75,6.16,37.25,37.59
20080521,25.32,34.7,6.31,37.83,37.58
20080522,25.62,34.08,5.6,39.91,37.55
20080523,23.6,34.8,4.63,36.1,37.6
20080524,22.15,35.14,2.96,29.79,37.95
20080525,23.68,35.37,3.23,25.61,38.56
20080526,22.72,36.01,2.08,25.5,39.89
20080527,24.99,36.29,3.05,23.64,39.48
20080528,26.52,36.36,2.37,22.86,40.21
20080529,27.03,36.3,3.38,26.57,39.46
20080530,25.97,35.83,4.75,31.27,38.63
20080531,26.15,35.92,5.81,32.41,38.7
20080601,24.23,36.31,4.35,37.04,40.14
20080602,22.37,33.97,4.89,50.84,35.7
20080603,25.81,33.9,1.38,48.04,36.33
20080604,25.81,35.55,4.17,37.66,38.64
20080605,25.31,35.95,7.33,40.0,38.54
20080606,25.44,36.18,7.27,38.43,38.87
20080607,27.45,36.37,6.77,40.59,39.88
20080608,27.17,37.02,4.82,39.47,41.46
20080609,26.76,36.82,4.35,35.56,40.72
20080610,25.6,36.45,3.54,36.37,39.78
20080611,23.64,35.48,3.03,44.69,38.9
20080612,19.73,34.17,3.74,53.24,35.96
20080613,22.26,33.11,4.85,55.03,35.16
20080614,26.79,35.31,4.63,44.51,38.26
20080615,25.7,36.55,7.3,36.92,39.35
20080616,22.58,36.05,5.44,41.91,39.63
20080617,19.88,35.89,5.1,42.94,38.84
20080618,20.25,35.89,5.72,42.63,38.59
20080619,20.65,35.73,5.99,40.81,38.91
20080620,19.41,35.64,6.71,40.93,38.55
20080621,21.07,35.76,5.19,43.27,38.69
20080622,21.01,36.43,6.43,40.92,39.42
20080623,24.17,35.81,5.96,39.98,39.06
20080624,23.18,36.69,6.13,38.72,39.66
20080625,24.92,37.22,5.19,37.3,41.1
20080626,24.68,37.56,4.92,36.18,41.37
20080627,23.81,37.35,6.18,34.6,40.61
20080628,25.05,37.02,5.66,36.72,40.82
20080629,23.8,37.79,3.64,34.62,42.1
20080630,21.64,38.18,4.43,34.82,41.45
20080701,22.59,35.67,5.45,46.48,38.99
20080702,24.09,36.67,5.84,43.25,39.85
20080703,24.21,37.22,8.06,36.44,39.91
20080704,24.43,36.04,8.04,39.98,38.84
20080705,22.14,35.15,7.07,43.19,37.9
20080706,22.44,36.18,5.87,38.8,39.79
20080707,20.54,36.4,4.8,39.11,40.16
20080708,20.13,36.27,4.25,40.27,39.51
20080709,23.15,34.45,3.84,48.29,36.8
20080710,22.87,33.25,2.6,55.34,34.94
20080711,16.58,33.0,3.07,58.11,34.74
20080712,23.58,32.07,5.13,57.82,33.38
20080713,23.56,33.72,5.84,49.05,35.99
20080714,20.96,34.4,5.5,45.45,37.17
20080715,19.73,34.64,6.59,43.35,37.19
20080716,23.32,34.1,6.56,45.33,36.92
20080717,22.95,34.6,6.22,41.41,37.17
20080718,24.55,34.81,6.56,41.97,37.79
20080719,23.96,35.24,5.94,41.07,38.14
20080720,23.01,35.56,6.07,40.34,38.55
20080721,21.02,35.41,4.88,41.74,38.43
20080722,22.58,35.87,5.06,39.47,39.17
20080723,23.3,35.98,4.99,39.32,39.54
20080724,24.81,35.94,5.48,36.04,39.15
20080725,26.34,36.4,5.28,37.31,39.79
20080726,26.52,36.3,4.6,37.97,40.17
20080727,24.98,37.24,3.05,33.87,40.77
20080728,23.45,36.85,3.39,36.43,40.33
20080729,23.11,34.95,2.59,46.61,37.53
20080730,25.07,36.45,2.49,42.05,39.82
20080731,23.63,36.6,5.0,43.71,39.97
20080801,6.68,32.55,2.73,63.9,33.33
20080802,17.45,28.26,4.57,86.65,28.32
20080803,25.29,29.03,1.48,80.53,29.59
20080804,23.25,29.85,1.33,73.51,31.05
20080805,13.23,29.29,0.83,73.69,30.15
20080806,11.66,30.32,3.55,64.81,31.85
20080807,21.7,31.85,4.64,59.41,34.13
20080808,23.68,32.49,5.03,55.77,35.08
20080809,22.96,33.29,3.65,52.76,36.33
20080810,20.86,35.38,1.61,45.55,38.73
20080811,23.3,35.04,2.34,47.92,37.29
20080812,22.71,34.19,2.59,52.52,36.49
20080813,19.61,31.12,3.36,65.33,32.68
20080814,21.22,32.55,2.59,59.43,35.11
20080815,21.59,33.79,4.35,53.62,36.04
20080816,23.89,33.26,4.53,51.71,35.81
20080817,24.93,32.91,5.58,50.6,35.07
20080818,25.23,32.15,5.36,49.83,34.32
20080819,24.79,31.6,5.58,50.13,33.74
20080820,24.45,31.64,5.23,50.55,33.84
20080821,24.16,31.21,5.4,50.14,33.3
20080822,23.43,31.96,4.86,47.57,34.38
20080823,23.97,32.39,3.52,47.28,34.92
20080824,25.23,33.53,3.06,45.28,36.7
20080825,24.79,34.49,3.03,43.05,37.43
20080826,24.57,34.86,3.7,43.29,37.69
20080827,24.51,33.76,5.43,49.32,36.02
20080828,24.82,33.4,5.6,49.82,35.8
20080829,24.72,32.71,6.1,49.48,34.88
20080830,25.12,32.46,5.35,49.27,34.86
20080831,23.76,31.79,4.19,48.88,34.47
20080901,22.54,32.7,2.39,43.74,35.85
20080902,24.26,33.76,2.54,41.01,36.69
20080903,24.46,33.82,4.06,39.32,36.17
20080904,24.99,34.26,4.18,39.09,36.57
20080905,24.18,33.05,6.0,41.2,34.9
20080906,16.23,32.29,3.36,45.83,34.73
20080907,18.77,30.69,2.38,52.7,32.78
20080908,23.59,30.45,2.64,46.84,33.07
20080909,24.21,31.29,2.47,39.81,33.7
20080910,23.51,32.77,2.43,32.27,34.58
20080911,24.48,32.59,3.3,33.78,34.35
20080912,22.72,33.04,3.28,36.51,35.12
20080913,22.82,33.71,3.18,46.3,36.33
20080914,23.3,34.13,3.26,43.44,36.5
20080915,23.17,33.32,3.43,46.92,36.16
20080916,23.05,33.08,2.76,42.14,36.15
20080917,17.33,32.58,3.12,48.03,35.42
20080918,17.91,31.73,2.75,50.67,34.16
20080919,21.66,30.31,4.39,51.72,32.64
20080920,21.47,31.45,2.99,44.98,33.8
20080921,21.51,32.45,3.02,39.62,34.74
20080922,21.17,31.42,4.11,41.39,33.5
20080923,20.89,30.55,3.71,42.15,32.82
20080924,20.51,30.8,3.98,41.58,32.64
20080925,21.68,30.78,4.3,37.39,32.5
20080926,21.6,30.99,4.76,42.36,32.58
20080927,21.92,30.99,5.48,44.02,32.59
20080928,20.74,30.5,5.14,47.43,32.21
20080929,20.75,31.16,4.61,45.99,33.06
20080930,21.29,31.75,3.62,40.74,33.66
20081001,21.31,33.04,1.89,35.06,35.23
20081002,20.72,33.55,1.72,30.93,35.14
20081003,20.87,33.39,2.35,27.93,34.22
20081004,21.36,32.22,2.71,28.82,32.5
20081005,21.26,32.19,3.96,27.89,32.73
20081006,21.16,31.47,4.43,32.38,32.64
20081007,20.51,30.83,4.06,37.52,32.38
20081008,20.36,30.66,3.35,38.31,32.07
20081009,20.21,30.82,2.67,35.51,32.09
20081010,20.28,31.46,2.16,29.89,31.84
20081011,20.94,31.4,2.56,25.43,31.64
20081012,20.94,31.31,3.09,21.6,31.23
20081013,20.94,31.09,3.68,20.22,30.9
20081014,20.18,30.4,3.75,20.35,30.88
20081015,19.49,30.36,3.08,25.45,30.68
20081016,18.02,28.26,2.49,30.87,29.37
20081017,18.96,27.83,2.75,38.24,29.12
20081018,18.48,28.82,1.9,27.24,29.06
20081019,19.48,29.33,2.0,20.08,28.96
20081020,19.41,28.46,2.36,20.89,28.4
20081021,19.16,28.69,2.08,19.89,28.79
20081022,18.8,29.37,1.82,20.2,28.78
20081023,18.86,29.49,1.84,19.2,28.63
20081024,19.1,29.89,1.67,15.37,28.21
20081025,18.96,28.18,2.49,16.33,27.95
20081026,18.25,27.91,2.09,16.9,27.36
20081027,17.31,27.75,2.33,18.67,26.02
20081028,17.72,26.76,4.16,24.43,26.68
20081029,17.99,26.49,3.73,33.09,27.16
20081030,17.63,26.88,2.26,34.59,27.61
20081031,17.31,27.05,2.0,31.07,27.32
20081101,17.54,27.78,2.49,27.17,26.75
20081102,17.92,27.34,3.59,28.89,27.13
20081103,18.16,26.5,3.49,18.91,26.05
20081104,17.52,27.12,1.79,15.02,25.01
20081105,18.15,27.31,2.46,15.79,25.38
20081106,17.04,27.52,2.16,24.25,26.89
20081107,17.2,27.85,1.52,20.67,26.62
20081108,17.21,27.07,1.69,19.12,25.23
20081109,17.17,26.81,1.87,18.6,25.11
20081110,15.74,25.58,2.4,18.64,24.56
20081111,16.04,25.49,2.08,18.28,24.31
20081112,16.23,24.25,2.2,19.83,23.38
20081113,16.05,23.4,1.87,22.29,22.74
20081114,15.27,21.41,2.38,27.38,21.39
20081115,14.5,19.69,4.02,32.55,20.09
20081116,13.43,19.28,3.12,32.84,19.97
20081117,13.73,19.54,2.39,32.33,19.87
20081118,14.56,20.35,2.36,33.06,20.86
20081119,15.17,20.63,2.74,27.54,20.87
20081120,16.33,17.82,3.81,18.08,17.95
20081121,15.82,17.16,3.57,21.61,17.05
20081122,15.95,17.87,2.3,23.77,17.41
20081123,16.31,19.36,2.63,20.06,18.59
20081124,15.69,21.13,1.84,16.62,19.25
20081125,16.05,20.85,2.52,15.84,19.69
20081126,15.67,20.0,2.58,20.94,20.01
20081127,15.28,20.27,2.23,24.94,20.24
20081128,15.09,20.22,2.17,27.25,19.86
20081129,15.27,21.49,1.92,24.28,19.49
20081130,13.76,22.0,1.45,19.25,19.87
20081201,14.74,22.87,1.42,14.82,21.08
20081202,15.21,21.9,1.78,14.64,20.12
20081203,15.12,22.11,1.6,17.33,20.95
20081204,13.25,23.19,2.03,25.64,22.77
20081205,11.44,24.09,2.14,34.58,24.63
20081206,5.62,23.55,1.97,42.23,23.37
20081207,9.01,21.38,2.53,42.02,21.03
20081208,13.75,21.29,2.76,46.2,21.89
20081209,13.74,18.72,3.51,57.29,19.54
20081210,12.31,17.99,3.11,51.08,18.4
20081211,15.6,17.85,2.01,33.61,17.41
20081212,14.73,16.14,2.76,28.48,15.49
20081213,15.13,15.93,2.8,25.43,15.14
20081214,14.33,15.46,3.29,23.82,14.56
20081215,10.78,17.06,2.54,29.27,16.88
20081216,5.52,17.38,2.26,47.23,16.98
20081217,12.0,17.44,4.61,56.08,17.54
20081218,8.43,17.01,3.37,62.68,16.93
20081219,4.42,16.91,4.68,83.88,16.76
20081220,5.66,17.46,2.95,79.66,17.86
20081221,11.29,15.27,4.1,53.77,15.43
20081222,15.86,13.47,2.99,38.16,13.05
20081223,15.45,16.05,1.45,28.7,13.63
20081224,14.08,17.71,1.67,25.71,15.04
20081225,15.28,17.7,2.63,26.05,16.13
20081226,14.9,16.95,2.26,34.36,16.08
20081227,14.56,17.1,1.58,34.76,15.89
20081228,13.19,16.84,1.91,34.83,16.2
20081229,11.76,16.79,2.27,35.61,16.28
20081230,11.18,15.9,2.9,42.2,15.97
20081231,13.98,16.06,2.55,42.26,15.95
20090101,15.33,16.49,2.16,37.15,15.84
20090102,14.42,17.03,2.75,28.1,15.81
20090103,14.73,18.29,1.95,24.97,16.54
20090104,10.52,16.41,3.62,39.23,16.36
20090105,12.43,14.46,4.02,55.68,15.11
20090106,14.61,13.28,2.81,44.34,14.19
20090107,15.08,13.94,2.42,37.76,14.01
20090108,15.34,12.94,3.01,37.66,12.91
20090109,14.08,13.55,2.41,39.93,13.37
20090110,13.11,13.16,3.51,39.01,13.18
20090111,13.48,12.36,3.07,46.46,12.16
20090112,15.2,13.97,3.06,38.31,13.79
20090113,13.89,14.92,3.62,30.99,14.95
20090114,13.95,17.01,3.43,35.34,17.62
20090115,8.31,18.97,2.86,44.62,19.35
20090116,6.39,15.47,2.66,78.44,15.22
20090117,11.26,16.13,2.83,76.63,17.18
20090118,14.33,16.16,2.78,64.47,16.34
20090119,15.62,14.28,3.09,43.99,14.52
20090120,15.8,14.02,3.01,53.02,14.64
20090121,14.45,16.21,1.6,36.64,15.63
20090122,13.07,18.01,2.17,29.35,17.69
20090123,13.54,18.05,2.84,28.56,17.78
20090124,11.9,19.33,2.63,28.47,19.38
20090125,16.24,18.36,4.15,40.96,18.19
20090126,17.05,17.35,2.39,46.85,18.04
20090127,17.37,16.97,3.23,40.33,17.43
20090128,17.56,16.3,1.86,42.14,16.58
20090129,17.29,17.5,1.95,34.72,16.5
20090130,17.41,17.92,2.12,35.08,17.61
20090131,17.59,17.08,2.56,38.74,17.42
20090201,17.92,18.29,2.52,28.26,17.59
20090202,18.11,19.37,2.35,24.68,18.69
20090203,17.86,19.69,2.53,24.35,19.99
20090204,18.01,19.72,3.08,27.45,19.53
20090205,15.48,19.95,1.95,33.14,20.09
20090206,17.13,17.49,3.44,38.91,18.83
20090207,18.02,15.21,3.47,33.57,16.44
20090208,18.9,15.99,2.63,26.12,16.52
20090209,14.73,17.16,2.25,22.93,16.79
20090210,11.9,16.25,3.29,31.8,16.42
20090211,18.76,17.67,1.75,39.66,18.06
20090212,16.45,18.71,2.75,35.92,19.87
20090213,15.17,19.41,4.92,46.67,20.06
20090214,19.58,19.0,2.24,40.15,19.88
20090215,18.73,16.3,3.1,45.63,17.73
20090216,19.82,17.67,2.32,36.27,18.68
20090217,19.24,19.16,2.62,29.16,20.12
20090218,20.15,20.08,2.86,25.01,20.51
20090219,19.14,22.22,2.35,24.83,22.13
20090220,19.8,22.18,3.14,28.01,22.93
20090221,18.38,21.36,3.93,34.45,22.01
20090222,13.92,21.03,2.31,32.86,21.94
20090223,18.15,22.82,2.38,30.7,24.15
20090224,18.95,24.94,1.99,28.04,25.13
20090225,19.78,24.22,2.87,24.12,24.89
20090226,18.34,24.27,3.04,21.18,25.11
20090227,19.55,24.25,3.0,25.0,25.99
20090228,20.27,24.01,2.95,24.47,25.75
20090301,19.66,25.96,4.05,21.65,26.74
20090302,21.29,27.48,2.13,19.91,27.99
20090303,21.9,26.77,5.05,23.5,27.21
20090304,19.73,25.25,3.17,32.75,26.57
20090305,20.1,25.2,2.11,16.88,25.29
20090306,22.29,24.22,4.64,17.76,24.6
20090307,22.17,22.97,2.93,24.53,23.65
20090308,21.95,23.15,2.46,21.73,25.03
20090309,22.64,24.09,2.59,20.14,25.69
20090310,22.4,23.95,3.72,17.76,25.51
20090311,21.42,24.49,3.32,15.97,25.48
20090312,23.05,26.38,1.43,11.85,25.61
20090313,24.11,27.47,1.81,10.28,25.98
20090314,23.77,25.53,3.16,13.58,26.76
20090315,22.91,25.75,2.97,15.42,26.54
20090316,23.25,26.87,3.76,15.01,27.67
20090317,23.26,26.67,3.91,17.44,27.4
20090318,22.93,27.99,1.46,14.02,28.21
20090319,21.34,27.79,2.4,19.72,28.97
20090320,20.81,27.14,2.62,29.09,29.28
20090321,19.68,27.7,3.33,23.41,29.45
20090322,19.06,26.26,2.95,26.55,28.53
20090323,21.12,26.63,2.21,30.9,29.05
20090324,22.37,27.25,3.94,34.07,29.46
20090325,24.24,24.79,3.16,40.03,27.31
20090326,20.48,27.4,2.51,25.3,29.02
20090327,17.51,28.34,3.13,26.57,30.01
20090328,15.73,26.49,5.07,44.64,29.39
20090329,15.91,24.68,3.83,50.4,26.82
20090330,22.9,26.52,2.66,34.1,29.06
20090331,19.7,28.9,2.46,30.93,30.94
20090401,16.87,29.92,2.78,28.72,30.63
20090402,18.89,29.33,4.09,29.21,30.4
20090403,21.4,28.57,2.44,27.98,29.8
20090404,23.96,28.33,2.57,22.78,28.72
20090405,20.63,29.52,3.96,23.48,31.21
20090406,24.56,28.03,3.37,28.22,31.21
20090407,24.67,27.77,2.6,25.99,30.6
20090408,25.01,24.18,4.71,44.79,26.65
20090409,27.25,25.77,2.55,26.75,27.84
20090410,26.59,26.19,2.57,27.94,28.42
20090411,26.74,29.98,1.5,18.33,30.8
20090412,26.58,31.88,1.33,13.98,32.78
20090413,26.78,32.37,1.92,13.1,33.76
20090414,27.04,31.11,4.82,20.0,32.5
20090415,25.05,30.04,3.15,29.64,32.82
20090416,26.78,28.73,4.89,32.44,31.43
20090417,28.79,29.14,3.06,12.78,30.81
20090418,27.38,33.16,1.93,8.9,32.91
20090419,25.23,34.49,3.4,11.32,35.08
20090420,25.36,34.29,4.94,18.72,35.87
20090421,25.84,30.39,3.88,17.13,32.48
20090422,27.26,29.35,4.03,7.11,30.41
20090423,25.41,30.41,3.25,8.73,32.48
20090424,27.81,30.04,3.36,14.87,32.12
20090425,28.53,32.6,2.29,9.2,33.77
20090426,27.35,33.97,2.3,7.52,34.34
20090427,27.57,35.63,2.43,7.47,35.82
20090428,26.42,36.51,3.02,9.36,37.43
20090429,25.7,36.72,2.02,12.1,38.4
20090430,25.77,36.66,1.93,12.79,38.81
20090501,23.22,36.1,1.85,14.01,38.58
20090502,23.91,37.14,2.2,13.63,38.67
20090503,25.41,35.58,3.81,16.04,37.65
20090504,23.38,33.21,5.14,25.19,35.98
20090505,25.44,31.96,3.29,26.96,35.87
20090506,25.72,33.42,2.96,21.66,37.31
20090507,26.29,34.52,2.75,20.54,37.64
20090508,25.87,35.83,4.03,15.45,37.17
20090509,25.84,35.05,3.53,20.32,38.13
20090510,25.6,36.4,4.87,26.37,38.91
20090511,26.95,35.86,5.96,22.6,38.11
20090512,27.79,35.93,3.75,15.17,38.84
20090513,27.56,37.9,3.2,16.91,40.21
20090514,26.71,38.29,4.73,20.81,39.75
20090515,27.52,38.5,4.21,17.99,40.45
20090516,27.75,38.64,4.76,20.47,40.54
20090517,27.37,38.34,3.95,21.95,41.07
20090518,27.09,38.65,4.82,18.81,41.16
20090519,27.46,37.5,4.83,22.38,40.21
20090520,26.28,37.66,2.7,24.31,40.62
20090521,27.13,38.02,2.14,15.97,41.52
20090522,27.45,38.84,2.5,12.67,41.15
20090523,25.97,38.84,1.06,11.86,41.65
20090524,27.42,38.69,2.69,11.49,40.99
20090525,26.99,37.43,4.46,16.33,39.42
20090526,26.99,36.7,3.04,21.25,39.52
20090527,26.37,37.07,5.7,31.21,39.89
20090528,26.11,37.55,5.43,29.74,40.48
20090529,24.48,37.61,4.96,31.9,40.85
20090530,24.34,36.1,6.03,39.29,38.52
20090531,25.11,36.66,5.55,36.03,39.38
20090601,25.45,35.81,4.66,38.8,39.16
20090602,23.5,35.86,5.37,39.98,39.09
20090603,25.36,36.51,5.22,37.6,40.02
20090604,23.88,36.61,6.62,32.87,39.31
20090605,26.57,35.49,6.8,31.98,38.05
20090606,27.46,34.86,4.71,15.39,37.21
20090607,28.21,35.22,2.16,7.18,37.27
20090608,29.53,36.01,3.57,10.78,37.96
20090609,27.71,36.3,4.73,21.36,38.93
20090610,26.96,37.08,5.97,30.45,39.66
20090611,27.15,37.2,5.19,29.23,40.12
20090612,26.31,36.93,3.7,24.36,40.08
20090613,25.85,37.01,5.45,29.86,39.75
20090614,23.91,37.21,7.43,28.42,39.3
20090615,19.7,35.64,5.5,31.63,37.36
20090616,26.07,32.76,2.62,37.85,35.02
20090617,26.05,34.34,3.08,39.96,36.05
20090618,26.27,36.45,2.13,29.57,38.72
20090619,25.37,37.05,1.97,25.43,40.58
20090620,25.97,37.99,2.35,20.52,41.27
20090621,27.13,38.39,2.21,18.91,41.87
20090622,27.22,37.52,4.7,22.28,40.87
20090623,20.21,37.33,5.77,28.37,40.26
20090624,12.25,35.62,3.51,37.65,37.92
20090625,26.36,35.67,3.49,40.96,38.2
20090626,27.66,37.32,3.24,35.54,41.13
20090627,27.05,38.55,5.27,33.58,42.1
20090628,26.66,38.67,6.5,33.48,42.15
20090629,24.44,38.61,6.65,36.8,42.02
20090630,25.14,38.36,6.34,37.44,41.88
20090701,25.14,37.78,5.09,38.15,42.3
20090702,22.15,37.11,4.7,39.65,41.33
20090703,22.17,35.1,3.68,45.9,37.75
20090704,23.17,35.56,1.76,40.98,40.12
20090705,26.14,38.38,2.33,29.75,42.71
20090706,26.16,39.78,2.11,23.77,44.28
20090707,27.39,40.45,2.03,21.5,44.82
20090708,26.34,39.91,2.58,20.87,43.74
20090709,24.57,36.0,2.91,44.6,36.72
20090710,22.97,35.13,3.6,48.54,37.33
20090711,18.35,32.03,3.64,58.86,34.11
20090712,23.04,34.14,2.77,52.56,36.76
20090713,24.67,36.03,5.62,45.18,38.47
20090714,22.42,35.03,2.98,48.06,38.46
20090715,25.45,36.57,2.79,38.37,39.98
20090716,25.42,36.52,4.48,38.16,39.82
20090717,24.89,36.16,3.75,45.68,39.14
20090718,21.9,35.42,2.71,52.14,37.64
20090719,24.87,33.11,4.47,61.41,35.01
20090720,25.89,34.98,5.27,49.79,37.54
20090721,25.46,35.69,4.81,48.28,38.87
20090722,23.35,33.4,3.44,52.88,34.56
20090723,22.26,33.12,2.29,56.16,34.7
20090724,16.81,32.53,3.29,60.34,34.42
20090725,21.04,33.23,1.64,58.28,36.34
20090726,25.96,35.79,3.78,47.39,38.71
20090727,23.76,34.59,8.34,49.74,37.1
20090728,22.31,34.26,7.44,52.1,37.06
20090729,20.73,34.57,7.09,51.03,37.54
20090730,16.79,34.66,5.77,48.47,38.0
20090731,20.55,34.04,6.82,50.16,36.84
20090801,22.68,34.16,6.92,49.2,37.21
20090802,23.82,34.87,6.22,48.18,37.75
20090803,23.67,35.0,6.55,47.14,37.82
20090804,25.42,34.58,6.23,47.78,37.7
20090805,24.09,34.73,6.54,47.56,37.81
20090806,25.39,35.27,6.6,45.53,38.12
20090807,22.72,34.93,5.62,46.81,38.02
20090808,20.78,35.11,5.22,45.12,38.19
20090809,21.41,35.64,4.58,42.72,38.94
20090810,24.23,36.17,5.1,41.94,39.21
20090811,25.59,36.86,3.79,40.04,40.58
20090812,24.25,37.26,3.85,38.98,40.81
20090813,24.58,36.22,6.12,40.73,38.92
20090814,23.69,35.09,6.66,45.52,37.81
20090815,23.31,35.45,5.28,42.3,38.87
20090816,22.72,35.87,5.12,42.88,39.48
20090817,23.85,35.88,5.94,43.01,39.1
20090818,23.9,35.52,6.12,42.53,38.56
20090819,22.86,35.09,5.04,43.41,38.15
20090820,23.93,35.73,4.76,41.41,38.98
20090821,23.58,35.28,5.84,42.77,38.06
20090822,23.66,34.9,4.65,40.22,37.99
20090823,23.68,35.39,4.45,40.43,38.38
20090824,24.15,35.64,3.21,41.02,38.78
20090825,25.07,36.03,2.04,36.95,39.49
20090826,23.45,35.69,2.58,37.19,38.48
20090827,23.29,35.52,2.1,39.5,37.65
20090828,20.18,35.35,2.26,42.92,37.54
20090829,24.06,35.38,3.94,42.82,38.25
20090830,15.49,32.44,4.62,57.73,34.73
20090831,20.12,31.52,2.2,63.05,33.56
20090901,22.15,32.68,0.75,55.34,35.36
20090902,23.03,34.71,2.11,46.89,37.96
20090903,23.06,35.39,3.37,42.34,38.2
20090904,21.98,34.38,3.21,42.85,37.35
20090905,23.69,33.26,2.18,38.39,36.67
20090906,21.98,33.72,2.56,30.47,36.57
20090907,21.24,34.65,2.56,27.58,37.79
20090908,22.71,34.8,2.56,24.97,37.3
20090909,23.54,33.91,2.81,25.29,36.54
20090910,22.86,32.83,3.4,40.49,35.34
20090911,21.53,33.22,3.29,43.53,36.19
20090912,23.23,33.17,3.75,37.2,35.49
20090913,22.92,33.09,4.93,29.92,34.81
20090914,23.18,32.55,5.5,32.53,34.24
20090915,22.23,31.5,5.55,41.67,33.49
20090916,19.8,31.45,4.39,43.51,33.9
20090917,21.54,33.14,3.3,38.84,35.38
20090918,21.71,33.76,4.09,33.74,36.07
20090919,21.93,33.97,4.65,29.62,35.73
20090920,21.76,34.0,4.35,31.1,35.99
20090921,22.78,33.82,4.57,32.04,35.84
20090922,21.73,33.78,5.21,27.35,35.15
20090923,22.1,33.26,5.88,26.8,34.45
20090924,22.5,33.01,5.98,28.89,34.4
20090925,23.02,32.15,5.42,32.82,33.71
20090926,22.6,31.13,4.4,37.54,33.11
20090927,22.38,31.63,3.52,34.87,33.82
20090928,22.24,32.11,3.0,34.26,34.34
20090929,21.43,33.02,2.9,26.49,34.92
20090930,21.96,33.88,3.34,26.34,35.49
20091001,21.06,34.71,2.78,21.16,35.5
20091002,21.63,33.09,3.4,25.24,34.44
20091003,20.55,33.36,4.16,37.9,35.38
20091004,18.69,32.71,4.57,43.18,34.79
20091005,18.4,31.4,3.3,43.53,33.55
20091006,18.54,31.77,1.41,31.81,33.74
20091007,20.23,31.71,2.17,20.02,32.01
20091008,20.0,29.57,3.95,23.49,30.45
20091009,20.95,29.49,3.79,30.52,30.8
20091010,19.62,29.9,2.74,30.74,31.13
20091011,18.7,31.12,1.64,26.09,31.79
20091012,17.64,31.1,1.47,24.26,32.48
20091013,16.97,31.53,1.4,24.25,33.21
20091014,17.27,30.94,1.91,24.58,32.78
20091015,17.18,30.16,2.24,27.39,32.16
20091016,17.68,29.84,3.1,27.64,31.07
20091017,17.32,29.16,2.46,23.51,30.75
20091018,18.47,28.2,2.77,28.5,29.36
20091019,18.78,28.14,1.91,18.46,28.65
20091020,18.85,27.98,2.03,14.94,27.97
20091021,19.45,27.51,2.01,9.85,26.42
20091022,19.55,27.05,2.74,9.19,26.2
20091023,19.12,26.83,1.82,8.59,25.18
20091024,18.1,27.32,2.53,10.72,25.74
20091025,18.39,27.1,2.08,12.71,26.77
20091026,18.06,25.75,2.68,16.8,26.74
20091027,17.89,26.0,2.6,13.79,26.51
20091028,17.55,26.41,2.33,13.93,26.84
20091029,16.76,26.36,2.82,15.74,27.38
20091030,16.79,26.69,2.53,16.22,26.7
20091031,16.15,27.47,3.67,15.28,26.51
20091101,17.58,27.65,2.26,15.44,26.92
20091102,14.79,26.5,2.47,17.6,26.17
20091103,14.21,26.24,2.75,22.94,26.75
20091104,14.29,25.14,3.31,36.43,25.91
20091105,14.26,25.01,3.25,30.52,25.55
20091106,14.71,24.54,2.95,28.82,24.92
20091107,14.85,24.67,2.26,27.47,25.17
20091108,14.7,25.75,2.44,22.86,25.64
20091109,14.19,24.16,3.01,23.53,24.48
20091110,15.73,21.5,3.46,20.95,22.25
20091111,16.9,19.03,4.11,24.46,19.44
20091112,16.87,19.85,4.1,16.23,19.93
20091113,7.13,22.32,3.41,58.12,23.61
20091114,8.19,22.12,2.37,58.39,23.46
20091115,13.84,22.26,1.08,35.64,21.48
20091116,15.65,21.68,1.6,17.92,19.46
20091117,16.29,21.07,1.88,13.75,19.07
20091118,15.15,19.26,3.01,20.75,18.94
20091119,15.59,18.98,2.51,18.34,18.54
20091120,15.5,19.77,2.3,16.42,18.28
20091121,15.79,19.88,2.38,14.92,18.8
20091122,15.22,19.8,2.33,16.02,18.97
20091123,15.18,19.78,2.28,19.22,19.58
20091124,15.45,19.78,2.18,24.57,19.21
20091125,14.69,21.08,2.09,22.08,19.17
20091126,14.47,20.17,2.08,27.91,19.57
20091127,14.47,18.27,2.37,27.0,18.94
20091128,14.46,18.45,2.81,25.28,18.6
20091129,13.5,18.96,2.63,19.29,18.62
20091130,14.82,19.02,2.31,17.94,18.38
20091201,14.2,20.5,1.96,19.17,20.55
20091202,14.3,21.05,2.76,25.12,21.46
20091203,14.56,20.8,2.44,27.28,20.21
20091204,14.29,20.68,2.89,27.14,19.81
20091205,13.69,19.23,2.35,28.69,18.04
20091206,14.02,17.63,2.95,26.01,17.14
20091207,14.18,15.01,3.62,15.11,15.37
20091208,14.64,15.2,3.07,16.17,14.76
20091209,11.59,15.83,2.95,18.53,15.84
20091210,11.82,17.07,3.54,25.02,17.63
20091211,10.86,17.66,3.55,32.47,18.19
20091212,11.79,18.11,3.33,38.64,18.59
20091213,13.49,17.99,3.45,39.5,18.51
20091214,8.42,18.4,3.94,32.49,18.83
20091215,13.17,17.3,3.23,32.58,17.96
20091216,13.52,17.03,3.56,33.76,17.38
20091217,14.01,16.29,3.05,32.7,16.21
20091218,14.3,16.14,2.69,30.38,15.85
20091219,14.28,15.93,2.91,28.99,15.9
20091220,13.7,15.63,3.13,30.95,16.24
20091221,13.88,16.57,4.02,28.64,16.94
20091222,13.78,17.33,2.51,27.98,17.64
20091223,14.36,18.83,2.1,28.75,17.64
20091224,14.85,18.72,1.33,26.0,16.85
20091225,14.65,18.06,1.63,22.1,16.17
20091226,14.95,17.36,2.03,19.77,15.57
20091227,14.81,15.3,2.41,23.31,15.31
20091228,14.22,15.26,3.19,27.74,15.26
20091229,13.79,15.83,2.86,31.58,16.44
20091230,14.09,16.38,2.91,26.1,16.63
20091231,14.47,16.64,2.53,27.31,15.65
20100101,15.24,16.99,2.61,28.87,16.35
20100102,10.82,16.95,3.13,28.32,16.64
20100103,11.99,16.93,3.7,31.19,16.95
20100104,12.22,15.0,2.71,41.62,15.58
20100105,14.73,16.7,2.68,36.49,15.36
20100106,15.52,17.93,2.06,30.03,16.32
20100107,15.23,16.32,3.26,31.42,16.37
20100108,12.09,14.03,3.52,33.92,14.47
20100109,9.91,12.86,3.13,31.3,12.65
20100110,14.6,12.54,3.17,28.71,11.96
20100111,15.6,12.95,3.32,28.34,12.94
20100112,6.79,13.42,3.25,27.28,13.69
20100113,14.03,12.73,3.1,39.36,12.67
20100114,13.63,13.77,2.98,37.08,13.69
20100115,14.22,14.68,2.45,32.42,14.04
20100116,16.15,15.66,2.95,25.22,14.63
20100117,15.8,16.82,2.2,20.79,15.97
20100118,15.69,16.62,2.31,19.44,16.3
20100119,12.17,16.32,2.56,20.42,16.28
20100120,14.99,16.33,2.72,20.46,16.52
20100121,15.44,16.17,2.83,21.1,15.83
20100122,16.34,18.5,2.36,16.57,17.97
20100123,15.97,17.46,2.62,18.36,17.49
20100124,12.7,15.57,4.11,23.5,15.29
20100125,14.3,16.01,3.27,24.73,16.27
20100126,14.94,17.59,2.86,30.22,18.0
20100127,15.34,18.69,2.07,29.01,18.69
20100128,15.55,20.3,2.24,24.28,19.14
20100129,16.13,19.82,2.14,28.44,19.69
20100130,15.74,17.58,3.57,30.91,18.52
20100131,17.03,18.04,2.52,20.22,18.22
20100201,16.43,18.85,2.55,21.03,18.75
20100202,16.32,18.12,3.05,24.93,19.14
20100203,16.65,18.04,3.52,24.43,18.94
20100204,16.81,19.41,3.13,22.28,20.1
20100205,16.31,21.31,2.7,19.86,20.77
20100206,16.13,22.83,2.87,21.21,23.24
20100207,11.66,22.06,2.95,26.92,23.0
20100208,6.02,20.32,4.84,37.15,19.81
20100209,20.33,15.38,4.66,23.34,15.78
20100210,19.71,14.66,2.93,10.33,14.22
20100211,17.97,13.12,3.46,22.71,14.33
20100212,19.33,15.09,3.26,21.27,15.49
20100213,18.58,16.05,3.18,18.87,16.34
20100214,19.09,17.48,1.93,18.93,16.89
20100215,18.99,18.7,3.15,18.17,17.42
20100216,19.34,17.92,2.94,15.82,17.8
20100217,20.31,14.61,3.59,16.04,14.89
20100218,19.25,18.01,1.52,9.97,16.75
20100219,19.42,20.39,2.31,10.36,19.75
20100220,19.58,21.22,2.79,16.04,21.93
20100221,20.63,22.92,2.46,16.96,23.21
20100222,13.85,22.25,4.11,16.97,21.64
20100223,19.51,20.63,2.46,34.11,21.27
20100224,20.51,22.92,1.31,29.03,23.6
20100225,19.76,23.67,2.53,23.23,23.38
20100226,19.87,25.11,2.02,19.76,25.04
20100227,19.39,25.74,1.96,21.5,25.84
20100228,18.98,25.68,2.39,22.56,26.22
20100301,20.97,26.67,3.36,32.22,27.38
20100302,20.27,27.77,1.62,26.1,29.0
20100303,18.11,27.89,3.21,27.65,28.64
20100304,19.6,24.09,3.17,34.42,26.0
20100305,19.67,23.88,2.6,38.53,26.84
20100306,18.07,23.94,2.5,31.73,27.03
20100307,21.89,22.11,3.96,40.39,24.52
20100308,22.03,23.34,2.5,25.11,25.16
20100309,22.65,24.46,2.31,19.31,26.19
20100310,22.81,25.58,2.17,18.14,26.65
20100311,23.18,26.94,1.69,16.55,27.72
20100312,22.75,27.95,1.92,13.9,28.41
20100313,22.49,29.51,2.62,12.01,28.77
20100314,22.84,29.0,3.44,13.61,28.68
20100315,22.88,29.92,2.16,13.89,30.13
20100316,23.48,29.49,2.99,14.32,30.56
20100317,22.7,29.16,4.03,13.59,30.78
20100318,23.67,28.8,4.24,16.7,30.11
20100319,23.84,30.21,2.63,13.68,31.09
20100320,24.52,32.46,2.67,11.19,31.77
20100321,23.93,31.8,3.71,11.32,31.78
20100322,23.98,30.39,4.15,11.99,31.22
20100323,23.73,30.68,4.07,17.29,32.26
20100324,23.17,30.85,2.98,15.25,32.53
20100325,23.37,30.92,2.25,11.54,32.72
20100326,22.24,31.06,2.78,12.83,31.72
20100327,23.35,31.14,1.51,14.05,32.71
20100328,24.17,31.79,1.86,11.22,32.01
20100329,24.02,31.11,4.34,13.63,31.87
20100330,22.73,30.51,5.34,20.53,31.92
20100331,24.42,30.66,3.82,11.27,31.79
20100401,25.51,31.73,2.13,10.83,32.28
20100402,21.81,31.48,3.02,16.25,32.3
20100403,22.65,30.65,2.88,18.72,32.97
20100404,21.04,32.09,2.32,15.2,34.03
20100405,23.66,31.66,3.24,12.36,33.33
20100406,26.12,30.94,2.58,10.06,32.46
20100407,23.22,32.11,2.3,8.32,31.45
20100408,21.39,33.3,2.37,9.77,34.19
20100409,24.37,33.68,1.74,9.86,35.1
20100410,23.9,33.32,2.46,11.58,34.59
20100411,23.12,32.94,3.84,23.03,34.08
20100412,23.92,33.4,2.44,20.71,35.5
20100413,26.0,34.87,2.01,15.56,36.38
20100414,25.43,35.73,2.24,10.77,36.67
20100415,25.09,35.54,2.66,11.19,36.91
20100416,25.84,35.93,3.27,12.83,37.24
20100417,25.42,35.59,4.37,15.92,37.01
20100418,24.17,35.81,6.6,19.49,36.76
20100419,25.03,35.21,5.94,21.71,37.66
20100420,22.72,34.66,6.35,21.72,36.86
20100421,23.52,32.7,5.57,24.96,34.74
20100422,25.9,32.68,3.7,11.62,33.6
20100423,26.44,33.07,2.66,10.41,34.71
20100424,26.41,33.81,3.26,19.69,35.98
20100425,23.83,35.24,2.14,17.05,37.96
20100426,25.02,35.59,5.21,21.45,37.86
20100427,22.79,35.88,2.07,18.54,39.07
20100428,21.93,35.44,2.69,21.87,39.07
20100429,18.47,35.25,3.37,19.63,36.67
20100430,24.79,34.34,2.16,21.21,37.84
20100501,25.76,33.67,3.4,25.03,36.86
20100502,26.59,36.26,2.12,18.01,38.48
20100503,26.27,36.81,4.83,16.19,38.63
20100504,23.65,36.86,7.02,18.57,38.38
20100505,25.79,35.94,6.19,27.95,38.49
20100506,25.2,35.24,3.58,29.44,38.88
20100507,24.84,34.08,3.47,30.99,38.25
20100508,22.44,35.18,2.72,26.1,38.98
20100509,23.78,34.77,1.48,22.74,37.83
20100510,24.48,35.1,3.12,18.87,37.39
20100511,26.19,36.03,2.82,16.58,38.84
20100512,27.88,37.19,3.6,15.72,39.52
20100513,26.63,36.3,4.11,12.79,38.23
20100514,27.4,35.56,4.18,17.88,37.69
20100515,27.37,36.33,3.58,15.46,38.61
20100516,24.67,38.02,5.71,21.58,40.16
20100517,23.9,38.03,6.39,18.9,40.24
20100518,23.62,36.06,3.19,21.73,39.67
20100519,24.41,37.22,2.34,18.87,41.12
20100520,27.65,37.98,2.92,13.1,40.98
20100521,29.11,38.09,3.38,10.12,41.13
20100522,27.21,39.32,4.32,11.1,41.79
20100523,25.8,39.46,4.92,17.61,42.06
20100524,25.77,40.15,3.48,16.51,43.13
20100525,26.72,39.39,7.22,20.87,41.13
20100526,26.5,38.53,6.67,30.49,41.21
20100527,24.29,37.92,8.85,31.91,40.15
20100528,26.98,38.33,8.66,24.12,40.15
20100529,26.93,36.44,6.15,21.32,38.72
20100530,27.17,36.88,1.35,8.09,39.47
20100531,27.27,36.75,4.53,20.52,39.23
20100601,26.0,37.0,6.43,25.7,39.67
20100602,23.78,36.67,7.89,30.3,39.4
20100603,23.5,35.25,6.38,40.35,37.32
20100604,20.85,35.41,8.88,38.4,37.81
20100605,19.08,35.24,8.21,36.53,37.45
20100606,9.56,29.87,6.06,66.97,30.31
20100607,17.56,26.11,8.13,84.29,25.96
20100608,27.46,30.07,1.66,55.19,32.78
20100609,27.08,33.65,1.75,36.38,36.86
20100610,26.62,34.89,2.36,29.2,37.4
20100611,27.74,35.87,2.84,27.57,38.4
20100612,26.87,37.69,1.21,21.61,40.35
20100613,26.98,37.81,1.8,22.04,40.76
20100614,25.25,37.73,2.25,24.38,41.17
20100615,22.24,35.56,2.93,31.09,39.04
20100616,23.46,35.53,2.6,32.14,38.99
20100617,23.45,36.65,2.28,31.87,40.54
20100618,25.59,37.92,1.91,26.72,41.64
20100619,26.76,38.64,3.48,24.6,41.23
20100620,27.86,39.54,3.8,20.03,41.87
20100621,26.8,38.19,6.16,28.16,40.49
20100622,24.17,36.82,8.85,35.6,38.65
20100623,23.63,36.03,7.33,41.75,38.45
20100624,24.32,35.98,5.22,44.88,39.12
20100625,22.74,36.38,4.5,43.58,39.62
20100626,24.0,38.03,2.93,37.93,42.08
20100627,25.28,38.37,5.11,33.36,41.17
20100628,23.8,37.17,6.55,34.32,39.68
20100629,23.32,35.86,6.39,42.69,38.6
20100630,20.12,35.64,4.11,43.21,39.26
20100701,23.58,37.18,3.97,38.23,40.52
20100702,23.27,37.27,2.64,34.64,41.46
20100703,21.63,39.0,2.85,28.81,42.34
20100704,24.51,37.46,5.07,35.84,40.74
20100705,23.21,34.6,4.66,47.14,37.92
20100706,18.58,34.36,2.75,46.5,38.97
20100707,21.58,33.71,3.34,53.21,36.67
20100708,23.07,34.02,2.2,53.9,37.2
20100709,26.83,36.07,3.78,45.91,39.85
20100710,27.35,36.76,5.75,44.71,39.95
20100711,23.84,36.44,7.63,44.71,39.21
20100712,21.59,35.3,8.73,47.53,37.85
20100713,19.78,34.99,4.38,46.77,39.25
20100714,21.96,35.36,2.96,43.74,39.24
20100715,25.17,36.94,1.99,37.81,42.09
20100716,24.38,38.1,2.03,32.2,43.19
20100717,23.07,39.39,3.47,28.95,42.58
20100718,23.69,38.76,4.35,37.25,43.13
20100719,23.9,37.27,8.27,43.59,40.1
20100720,22.91,36.25,6.87,46.67,39.42
20100721,22.89,36.67,5.31,41.88,40.74
20100722,19.04,35.4,3.84,45.4,39.88
20100723,13.8,32.71,2.38,60.69,34.75
20100724,13.39,30.56,2.29,72.36,31.14
20100725,17.71,31.48,2.35,62.32,33.26
20100726,22.53,32.8,3.57,59.73,34.1
20100727,22.05,32.68,2.7,61.65,35.12
20100728,11.84,31.94,4.2,61.51,33.42
20100729,24.76,33.28,3.6,52.96,36.06
20100730,24.79,34.84,3.02,46.0,38.7
20100731,22.33,32.36,4.54,58.76,34.56
20100801,21.05,29.5,1.98,70.74,30.86
20100802,11.96,29.74,3.88,69.05,30.55
20100803,14.17,29.34,2.11,76.72,30.19
20100804,17.68,30.5,2.28,74.66,31.5
20100805,16.88,30.95,1.47,75.59,31.71
20100806,20.01,30.11,1.9,79.12,30.65
20100807,23.58,32.22,2.09,65.01,33.93
20100808,23.31,32.64,2.23,62.18,33.69
20100809,20.07,32.56,1.24,60.81,34.73
20100810,22.17,32.38,3.19,62.92,34.06
20100811,24.7,32.6,4.05,60.87,34.64
20100812,25.67,33.41,4.65,56.96,35.54
20100813,19.43,31.68,4.69,61.23,33.23
20100814,18.5,31.11,3.15,61.31,33.42
20100815,16.09,31.44,2.53,61.76,34.03
20100816,23.28,31.42,2.46,62.92,33.96
20100817,22.74,32.55,3.64,58.07,35.46
20100818,25.09,32.89,4.58,57.38,34.96
20100819,18.0,32.58,5.21,55.0,33.84
20100820,19.15,31.34,4.4,60.49,32.67
20100821,21.66,31.75,4.78,60.51,33.21
20100822,22.34,32.54,6.3,57.18,34.57
20100823,21.65,33.39,5.77,54.28,35.58
20100824,18.22,33.25,5.48,54.63,35.51
20100825,22.54,33.46,3.48,51.58,36.61
20100826,21.63,33.61,2.24,49.31,36.57
20100827,23.48,32.8,3.1,50.23,34.46
20100828,22.75,34.53,1.55,41.98,37.55
20100829,22.44,35.77,1.45,27.82,37.3
20100830,22.26,34.09,2.86,43.11,36.19
20100831,20.23,34.16,3.29,49.33,36.26
20100901,20.86,33.56,3.89,53.8,35.64
20100902,19.94,33.09,2.29,59.42,35.74
20100903,18.94,31.22,3.84,68.87,32.41
20100904,20.16,31.03,3.65,67.61,31.77
20100905,18.93,31.71,3.11,59.88,33.51
20100906,22.22,32.57,2.3,55.67,35.59
20100907,21.54,33.63,3.34,50.49,36.17
20100908,18.46,33.51,2.54,52.37,35.88
20100909,16.04,32.65,3.55,58.0,34.34
20100910,21.92,31.32,3.42,63.88,32.46
20100911,9.16,28.13,2.4,81.63,28.62
20100912,19.77,28.06,2.69,81.38,28.56
20100913,21.17,29.52,3.31,71.44,30.58
20100914,18.6,30.08,2.16,64.31,31.12
20100915,19.98,29.66,2.18,57.23,30.43
20100916,21.57,29.81,2.38,52.45,31.26
20100917,21.77,30.16,3.76,50.41,31.49
20100918,21.59,29.72,2.72,48.88,31.81
20100919,21.08,29.98,2.14,45.38,32.17
20100920,22.58,29.28,2.86,37.68,30.13
20100921,22.22,29.75,2.85,26.99,30.19
20100922,21.47,29.27,4.26,31.4,29.9
20100923,22.77,29.27,3.93,38.81,30.47
20100924,22.92,28.65,2.75,40.35,30.33
20100925,22.87,29.07,3.28,35.95,30.42
20100926,22.69,29.66,2.41,36.53,31.01
20100927,22.55,29.6,2.79,38.13,31.24
20100928,22.36,29.77,3.25,43.25,31.35
20100929,22.24,30.85,2.18,37.04,31.9
20100930,21.74,31.75,1.61,34.81,32.88
20101001,21.3,31.63,2.17,38.13,33.07
20101002,21.06,33.12,1.7,32.78,33.73
20101003,21.2,32.34,2.19,37.76,33.47
20101004,21.07,32.15,2.87,39.21,32.84
20101005,21.6,31.93,2.39,32.76,32.2
20101006,20.96,31.19,1.66,27.27,31.34
20101007,21.31,30.96,2.31,23.59,30.67
20101008,21.02,29.99,2.62,29.06,30.24
20101009,21.04,29.2,4.7,31.07,29.73
20101010,21.1,28.33,5.79,46.87,29.18
20101011,19.79,28.84,4.02,51.98,30.37
20101012,18.4,29.35,2.09,49.1,31.28
20101013,19.51,29.94,2.82,41.38,31.26
20101014,20.14,29.34,3.61,37.62,30.3
20101015,20.12,29.28,3.36,34.6,30.02
20101016,19.91,29.78,2.72,29.36,29.8
20101017,19.21,30.7,2.27,26.98,30.36
20101018,19.03,29.2,3.43,45.42,30.38
20101019,18.92,29.44,2.93,43.28,30.51
20101020,18.56,30.79,1.85,36.1,31.04
20101021,19.14,30.57,2.47,28.39,29.92
20101022,18.84,28.71,3.78,27.8,28.65
20101023,17.92,26.37,3.33,30.58,27.24
20101024,17.61,25.71,3.32,33.02,26.46
20101025,16.7,26.88,2.66,36.28,27.78
20101026,17.46,26.83,2.13,34.19,27.26
20101027,16.7,26.84,1.8,31.79,27.46
20101028,16.76,26.07,2.7,33.03,26.91
20101029,11.24,25.15,3.09,37.78,25.49
20101030,14.94,25.33,2.51,46.15,26.32
20101031,15.21,24.45,2.43,39.95,24.84
20101101,14.54,24.44,2.03,33.96,24.39
20101102,16.68,24.36,2.45,30.58,24.06
20101103,16.85,25.14,1.93,29.66,24.48
20101104,16.56,25.74,1.88,26.65,24.27
20101105,17.03,25.13,2.05,32.32,24.42
20101106,16.91,24.67,2.43,29.6,24.13
20101107,12.91,23.68,3.01,33.45,23.83
20101108,13.26,23.06,3.1,31.84,23.02
20101109,13.62,24.2,3.49,42.05,24.57
20101110,13.81,25.72,2.37,52.99,26.98
20101111,12.41,26.32,1.87,44.0,27.17
20101112,13.06,24.87,2.29,54.83,25.03
20101113,13.05,24.84,2.14,49.94,25.42
20101114,12.06,24.27,2.41,60.0,25.36
20101115,13.23,24.16,3.03,44.14,24.98
20101116,13.43,21.82,2.79,37.9,21.68
20101117,14.23,21.51,2.37,30.6,21.18
20101118,14.43,20.95,2.73,29.79,20.19
20101119,15.15,21.85,1.97,23.3,19.93
20101120,16.42,21.76,1.35,21.76,19.12
20101121,16.54,21.38,1.83,23.1,19.58
20101122,4.61,20.26,2.79,34.51,19.63
20101123,15.58,20.27,3.2,66.87,20.67
20101124,12.28,20.73,2.62,60.4,21.69
20101125,14.4,20.36,2.37,48.92,20.42
20101126,15.81,20.7,1.91,29.42,19.05
20101127,16.48,20.5,1.44,21.53,17.98
20101128,16.47,18.97,2.5,23.81,17.5
20101129,16.45,18.06,2.77,26.44,17.33
20101130,15.42,19.47,1.3,19.95,16.97
20101201,16.45,18.4,2.4,22.05,16.49
20101202,16.11,17.28,3.03,25.14,16.32
20101203,15.51,16.35,2.99,32.65,15.97
20101204,15.0,15.59,3.47,31.28,15.39
20101205,14.83,15.43,3.27,35.06,15.16
20101206,13.62,15.47,2.95,42.73,15.54
20101207,14.13,16.57,2.81,52.32,17.0
20101208,13.79,15.62,2.56,42.88,15.88
20101209,13.04,15.15,2.42,37.1,14.08
20101210,14.24,15.67,1.56,26.09,13.11
20101211,14.67,16.01,1.81,19.93,13.41
20101212,15.15,15.81,2.92,22.55,13.9
20101213,15.12,16.49,2.73,27.99,15.16
20101214,14.93,18.25,0.86,25.87,15.28
20101215,15.05,17.97,1.6,29.08,15.42
20101216,14.86,17.33,2.1,30.25,16.0
20101217,15.26,16.57,2.03,20.31,14.68
20101218,14.45,14.65,2.67,19.12,13.24
20101219,13.71,14.35,2.85,24.2,13.26
20101220,14.51,15.2,2.29,21.59,13.63
20101221,14.46,15.95,2.76,19.74,13.29
20101222,14.4,15.97,2.82,21.0,13.42
20101223,14.0,15.4,2.02,22.44,13.61
20101224,12.02,12.12,3.0,33.52,11.76
20101225,11.96,13.32,2.38,39.8,12.22
20101226,13.62,13.62,2.89,41.95,13.22
20101227,13.09,13.27,3.72,42.63,13.33
20101228,10.7,14.61,3.47,52.65,15.16
20101229,10.85,15.71,2.55,75.85,16.67
20101230,13.23,14.28,3.32,59.85,13.88
20101231,14.57,13.87,3.14,38.68,12.72
20110101,14.72,14.03,1.53,25.68,12.06
20110102,15.76,12.31,2.26,32.87,11.84
20110103,15.33,11.71,3.01,38.08,11.94
20110104,11.43,10.68,2.74,41.28,11.35
20110105,13.58,9.86,3.14,39.38,9.88
20110106,13.61,10.4,2.61,32.67,9.94
20110107,13.26,11.66,1.92,28.67,10.32
20110108,13.06,12.1,2.51,25.26,11.31
20110109,12.69,11.38,3.13,26.22,11.02
20110110,14.4,12.76,2.08,28.23,11.5
20110111,15.2,15.6,1.47,22.54,13.2
20110112,14.87,16.59,1.75,21.08,15.07
20110113,14.33,17.83,1.84,25.25,16.25
20110114,13.95,15.62,3.32,27.63,14.94
20110115,16.43,11.48,3.48,18.47,10.43
20110116,16.09,13.55,1.52,11.53,11.28
20110117,15.63,14.64,2.9,13.17,13.83
20110118,16.2,16.25,2.67,15.89,15.16
20110119,16.01,15.3,2.27,19.24,14.55
20110120,14.61,17.46,2.7,18.76,16.57
20110121,14.47,17.43,2.86,28.26,17.62
20110122,10.51,17.64,2.94,33.57,18.3
20110123,15.19,17.05,3.15,27.93,17.63
20110124,15.72,15.9,3.16,27.13,16.43
20110125,16.6,15.38,3.16,27.64,15.87
20110126,16.45,14.76,3.68,30.02,15.05
20110127,16.88,13.94,3.14,26.42,13.96
20110128,16.69,14.54,2.63,24.57,14.58
20110129,10.55,16.04,4.16,24.0,16.74
20110130,16.3,15.23,3.54,31.61,16.16
20110131,17.14,15.11,3.0,36.77,15.93
20110201,17.4,17.6,2.11,33.87,17.14
20110202,17.63,20.26,2.0,26.81,18.82
20110203,18.09,21.02,2.52,25.68,20.06
20110204,17.09,21.18,4.51,24.44,20.57
20110205,17.41,20.56,2.14,27.86,20.31
20110206,17.03,20.26,3.4,36.94,20.36
20110207,16.78,18.45,5.09,44.66,18.76
20110208,19.91,17.24,1.74,15.23,16.87
20110209,19.28,15.56,2.94,18.04,16.5
20110210,18.39,18.04,2.86,19.26,18.7
20110211,18.22,19.69,3.63,21.51,20.5
20110212,17.21,19.02,2.71,32.98,20.34
20110213,6.15,16.78,3.12,51.48,18.49
20110214,7.38,16.84,1.79,67.83,17.85
20110215,10.96,17.39,2.23,52.93,18.3
20110216,19.49,16.67,2.31,36.4,17.34
20110217,19.39,18.15,1.78,30.69,18.71
20110218,13.26,18.33,3.27,35.84,19.32
20110219,18.21,18.31,2.48,40.41,20.28
20110220,19.07,18.74,3.23,39.34,20.21
20110221,19.99,15.81,3.71,51.36,17.54
20110222,20.47,18.21,2.03,39.29,19.63
20110223,20.28,19.13,2.39,33.4,20.61
20110224,18.38,19.59,2.75,38.22,21.26
20110225,15.14,18.51,4.08,49.26,19.86
20110226,20.29,17.87,3.24,50.54,19.88
20110227,20.76,17.94,4.4,36.35,18.87
20110228,19.34,18.82,3.78,34.56,20.21
20110301,11.08,18.99,5.27,40.81,20.24
20110302,18.7,21.47,3.51,42.32,23.94
20110303,12.71,20.03,2.96,52.75,22.51
20110304,19.92,19.71,4.4,54.81,21.9
20110305,20.28,20.97,2.8,53.08,23.66
20110306,20.92,21.37,3.64,41.75,23.37
20110307,19.54,22.51,3.13,34.49,24.7
20110308,21.06,22.76,3.1,31.26,24.63
20110309,23.93,21.31,2.61,16.41,21.97
20110310,24.46,21.96,2.49,15.15,22.13
20110311,24.34,23.53,1.7,15.74,23.34
20110312,23.85,24.92,2.71,12.26,23.8
20110313,23.71,27.63,1.53,10.63,26.33
20110314,24.05,27.96,2.57,14.73,28.4
20110315,24.32,27.91,3.37,17.66,29.12
20110316,24.05,28.48,2.31,16.71,29.32
20110317,23.19,29.89,3.26,16.33,29.51
20110318,21.5,28.94,4.58,20.7,29.7
20110319,21.37,28.04,5.87,19.93,28.69
20110320,24.9,26.09,3.17,10.92,27.21
20110321,23.98,26.38,2.17,9.37,27.06
20110322,25.36,25.93,2.31,10.05,27.0
20110323,24.31,27.41,1.39,11.27,27.66
20110324,24.6,28.09,1.86,14.01,27.83
20110325,25.41,28.48,1.5,15.17,29.57
20110326,25.57,29.19,3.54,16.56,30.5
20110327,24.78,30.17,3.83,17.7,31.78
20110328,24.02,29.87,5.41,21.08,31.21
20110329,23.42,27.76,2.36,18.2,30.07
20110330,24.97,28.53,1.38,16.46,30.63
20110331,24.28,28.2,2.46,18.64,30.76
20110401,23.23,28.26,3.19,17.76,30.41
20110402,26.61,25.66,3.35,7.71,27.27
20110403,26.31,25.56,3.17,17.56,27.16
20110404,27.13,26.7,3.44,16.51,27.67
20110405,26.08,26.65,3.6,10.77,27.76
20110406,21.66,26.03,3.1,17.7,27.62
20110407,23.86,26.48,3.97,23.53,28.19
20110408,19.62,28.16,2.32,20.7,30.25
20110409,22.62,30.36,1.87,19.09,32.57
20110410,23.4,31.0,3.49,21.2,32.75
20110411,14.83,26.97,5.0,33.85,28.46
20110412,20.16,26.83,2.97,38.97,29.63
20110413,25.75,29.18,2.35,29.06,32.53
20110414,25.93,31.38,1.45,23.2,34.83
20110415,25.23,33.0,2.07,20.92,34.78
20110416,21.21,30.23,4.07,32.31,33.21
20110417,25.31,27.39,4.2,37.45,30.56
20110418,27.93,29.24,2.88,15.54,30.51
20110419,28.38,27.9,3.26,21.83,30.89
20110420,28.69,29.92,2.66,18.91,32.55
20110421,28.61,31.78,1.65,11.42,33.45
20110422,29.19,31.63,2.25,11.18,33.38
20110423,28.82,33.09,2.33,9.6,33.57
20110424,28.31,33.54,2.14,9.66,34.62
20110425,28.32,33.72,3.28,11.33,35.18
20110426,27.94,33.92,4.13,13.41,35.83
20110427,27.76,34.72,4.68,13.65,36.48
20110428,26.43,34.19,5.03,21.92,36.58
20110429,26.19,32.54,5.46,27.43,34.19
20110430,27.66,31.96,4.93,31.18,34.12
20110501,27.47,33.68,3.52,24.14,36.36
20110502,27.26,34.36,3.66,22.06,37.26
20110503,26.82,34.7,5.72,29.04,37.02
20110504,27.12,34.19,5.49,31.01,36.88
20110505,26.71,34.73,4.13,26.43,37.47
20110506,26.13,34.44,2.28,21.91,37.94
20110507,27.46,34.59,2.88,21.88,37.67
20110508,28.01,35.76,4.93,17.41,37.4
20110509,27.83,36.1,7.17,19.68,38.04
20110510,27.7,35.17,5.6,26.45,37.92
20110511,27.26,35.28,6.99,30.48,37.45
20110512,27.41,35.6,5.14,28.23,38.11
20110513,27.78,36.47,3.82,25.17,38.66
20110514,26.4,37.08,3.05,21.32,39.88
20110515,27.16,37.88,2.88,22.87,41.44
20110516,27.1,38.64,2.47,18.44,41.95
20110517,25.71,38.51,2.92,17.19,41.54
20110518,27.61,38.23,5.22,20.35,40.96
20110519,27.26,37.34,6.5,24.7,39.8
20110520,25.74,36.77,5.76,33.31,39.7
20110521,25.39,36.68,7.37,32.97,39.36
20110522,24.18,35.9,6.44,38.49,38.92
20110523,25.46,35.92,4.52,36.55,39.49
20110524,26.91,36.43,6.63,32.5,39.0
20110525,23.53,35.82,5.29,35.51,39.0
20110526,25.84,36.57,5.34,34.7,40.1
20110527,26.78,36.86,3.9,31.18,40.42
20110528,26.2,36.79,4.13,29.45,40.13
20110529,27.32,37.45,5.43,24.95,40.37
20110530,27.18,36.81,6.53,28.6,39.43
20110531,27.22,37.16,6.74,32.47,40.04
20110601,24.48,35.37,7.47,38.05,38.18
20110602,20.25,35.56,3.38,35.71,39.52
20110603,21.62,36.89,1.85,23.83,40.9
20110604,24.06,37.92,1.94,20.43,41.42
20110605,25.94,39.4,2.39,15.94,41.96
20110606,26.27,40.8,2.16,12.1,42.64
20110607,26.98,40.2,3.75,12.77,42.33
20110608,27.92,39.8,6.67,12.86,41.73
20110609,27.23,38.18,7.0,21.99,40.47
20110610,26.74,37.28,7.24,30.76,39.78
20110611,27.18,36.91,6.29,33.08,39.82
20110612,26.73,37.55,4.53,31.67,41.14
20110613,25.87,37.56,5.22,37.04,41.49
20110614,26.55,38.76,6.4,34.62,42.16
20110615,23.97,37.16,7.49,35.68,40.22
20110616,26.69,36.99,6.68,38.44,40.65
20110617,25.92,37.05,6.4,35.97,40.74
20110618,25.71,36.84,5.53,37.01,40.66
20110619,22.71,37.81,6.11,36.56,41.64
20110620,22.72,38.21,5.46,33.75,41.96
20110621,22.85,38.05,5.05,33.89,41.79
20110622,22.93,39.03,2.99,30.85,43.51
20110623,23.44,38.23,4.52,35.18,41.93
20110624,21.9,38.34,7.33,33.86,41.38
20110625,23.49,38.08,6.72,34.92,41.62
20110626,21.7,37.56,6.21,36.38,40.74
20110627,22.86,37.16,4.35,38.29,41.16
20110628,19.69,38.59,5.05,34.28,42.61
20110629,18.76,36.35,5.79,38.23,40.32
20110630,21.28,36.51,6.6,38.95,40.03
20110701,19.49,35.61,7.04,41.41,39.04
20110702,21.05,35.77,6.17,39.21,39.27
20110703,22.4,35.93,6.36,37.56,39.04
20110704,21.06,36.09,3.9,36.36,39.99
20110705,21.57,37.32,2.8,29.2,41.65
20110706,20.75,37.88,3.17,29.22,41.02
20110707,22.08,37.59,3.39,32.31,41.37
20110708,21.0,36.65,3.1,41.74,38.7
20110709,22.66,32.33,4.03,60.73,33.51
20110710,19.74,30.97,4.15,66.74,32.09
20110711,24.54,32.58,3.75,55.94,34.87
20110712,25.39,34.98,4.48,42.98,37.65
20110713,26.07,36.15,3.61,34.86,39.57
20110714,24.87,37.16,2.95,35.93,42.09
20110715,23.5,33.89,4.57,56.72,35.02
20110716,16.03,32.16,2.53,63.69,33.66
20110717,22.32,34.22,2.39,50.59,37.05
20110718,16.93,36.26,3.25,39.52,39.03
20110719,22.06,36.72,2.9,36.68,40.15
20110720,25.34,35.96,6.23,38.44,38.74
20110721,24.22,35.0,6.44,40.77,37.79
20110722,25.42,35.19,6.09,38.68,37.99
20110723,23.52,35.32,5.18,41.5,38.56
20110724,22.32,36.19,3.76,37.87,39.7
20110725,23.81,35.32,5.2,45.66,38.48
20110726,22.52,35.24,4.02,49.34,38.88
20110727,20.2,35.27,5.27,51.17,37.75
20110728,23.44,33.11,4.34,60.89,33.43
20110729,24.83,33.76,4.3,52.21,35.9
20110730,25.19,35.4,4.52,45.33,38.93
20110731,24.98,35.64,4.65,44.75,38.79
20110801,26.27,35.11,5.56,46.23,37.54
20110802,26.33,36.22,4.85,43.29,39.76
20110803,27.08,36.63,5.47,42.02,40.13
20110804,25.96,36.48,5.47,41.63,40.19
20110805,23.42,36.3,5.7,42.68,39.28
20110806,24.1,36.39,5.04,39.04,39.6
20110807,23.77,36.66,4.52,39.07,39.86
20110808,18.53,36.24,4.65,41.35,39.18
20110809,18.6,32.21,2.28,59.69,34.42
20110810,23.11,32.64,2.97,59.5,34.98
20110811,19.28,33.38,3.83,56.17,35.87
20110812,19.74,32.84,3.99,55.77,35.01
20110813,13.9,28.86,5.02,77.34,29.3
20110814,14.04,28.85,4.39,79.66,28.96
20110815,18.75,29.58,2.53,73.04,31.16
20110816,24.44,31.72,4.04,62.08,33.82
20110817,25.23,31.82,4.53,56.64,34.49
20110818,24.87,33.38,3.46,50.96,36.33
20110819,24.66,33.52,3.87,51.46,36.36
20110820,22.58,33.39,2.57,50.68,35.34
20110821,21.19,32.97,2.1,54.2,35.66
20110822,23.23,34.03,1.85,51.1,37.51
20110823,24.16,34.99,3.96,47.97,37.6
20110824,11.24,32.14,5.48,56.51,33.85
20110825,20.16,31.9,3.28,57.16,35.21
20110826,22.08,33.09,2.82,52.38,36.42
20110827,23.56,33.71,2.59,52.03,36.79
20110828,18.34,32.08,2.19,61.88,33.48
20110829,21.38,33.36,2.5,55.22,36.0
20110830,16.46,31.29,4.24,68.2,31.6
20110831,17.39,30.08,2.23,76.11,29.72
20110901,17.87,28.82,2.35,84.8,28.78
20110902,18.78,28.2,3.13,83.67,28.22
20110903,22.49,29.88,4.81,67.77,30.29
20110904,19.02,30.71,6.47,65.36,31.46
20110905,6.98,27.19,4.33,84.83,27.35
20110906,15.3,28.26,2.72,81.92,29.03
20110907,16.28,29.03,4.68,78.41,29.05
20110908,17.63,29.27,5.87,77.25,29.51
20110909,13.85,29.72,6.26,71.86,30.84
20110910,20.97,31.25,2.4,63.54,33.17
20110911,22.02,31.69,1.69,59.58,33.17
20110912,20.18,32.39,3.93,57.78,33.92
20110913,19.84,30.98,2.53,64.94,32.51
20110914,20.85,31.04,3.34,65.87,33.02
20110915,22.94,31.21,4.2,61.88,33.14
20110916,21.83,29.89,5.57,61.78,31.09
20110917,16.54,29.27,3.13,69.51,32.01
20110918,21.08,30.14,3.93,65.32,32.31
20110919,21.62,29.88,4.54,59.66,31.59
20110920,22.15,29.48,3.59,55.86,31.35
20110921,22.32,29.26,3.99,56.71,30.99
20110922,22.89,29.28,4.06,58.48,31.1
20110923,22.16,29.59,3.58,54.14,31.31
20110924,21.61,29.69,4.79,54.34,31.13
20110925,21.17,29.13,5.89,57.1,30.33
20110926,21.81,28.86,5.17,60.6,30.25
20110927,22.53,28.84,5.44,60.78,30.12
20110928,22.41,28.69,5.3,59.21,29.87
20110929,22.3,28.28,4.94,58.7,29.53
20110930,22.3,28.24,4.6,56.7,29.48
20111001,22.11,27.96,5.23,54.97,28.98
20111002,21.6,28.09,5.31,54.77,29.18
20111003,21.98,27.78,5.32,59.38,29.05
20111004,22.18,27.3,4.76,59.98,28.71
20111005,22.11,27.49,3.78,54.8,28.83
20111006,21.78,28.11,3.26,52.25,29.49
20111007,21.43,27.98,3.29,48.08,29.2
20111008,20.2,28.72,3.64,46.12,29.86
20111009,20.88,29.46,2.27,44.27,30.69
20111010,20.35,29.65,2.09,41.11,30.85
20111011,19.6,29.52,1.98,34.18,30.46
20111012,19.78,30.03,1.95,35.55,31.07
20111013,19.95,28.82,3.29,31.01,29.77
20111014,20.76,28.36,3.49,26.7,28.6
20111015,20.94,28.53,2.52,29.29,28.2
20111016,20.72,29.72,1.32,21.12,28.4
20111017,20.35,28.2,1.89,24.54,28.5
20111018,19.82,28.08,2.29,26.79,28.37
20111019,18.98,28.92,2.07,27.8,28.77
20111020,19.08,29.35,1.62,28.22,28.69
20111021,18.94,28.65,1.94,32.05,28.58
20111022,18.94,27.97,2.62,34.59,28.17
20111023,18.77,26.72,2.48,39.02,27.56
20111024,17.34,25.39,2.27,42.31,26.17
20111025,17.89,24.83,2.61,40.65,25.42
20111026,18.48,24.86,2.5,32.12,25.4
20111027,19.09,25.3,2.2,25.25,24.69
20111028,18.6,26.65,1.6,19.82,24.48
20111029,18.61,25.53,1.97,24.86,24.97
20111030,18.36,26.08,1.73,23.46,24.8
20111031,18.07,26.43,1.41,24.69,25.05
20111101,17.52,25.72,2.36,33.24,25.37
20111102,16.33,26.1,2.72,38.08,26.48
20111103,13.64,26.47,2.88,54.53,27.21
20111104,16.36,26.94,2.18,50.88,27.88
20111105,15.98,26.82,1.9,44.78,27.96
20111106,16.56,26.71,1.62,35.2,26.64
20111107,16.92,27.06,1.7,32.87,26.97
20111108,14.75,27.06,2.38,37.14,27.54
20111109,13.24,26.61,1.97,41.01,27.65
20111110,14.49,27.34,2.39,39.57,28.81
20111111,15.23,26.04,2.77,47.1,27.28
20111112,16.23,26.75,1.48,36.96,26.11
20111113,16.64,26.44,1.94,31.39,26.07
20111114,16.08,25.87,2.46,31.43,25.54
20111115,16.27,26.19,1.84,37.99,26.12
20111116,16.0,25.37,2.39,36.83,24.81
20111117,16.07,25.52,2.45,31.76,24.45
20111118,15.8,25.76,2.11,32.1,24.47
20111119,16.23,25.91,1.89,30.95,24.86
20111120,15.81,25.0,1.98,28.82,24.5
20111121,15.34,24.34,2.17,28.29,23.59
20111122,14.94,24.35,1.76,28.67,23.14
20111123,14.88,22.48,2.57,33.88,22.5
20111124,12.98,20.98,3.19,44.49,21.44
20111125,13.02,21.2,2.35,51.91,21.64
20111126,12.87,21.3,2.18,42.76,21.14
20111127,13.24,21.01,2.22,41.96,21.52
20111128,14.25,20.5,2.84,41.02,20.62
20111129,14.27,20.61,2.53,35.79,20.21
20111130,11.63,23.2,0.82,30.81,21.92
20111201,12.98,22.82,1.58,30.93,22.31
20111202,13.28,22.32,2.11,28.83,23.24
20111203,13.73,23.92,1.52,29.59,23.25
20111204,14.61,23.98,2.04,34.81,22.72
20111205,14.81,23.16,2.26,32.73,22.14
20111206,14.37,20.08,2.59,28.45,19.73
20111207,13.28,17.83,2.56,45.62,18.4
20111208,12.8,17.22,2.33,51.46,17.93
20111209,14.94,18.18,2.27,33.42,17.86
20111210,15.53,17.01,2.08,22.16,15.52
20111211,15.41,17.79,2.3,16.9,14.63
20111212,15.16,17.86,2.81,18.08,15.15
20111213,14.88,17.77,1.7,19.13,15.8
20111214,14.88,16.59,1.86,22.5,15.27
20111215,15.22,16.08,2.76,23.42,15.24
20111216,15.24,15.33,2.73,22.98,14.99
20111217,15.08,15.24,2.96,23.62,15.05
20111218,15.02,15.53,2.32,25.15,15.41
20111219,14.02,16.17,2.61,31.61,15.93
20111220,13.23,15.19,2.67,27.77,13.98
20111221,12.17,13.33,4.23,30.12,12.77
20111222,14.46,11.72,4.05,30.8,11.72
20111223,14.36,10.68,3.66,24.03,10.24
20111224,13.34,11.68,3.19,23.02,11.03
20111225,14.52,12.75,3.53,22.86,12.52
20111226,14.43,14.04,2.67,23.55,13.51
20111227,13.37,13.75,3.3,25.75,13.49
20111228,11.3,13.56,2.97,34.14,13.53
20111229,11.91,13.13,3.18,35.68,12.7
20111230,11.86,11.07,2.44,31.33,9.88
20111231,12.66,13.15,2.39,29.71,12.14
20120101,15.23,12.36,2.99,25.81,11.21
20120102,14.77,14.63,1.26,20.07,11.9
20120103,14.01,14.55,2.12,20.89,13.06
20120104,10.61,14.92,3.26,24.97,14.17
20120105,12.41,13.51,3.05,36.73,13.92
20120106,12.35,13.63,3.01,39.38,13.1
20120107,15.55,10.4,2.89,17.72,10.32
20120108,13.3,10.52,3.85,34.76,10.74
20120109,14.8,12.09,1.48,31.88,11.4
20120110,14.85,11.34,3.06,31.42,11.44
20120111,14.33,14.05,1.69,26.8,13.16
20120112,15.1,15.11,1.94,28.29,14.07
20120113,15.09,15.99,2.86,33.44,15.2
20120114,13.09,18.15,2.21,39.23,17.34
20120115,9.41,18.9,3.79,58.74,19.16
20120116,13.85,15.95,3.51,47.1,16.87
20120117,15.64,14.11,2.6,36.8,14.44
20120118,16.37,14.17,2.22,30.84,14.16
20120119,16.07,13.3,2.46,28.86,13.65
20120120,16.35,12.67,2.97,28.53,13.07
20120121,15.89,12.81,3.92,30.61,13.37
20120122,13.45,13.58,3.36,32.01,13.96
20120123,16.27,13.0,3.99,31.13,13.59
20120124,11.95,12.44,3.86,43.11,13.19
20120125,14.83,14.48,2.2,44.08,16.28
20120126,15.74,15.11,2.66,34.08,15.84
20120127,16.51,15.01,2.23,30.43,15.65
20120128,17.27,14.73,2.81,28.4,14.97
20120129,17.68,14.19,3.12,25.8,14.41
20120130,17.47,14.81,2.18,22.76,14.3
20120131,16.77,15.73,2.43,20.94,14.75
20120201,16.73,15.31,2.24,23.86,15.45
20120202,16.82,17.27,1.91,22.3,17.58
20120203,14.92,18.59,2.99,20.05,18.37
20120204,14.49,15.03,3.33,38.69,15.6
20120205,18.19,15.25,2.43,36.02,16.36
20120206,18.54,13.76,4.49,39.22,14.81
20120207,19.18,11.81,2.54,19.4,12.66
20120208,19.85,10.5,3.46,14.26,10.34
20120209,19.49,12.76,2.12,10.9,12.02
20120210,19.28,15.12,1.96,9.85,13.69
20120211,14.95,16.87,2.95,12.72,16.15
20120212,17.47,17.46,2.81,16.95,17.51
20120213,17.79,14.25,3.4,44.88,15.44
20120214,18.92,15.36,2.62,18.82,15.94
20120215,20.45,13.54,3.33,24.01,14.73
20120216,19.32,14.26,2.41,14.69,14.33
20120217,16.86,15.01,4.08,15.3,15.73
20120218,18.5,14.98,3.88,18.17,15.98
20120219,18.62,17.69,2.62,23.99,18.93
20120220,19.25,20.47,2.01,24.31,20.91
20120221,18.17,21.56,2.37,30.98,21.97
20120222,18.43,19.38,3.36,29.48,20.37
20120223,20.55,15.84,2.34,18.48,17.54
20120224,20.93,15.46,3.15,16.39,16.71
20120225,22.01,15.31,3.66,13.77,16.44
20120226,21.86,16.84,3.02,12.85,17.86
20120227,20.44,19.68,2.43,12.1,20.04
20120228,21.32,20.92,3.13,15.7,20.22
20120229,22.5,21.79,2.81,15.93,20.73
20120301,21.44,21.45,2.56,20.81,22.8
20120302,21.17,22.12,3.17,18.93,23.35
20120303,19.75,24.04,3.14,24.2,24.97
20120304,18.15,25.75,6.2,37.86,26.45
20120305,19.11,23.7,6.23,36.6,24.57
20120306,21.35,21.94,2.42,19.58,23.21
20120307,23.74,19.75,5.58,8.13,20.16
20120308,23.76,18.05,6.19,11.14,18.74
20120309,23.71,19.38,1.35,10.12,19.3
20120310,23.54,19.91,3.32,9.13,19.41
20120311,23.34,19.93,3.26,12.61,20.6
20120312,22.68,21.29,3.29,16.19,21.64
20120313,23.46,19.83,2.7,23.21,21.25
20120314,22.6,22.43,2.6,15.32,23.18
20120315,22.52,23.41,2.3,15.02,24.9
20120316,22.93,25.81,3.3,15.22,25.87
20120317,22.45,27.07,1.63,18.03,27.54
20120318,23.55,27.73,1.6,17.65,28.64
20120319,24.06,28.55,5.48,19.28,28.74
20120320,26.73,22.13,5.89,6.43,23.18
20120321,25.55,21.32,2.61,6.98,22.55
20120322,23.66,23.15,2.41,8.04,24.38
20120323,24.3,24.64,2.81,8.53,25.38
20120324,21.83,27.26,1.75,8.96,26.84
20120325,22.56,28.51,3.09,11.64,29.69
20120326,21.47,27.47,4.7,22.35,28.95
20120327,18.35,25.95,3.57,24.76,26.98
20120328,20.81,25.13,4.16,24.33,26.35
20120329,23.94,27.59,2.48,22.49,29.54
20120330,25.03,30.63,4.02,19.06,30.81
20120331,24.62,32.71,2.42,16.36,33.21
20120401,23.95,32.61,2.6,16.77,33.9
20120402,22.19,29.62,2.83,20.98,30.95
20120403,23.61,30.44,3.57,24.99,32.35
20120404,23.18,31.98,1.56,21.67,33.92
20120405,25.04,33.43,1.36,17.04,34.8
20120406,26.31,32.6,3.94,13.46,33.32
20120407,24.96,30.8,2.82,13.86,33.3
20120408,24.58,32.9,2.48,16.55,34.99
20120409,25.22,33.83,2.0,17.26,36.03
20120410,24.78,32.25,3.96,24.18,34.82
20120411,25.87,32.56,3.65,17.16,34.07
20120412,25.6,30.72,3.22,16.84,33.76
20120413,24.42,30.05,2.04,19.56,31.46
20120414,22.37,27.38,3.94,41.22,27.21
20120415,26.34,27.57,1.51,39.1,30.25
20120416,25.03,31.05,2.05,29.44,33.37
20120417,23.3,29.72,2.42,37.53,32.8
20120418,25.3,30.67,2.49,36.05,33.41
20120419,18.83,30.31,4.88,34.59,31.94
20120420,16.8,28.26,4.94,32.94,30.11
20120421,24.69,29.01,3.47,29.77,30.91
20120422,26.41,29.56,2.33,28.2,31.84
20120423,22.64,30.84,1.85,27.81,33.7
20120424,25.77,30.93,1.39,30.91,32.92
20120425,24.53,31.53,1.18,26.69,32.97
20120426,24.99,31.12,1.98,26.57,33.53
20120427,25.8,30.75,2.66,26.95,33.65
20120428,27.49,31.13,5.4,18.42,31.93
20120429,28.16,31.2,3.65,13.06,31.36
20120430,29.02,30.38,3.77,12.7,31.26
20120501,29.58,30.47,3.47,10.96,31.84
20120502,28.31,30.92,2.73,12.06,33.72
20120503,27.81,32.57,3.64,14.58,34.82
20120504,28.06,34.35,1.81,12.82,36.27
20120505,27.68,34.82,2.96,12.54,36.09
20120506,24.38,34.35,3.69,24.34,36.38
20120507,24.03,34.3,4.07,26.32,36.31
20120508,24.87,34.67,3.84,27.58,37.22
20120509,25.44,35.42,5.23,28.65,37.75
20120510,25.67,34.89,5.11,29.98,36.54
20120511,23.75,33.8,4.34,34.44,35.81
20120512,26.7,34.19,3.94,33.03,37.4
20120513,24.71,33.81,3.29,32.44,36.69
20120514,26.06,33.6,3.67,28.41,36.16
20120515,27.56,35.14,5.8,25.49,36.99
20120516,26.05,35.7,6.63,28.08,37.98
20120517,25.78,34.97,3.92,30.33,37.04
20120518,22.0,35.28,3.43,30.15,37.56
20120519,26.85,35.88,4.29,25.03,38.03
20120520,26.16,35.87,5.04,24.63,38.17
20120521,26.34,34.85,4.85,26.24,37.2
20120522,25.41,35.99,2.85,14.01,38.46
20120523,27.84,36.87,2.06,14.79,39.37
20120524,28.37,36.91,3.86,19.61,39.42
20120525,26.19,36.0,5.7,28.08,38.9
20120526,25.41,34.73,5.77,27.94,37.24
20120527,25.65,35.9,2.52,16.1,39.0
20120528,27.45,37.34,4.87,18.11,39.53
20120529,27.77,37.37,6.56,22.07,39.38
20120530,27.18,37.79,8.3,23.47,39.6
20120531,26.5,37.47,7.93,25.19,39.4
20120601,26.25,37.85,6.73,30.78,40.51
20120602,27.13,36.41,6.96,31.3,39.08
20120603,26.77,36.05,7.49,31.33,38.47
20120604,27.68,35.69,7.36,36.6,38.31
20120605,25.75,35.83,7.43,35.65,38.41
20120606,21.02,34.13,3.92,38.64,36.08
20120607,22.64,33.94,2.75,36.01,36.54
20120608,25.71,35.67,3.51,31.78,38.74
20120609,25.15,36.1,6.08,29.42,38.67
20120610,26.88,34.83,6.42,32.89,37.56
20120611,28.21,35.23,4.86,30.55,38.45
20120612,25.68,36.27,3.76,30.73,39.76
20120613,24.55,37.86,1.88,25.87,42.26
20120614,25.31,38.51,4.59,27.12,41.91
20120615,21.47,38.45,6.18,27.78,41.57
20120616,27.1,38.12,6.67,30.82,41.57
20120617,27.06,37.32,5.91,32.35,40.73
20120618,27.03,37.28,5.35,31.05,40.73
20120619,26.87,37.13,4.71,29.38,40.5
20120620,27.05,36.99,6.97,31.62,39.71
20120621,26.7,36.84,7.42,35.55,39.89
20120622,25.75,36.68,7.51,36.16,39.53
20120623,23.11,36.86,7.44,36.22,39.8
20120624,25.67,37.11,7.6,35.53,40.04
20120625,25.5,36.19,7.22,35.92,39.41
20120626,23.41,35.86,7.04,36.28,39.31
20120627,24.16,35.99,7.01,38.16,39.4
20120628,24.04,35.62,6.2,37.79,38.94
20120629,25.74,36.47,5.44,35.33,39.94
20120630,26.91,37.29,6.38,30.56,40.08
20120701,27.14,37.44,6.88,28.04,40.16
20120702,28.13,38.22,5.82,28.84,41.21
20120703,27.48,39.14,5.45,24.69,42.25
20120704,26.68,39.54,7.01,27.42,42.43
20120705,21.67,37.73,9.09,36.34,40.61
20120706,23.02,36.91,8.05,39.18,40.07
20120707,22.67,36.8,8.38,42.15,39.98
20120708,22.35,37.5,4.79,38.25,41.26
20120709,23.74,38.69,2.61,31.6,42.94
20120710,24.28,39.28,3.76,31.62,43.32
20120711,20.68,36.87,3.89,42.39,41.51
20120712,23.97,35.86,6.01,46.04,39.58
20120713,24.38,36.34,7.92,43.87,39.38
20120714,15.46,34.41,5.44,48.18,37.67
20120715,21.34,34.13,5.54,47.36,36.59
20120716,23.73,34.78,4.24,43.98,38.14
20120717,25.96,36.56,4.33,39.2,40.55
20120718,27.03,36.71,7.31,37.76,39.53
20120719,25.49,35.79,8.13,42.92,38.67
20120720,24.52,36.36,5.35,41.55,39.57
20120721,21.02,35.98,2.98,41.72,39.25
20120722,24.91,37.29,1.41,36.31,41.24
20120723,22.94,37.96,3.48,31.07,41.59
20120724,24.76,36.67,7.2,36.6,39.59
20120725,22.8,36.18,6.75,39.2,39.44
20120726,22.24,36.84,4.49,35.79,40.48
20120727,22.65,36.99,3.43,34.71,40.72
20120728,22.01,36.84,4.05,33.5,39.86
20120729,23.69,36.04,6.16,32.99,39.0
20120730,20.49,34.68,6.55,38.36,37.58
20120731,22.5,34.87,6.86,39.23,37.69
20120801,23.02,35.58,6.98,37.5,38.27
20120802,23.42,34.58,7.35,40.28,37.03
20120803,22.26,34.78,7.47,40.44,37.44
20120804,22.13,34.8,6.06,42.2,37.8
20120805,19.76,34.83,2.97,41.08,39.41
20120806,21.24,36.08,1.72,35.49,40.11
20120807,19.36,36.05,1.53,36.7,40.15
20120808,19.53,33.63,4.52,51.81,35.16
20120809,23.51,33.2,4.75,49.98,35.6
20120810,24.2,33.72,3.34,46.97,35.84
20120811,13.06,33.02,3.63,50.49,35.19
20120812,16.96,32.38,2.21,53.09,35.25
20120813,18.55,32.56,2.14,56.78,34.26
20120814,16.79,30.57,3.24,68.54,30.85
20120815,10.84,29.97,1.81,72.05,31.06
20120816,10.99,29.61,1.78,70.82,31.07
20120817,16.97,29.86,3.12,67.72,31.68
20120818,21.39,31.91,4.01,56.65,33.72
20120819,25.11,33.13,4.23,50.1,35.41
20120820,24.04,31.53,3.95,58.57,33.86
20120821,22.8,31.21,4.93,59.14,33.11
20120822,19.85,32.17,5.16,54.37,34.5
20120823,14.97,31.14,4.87,60.69,32.8
20120824,17.85,30.91,4.96,59.55,32.64
20120825,24.02,32.47,4.47,53.54,35.28
20120826,24.35,32.53,2.92,53.13,36.18
20120827,21.23,33.17,2.14,50.17,36.54
20120828,20.78,32.14,2.35,54.43,34.36
20120829,15.56,32.2,2.5,54.97,34.81
20120830,19.41,30.91,2.98,64.38,33.3
20120831,22.52,32.2,3.0,59.39,34.97
20120901,22.12,32.6,2.54,56.25,35.81
20120902,22.44,33.28,2.03,52.09,36.53
20120903,15.63,32.91,2.47,55.77,34.93
20120904,21.86,30.68,3.42,68.37,31.9
20120905,15.12,30.22,4.13,65.81,32.28
20120906,20.09,31.01,4.42,62.46,33.73
20120907,13.36,31.05,6.3,60.24,32.59
20120908,10.98,27.5,6.04,82.38,27.76
20120909,17.05,27.14,5.75,84.7,26.99
20120910,20.26,29.34,3.84,75.75,29.93
20120911,18.92,30.08,2.52,70.15,31.23
20120912,22.27,30.92,2.44,65.09,32.69
20120913,20.74,30.81,4.47,66.65,32.58
20120914,20.12,31.49,5.25,61.86,33.14
20120915,20.21,31.04,5.21,58.8,32.8
20120916,16.35,30.27,4.98,58.59,32.1
20120917,17.31,29.77,3.68,60.12,31.77
20120918,15.29,28.58,1.77,64.43,30.14
20120919,19.99,29.04,1.64,57.85,29.91
20120920,22.23,30.15,2.01,47.89,31.3
20120921,21.48,30.04,4.23,50.99,31.24
20120922,22.46,29.87,4.23,45.99,30.54
20120923,21.97,28.6,3.93,46.04,29.78
20120924,22.88,28.18,4.25,46.02,29.44
20120925,22.89,27.68,4.07,51.92,29.12
20120926,22.75,28.4,3.66,52.43,30.0
20120927,22.07,29.05,2.89,50.15,30.81
20120928,22.27,29.68,2.94,43.88,30.87
20120929,22.15,29.88,3.02,41.27,30.94
20120930,22.5,30.87,2.34,31.13,30.99
20121001,22.53,30.63,2.28,28.34,30.65
20121002,21.98,31.12,2.22,28.01,30.98
20121003,21.92,30.88,2.19,35.75,31.7
20121004,22.23,30.2,2.18,30.66,30.73
20121005,22.07,28.38,3.64,33.57,29.13
20121006,21.45,28.59,3.64,35.6,29.03
20121007,20.53,29.17,2.73,37.06,30.26
20121008,21.26,28.61,1.8,25.04,28.82
20121009,21.86,29.03,1.37,20.19,27.7
20121010,21.57,28.98,1.91,22.26,27.72
20121011,21.42,28.42,2.75,26.54,27.8
20121012,20.4,27.27,4.45,33.08,27.6
20121013,20.29,27.29,3.13,42.26,28.32
20121014,20.04,27.86,2.33,38.6,28.57
20121015,19.57,28.31,2.47,42.19,28.98
20121016,18.77,27.05,1.79,40.08,28.31
20121017,18.97,25.97,2.37,43.79,27.59
20121018,18.32,25.63,3.07,41.97,26.46
20121019,18.11,25.83,2.57,38.44,26.93
20121020,15.6,26.09,2.28,36.93,27.43
20121021,17.96,25.58,3.02,41.6,26.77
20121022,17.01,25.28,3.2,40.15,26.33
20121023,17.68,24.6,2.88,40.87,25.76
20121024,19.33,23.79,2.23,34.11,24.37
20121025,19.9,23.63,2.58,29.44,23.74
20121026,19.59,22.93,2.75,29.85,23.81
20121027,19.17,23.0,2.4,32.97,23.81
20121028,18.8,23.89,1.84,28.8,24.09
20121029,18.71,24.39,1.42,25.71,23.67
20121030,19.25,24.52,2.04,26.35,24.18
20121031,18.74,24.71,1.88,25.07,24.28
20121101,17.87,23.63,2.33,27.03,23.62
20121102,16.65,23.26,2.61,29.0,22.97
20121103,16.99,23.63,2.18,30.76,23.55
20121104,16.75,24.73,1.91,28.48,23.63
20121105,16.58,23.77,2.73,31.38,22.67
20121106,16.74,23.95,2.05,29.95,23.29
20121107,16.63,24.16,1.47,28.16,22.6
20121108,16.53,24.21,2.6,28.25,22.79
20121109,16.65,24.13,2.73,36.15,23.27
20121110,16.51,23.96,2.14,32.24,23.54
20121111,15.8,23.4,1.52,27.8,22.64
20121112,16.86,23.22,2.17,28.18,22.43
20121113,16.85,22.17,2.52,30.57,22.36
20121114,15.93,22.98,1.22,24.32,21.2
20121115,16.67,22.12,2.01,23.47,21.1
20121116,16.69,21.96,2.51,26.52,21.03
20121117,15.95,21.78,2.5,29.75,21.6
20121118,14.27,20.67,2.55,32.44,20.58
20121119,14.48,19.76,2.95,32.75,19.26
20121120,15.55,19.11,2.43,28.0,18.19
20121121,15.59,19.39,1.9,28.36,18.88
20121122,14.59,19.34,2.58,28.75,18.76
20121123,15.37,20.08,2.17,27.55,18.46
20121124,15.7,19.6,3.13,29.76,19.18
20121125,15.2,18.65,2.71,30.87,18.52
20121126,15.15,18.32,2.21,32.55,17.77
20121127,15.34,18.53,2.34,31.72,18.24
20121128,15.11,19.85,2.88,28.27,19.24
20121129,14.05,19.48,3.63,34.67,19.65
20121130,15.95,16.99,3.2,31.81,16.36
20121201,15.81,17.43,1.6,21.28,16.25
20121202,15.14,16.81,2.61,23.62,15.98
20121203,15.18,16.5,2.94,25.84,15.93
20121204,14.75,16.69,2.46,23.17,15.98
20121205,14.91,18.37,1.85,21.86,16.87
20121206,14.72,19.67,1.9,22.43,17.46
20121207,13.13,18.73,1.59,22.53,16.27
20121208,14.81,19.78,1.81,23.88,17.82
20121209,14.83,20.16,1.63,28.0,18.57
20121210,14.92,18.71,2.09,33.2,18.02
20121211,14.98,19.32,1.96,28.8,17.57
20121212,12.77,17.98,3.35,29.8,17.41
20121213,10.96,16.76,4.87,44.15,17.16
20121214,8.94,14.99,3.35,61.71,15.76
20121215,8.16,14.83,4.02,55.45,15.55
20121216,10.53,14.27,3.72,52.14,14.73
20121217,12.76,14.95,3.07,45.44,15.43
20121218,14.11,16.4,2.43,48.58,16.57
20121219,14.69,15.65,2.87,46.47,15.32
20121220,15.36,17.36,1.54,30.43,15.98
20121221,15.68,15.93,2.5,27.58,15.3
20121222,15.64,15.49,2.28,28.52,14.68
20121223,15.77,15.34,2.75,26.59,14.61
20121224,15.04,14.63,3.09,27.53,14.55
20121225,14.73,15.17,2.64,29.19,14.51
20121226,14.47,16.42,2.0,29.44,15.23
20121227,14.68,17.54,2.89,26.94,16.54
20121228,13.4,14.83,3.45,28.03,13.99
20121229,13.77,12.2,4.01,31.74,12.27
20121230,14.45,11.54,2.89,47.19,11.56
20121231,14.84,12.82,2.32,41.41,11.84
20130101,15.3,12.63,2.38,38.27,12.25
20130102,15.37,12.07,2.7,33.79,11.87
20130103,15.24,11.74,2.57,31.38,11.67
20130104,14.2,11.29,3.59,31.7,11.54
20130105,15.1,10.34,2.69,28.29,10.23
20130106,15.14,9.93,3.05,28.13,10.05
20130107,14.99,10.39,2.74,26.56,10.79
20130108,14.87,11.9,2.19,25.95,11.83
20130109,13.82,12.66,2.49,28.32,12.79
20130110,14.35,14.78,1.74,33.66,14.0
20130111,14.76,17.92,2.1,42.47,17.0
20130112,14.02,19.54,4.46,47.5,19.48
20130113,14.64,16.75,2.82,42.63,16.31
20130114,15.49,15.1,2.25,32.09,14.19
20130115,14.47,13.88,2.49,28.4,13.57
20130116,13.44,14.25,2.26,34.83,13.87
20130117,9.11,12.51,2.83,49.35,12.11
20130118,15.08,11.73,3.72,43.04,11.5
20130119,17.17,11.91,2.81,27.63,10.98
20130120,17.24,11.92,2.54,26.98,11.22
20130121,16.68,12.36,1.98,25.14,11.08
20130122,16.6,12.61,2.51,26.12,11.7
20130123,17.05,13.02,2.81,25.68,13.24
20130124,16.38,13.15,2.83,26.28,12.93
20130125,16.6,14.8,2.12,25.09,13.73
20130126,16.74,16.36,2.23,25.16,15.21
20130127,15.35,17.22,2.09,23.32,15.53
20130128,16.89,18.25,2.32,22.67,17.15
20130129,17.51,18.25,2.1,22.01,16.87
20130130,15.46,17.16,3.87,25.62,17.16
20130131,13.46,17.34,3.4,26.76,16.64
20130201,10.16,16.54,3.38,32.2,16.09
20130202,13.64,18.86,3.21,30.81,19.63
20130203,5.38,17.38,2.36,53.71,18.5
20130204,13.81,18.0,3.2,59.08,18.69
20130205,16.31,14.62,4.58,63.69,15.05
20130206,18.44,13.96,4.24,57.41,14.3
20130207,18.75,14.69,1.94,44.68,14.81
20130208,19.54,15.72,1.67,33.27,14.81
20130209,19.5,16.09,1.8,27.56,15.51
20130210,19.07,15.76,3.59,25.71,15.7
20130211,17.71,15.3,3.87,28.16,14.52
20130212,17.76,16.52,3.94,28.74,16.57
20130213,18.35,17.69,3.82,30.02,18.4
20130214,16.99,19.28,3.34,36.76,20.58
20130215,13.76,17.52,5.78,53.44,18.63
20130216,12.22,15.99,4.65,65.19,16.97
20130217,19.8,16.98,2.94,48.34,17.81
20130218,19.8,18.14,2.89,39.3,19.61
20130219,17.33,20.21,2.22,33.94,22.11
20130220,18.81,20.11,2.91,35.96,21.6
20130221,18.28,19.69,4.2,50.99,19.56
20130222,16.89,19.8,2.38,52.5,21.13
20130223,15.93,17.78,3.99,59.09,18.8
20130224,20.07,16.75,3.16,53.21,17.67
20130225,20.68,17.87,2.5,45.99,18.93
20130226,18.28,19.07,4.27,38.35,20.04
20130227,22.26,18.27,4.26,44.35,18.86
20130228,21.91,18.24,2.69,27.85,18.97
20130301,19.92,17.24,3.2,38.43,17.87
20130302,22.5,20.91,1.62,27.44,20.53
20130303,23.58,23.84,1.29,16.47,21.46
20130304,23.36,23.95,1.93,13.96,22.86
20130305,23.08,23.87,2.61,17.41,23.54
20130306,22.61,23.79,2.61,22.7,23.88
20130307,23.58,25.9,1.34,18.41,24.99
20130308,23.3,26.89,2.44,15.59,25.86
20130309,22.64,25.47,5.62,19.96,25.71
20130310,22.03,23.64,2.62,28.48,25.05
20130311,21.32,24.05,2.42,20.63,25.91
20130312,21.62,26.51,1.93,17.33,27.65
20130313,14.98,24.82,3.81,24.76,24.39
20130314,23.16,22.41,3.19,42.45,24.71
20130315,23.82,22.84,3.74,33.44,24.99
20130316,23.03,23.25,2.57,36.76,25.51
20130317,24.08,25.4,2.36,27.21,26.6
20130318,23.83,27.32,2.23,19.06,26.95
20130319,24.28,27.68,3.22,18.7,27.88
20130320,23.53,26.53,4.01,17.6,27.69
20130321,23.73,26.51,1.98,22.42,28.25
20130322,16.25,26.81,2.53,26.39,27.24
20130323,17.93,25.73,5.67,31.81,26.9
20130324,24.84,24.18,2.32,35.46,26.4
20130325,22.22,22.85,3.08,35.06,25.12
20130326,20.92,24.73,1.49,30.5,25.02
20130327,9.44,24.75,2.69,31.53,24.34
20130328,18.64,22.75,2.8,57.42,23.29
20130329,24.12,23.04,2.63,53.52,24.4
20130330,25.51,25.38,2.96,38.82,26.6
20130331,26.5,27.68,2.29,26.87,28.22
20130401,25.79,29.16,1.9,20.81,30.02
20130402,22.65,28.76,2.41,27.99,30.4
20130403,24.4,27.54,1.97,30.09,30.17
20130404,25.0,27.81,3.13,28.29,29.7
20130405,26.47,27.74,3.45,18.63,28.2
20130406,25.5,29.47,3.86,17.21,30.21
20130407,25.94,28.46,3.07,20.77,30.47
20130408,24.38,26.96,4.21,29.59,28.92
20130409,20.91,27.56,3.32,40.86,29.47
20130410,19.49,27.45,2.33,30.7,29.63
20130411,21.86,27.78,2.69,36.07,30.57
20130412,24.5,30.3,1.23,27.66,32.76
20130413,24.55,31.71,3.26,24.21,33.27
20130414,26.56,31.21,2.59,22.0,32.83
20130415,26.9,32.2,3.71,17.24,33.44
20130416,25.15,30.94,5.98,19.48,32.27
20130417,28.78,28.77,4.32,13.4,30.47
20130418,27.6,29.83,3.27,14.38,29.81
20130419,26.23,30.85,2.48,15.31,32.89
20130420,23.59,30.62,4.76,30.05,32.36
20130421,25.44,30.12,2.57,37.89,33.78
20130422,13.21,30.24,2.83,34.63,33.04
20130423,22.8,29.25,3.02,42.07,32.58
20130424,21.57,30.71,2.83,41.81,33.82
20130425,19.58,31.95,1.59,36.1,35.01
20130426,25.89,31.77,3.31,32.98,34.68
20130427,21.94,31.66,2.93,31.15,34.55
20130428,21.29,30.8,3.69,35.21,33.63
20130429,25.84,30.88,3.19,31.06,33.98
20130430,25.73,31.21,3.33,17.07,33.35
20130501,27.93,29.43,4.48,11.8,30.96
20130502,28.3,30.35,2.83,10.99,32.09
20130503,28.25,32.18,4.62,10.05,33.32
20130504,28.68,33.89,5.17,15.21,35.7
20130505,27.48,33.27,4.38,16.6,35.55
20130506,27.54,33.16,3.59,13.91,35.49
20130507,26.01,34.52,3.72,16.17,36.8
20130508,25.57,33.81,5.07,19.94,36.23
20130509,26.08,33.53,3.85,24.12,36.76
20130510,26.1,33.76,5.3,26.08,36.42
20130511,23.77,32.37,3.16,30.86,34.36
20130512,21.29,33.47,2.2,25.15,36.76
20130513,26.34,33.55,2.68,26.37,37.19
20130514,25.9,35.22,3.53,22.46,37.45
20130515,26.59,35.63,3.75,21.2,37.92
20130516,27.94,35.57,4.42,17.43,37.44
20130517,26.5,36.72,5.18,18.55,38.22
20130518,28.46,37.3,6.2,16.56,39.09
20130519,27.36,36.07,6.69,14.51,37.75
20130520,28.23,36.7,5.98,19.38,38.86
20130521,27.82,36.64,5.43,17.09,38.92
20130522,28.42,36.58,6.07,18.14,38.97
20130523,28.07,36.75,5.51,24.56,39.3
20130524,27.71,37.3,7.28,24.41,39.54
20130525,26.59,36.09,8.62,33.22,38.34
20130526,24.35,35.47,7.21,35.91,37.86
20130527,27.66,35.38,6.45,24.78,37.28
20130528,27.94,35.13,4.53,24.76,38.42
20130529,28.47,35.51,3.84,25.74,39.0
20130530,27.6,36.66,2.22,20.27,40.28
20130531,28.42,37.09,5.52,22.58,39.44
20130601,27.04,37.45,6.15,25.67,40.07
20130602,28.24,37.81,5.49,23.59,40.84
20130603,27.43,38.35,4.56,22.87,41.55
20130604,25.93,38.21,3.83,22.1,41.61
20130605,27.22,38.64,7.49,30.71,41.24
20130606,26.73,38.91,7.62,28.78,41.34
20130607,27.34,38.53,4.69,30.06,42.38
20130608,27.77,38.1,6.09,33.66,41.45
20130609,27.16,38.09,6.88,32.39,41.06
20130610,24.86,37.59,6.71,36.89,40.92
20130611,21.84,34.0,7.74,48.45,36.61
20130612,15.14,32.88,3.52,54.35,35.56
20130613,24.72,33.53,3.18,53.55,36.0
20130614,22.25,35.34,3.01,44.55,39.16
20130615,19.41,34.38,2.33,46.62,37.43
20130616,24.57,34.14,4.04,49.1,36.93
20130617,22.51,33.69,2.49,47.62,37.28
20130618,20.29,33.73,1.9,47.99,35.98
20130619,25.26,33.75,3.37,45.42,36.8
20130620,26.29,36.08,6.03,36.12,38.7
20130621,26.75,36.09,7.83,35.23,38.33
20130622,26.75,35.99,7.44,38.3,38.55
20130623,28.08,36.33,6.78,36.38,39.02
20130624,28.02,36.53,6.41,37.11,39.41
20130625,26.79,37.16,6.15,38.75,40.51
20130626,26.79,37.6,7.65,37.24,40.52
20130627,23.68,36.03,9.3,42.39,38.8
20130628,23.8,36.47,8.36,42.82,39.33
20130629,22.83,36.3,7.91,42.37,39.2
20130630,23.25,36.0,6.01,43.65,39.5
20130701,22.88,36.55,4.75,40.72,39.33
20130702,25.36,37.34,3.74,36.39,41.15
20130703,23.7,37.91,2.31,32.42,42.47
20130704,25.22,37.78,2.84,32.57,41.88
20130705,23.75,37.57,2.82,37.48,42.56
20130706,24.62,36.9,5.18,41.55,40.79
20130707,25.52,35.41,5.61,48.18,37.43
20130708,25.42,35.6,6.89,45.25,37.87
20130709,25.04,35.88,6.84,43.5,39.0
20130710,25.13,35.59,5.56,42.36,39.18
20130711,24.15,36.34,3.6,38.76,40.92
20130712,18.22,37.46,3.01,34.79,41.79
20130713,22.98,36.57,3.19,38.81,39.69
20130714,26.57,36.38,3.75,41.07,40.88
20130715,25.95,36.17,6.81,43.24,39.3
20130716,25.34,36.17,5.23,41.84,39.42
20130717,24.4,37.33,5.07,38.08,40.77
20130718,24.99,36.76,7.15,40.42,39.51
20130719,23.8,35.35,8.31,44.77,37.47
20130720,22.46,35.68,6.74,43.75,38.43
20130721,22.76,35.39,3.5,44.13,39.02
20130722,25.14,36.42,4.54,41.82,39.82
20130723,24.13,36.91,3.36,40.71,40.89
20130724,25.35,37.46,3.36,39.6,42.34
20130725,21.84,33.94,4.17,59.93,35.14
20130726,21.06,31.85,3.35,69.39,32.97
20130727,10.79,32.32,2.57,62.61,33.92
20130728,21.33,32.59,3.89,60.33,34.65
20130729,20.01,31.52,5.88,61.6,33.63
20130730,25.97,33.28,5.9,56.27,35.99
20130731,25.71,34.23,5.44,50.15,36.72
20130801,20.83,34.08,4.4,50.64,36.58
20130802,23.29,32.17,4.55,61.62,34.2
20130803,23.93,33.43,4.83,54.25,36.45
20130804,19.24,33.29,2.51,53.31,36.83
20130805,22.81,33.02,4.53,53.93,35.78
20130806,24.95,33.54,4.79,47.48,35.87
20130807,23.97,33.32,4.8,49.45,35.84
20130808,24.86,33.85,5.9,49.34,36.49
20130809,24.67,34.0,7.04,49.43,36.77
20130810,21.54,33.63,4.28,50.63,36.94
20130811,14.48,33.56,2.99,51.44,36.54
20130812,18.69,33.28,3.26,53.94,35.85
20130813,19.08,32.83,1.91,59.62,35.09
20130814,10.55,31.58,1.65,65.73,33.38
20130815,9.57,29.67,0.81,71.96,30.22
20130816,21.57,29.82,2.8,70.31,30.93
20130817,23.53,31.7,3.93,56.8,33.08
20130818,23.41,32.61,5.1,52.25,34.4
20130819,23.94,32.77,4.7,49.5,35.12
20130820,24.54,32.76,3.98,47.05,35.28
20130821,24.75,33.45,4.5,46.12,35.68
20130822,25.04,32.88,4.6,51.39,35.54
20130823,24.8,34.14,2.12,43.88,37.24
20130824,23.47,35.32,1.43,40.48,38.9
20130825,23.92,34.67,3.08,45.9,37.86
20130826,24.4,34.29,5.85,47.21,36.51
20130827,25.13,32.57,7.12,50.15,34.51
20130828,24.92,32.1,5.62,49.19,34.28
20130829,25.28,32.14,4.95,50.12,34.39
20130830,24.65,32.25,5.29,49.55,34.47
20130831,24.64,32.49,5.61,49.47,34.47
20130901,24.14,31.9,5.58,48.23,33.9
20130902,24.05,32.01,6.05,47.73,33.92
20130903,24.19,31.95,5.71,46.03,34.03
20130904,24.23,31.57,5.97,47.13,33.53
20130905,24.47,31.34,6.82,45.34,32.95
20130906,24.48,30.96,5.64,45.6,32.9
20130907,24.26,31.36,5.29,47.98,33.48
20130908,23.95,31.58,5.2,47.65,33.85
20130909,24.01,31.91,4.04,44.95,34.33
20130910,24.07,32.32,4.58,41.38,34.29
20130911,23.78,32.56,3.98,38.87,34.56
20130912,23.59,33.65,2.93,36.11,35.81
20130913,21.59,34.69,1.44,33.45,37.15
20130914,22.78,34.55,2.32,34.78,36.69
20130915,23.43,35.0,3.59,33.19,36.76
20130916,23.32,33.96,2.22,34.48,36.55
20130917,22.71,33.75,1.97,33.61,35.95
20130918,22.56,33.72,2.23,31.13,35.53
20130919,23.07,33.38,2.0,27.87,35.03
20130920,23.17,33.49,2.74,25.61,35.07
20130921,23.19,31.99,4.49,44.47,34.07
20130922,20.93,32.05,4.16,56.42,34.22
20130923,17.35,32.63,2.85,51.99,35.38
20130924,20.09,33.12,3.88,49.75,35.16
20130925,20.98,32.92,4.39,49.71,35.06
20130926,17.82,30.72,6.01,59.6,33.0
20130927,20.62,30.77,4.91,60.3,33.09
20130928,19.86,28.19,4.04,69.42,29.47
20130929,21.32,29.65,2.59,59.89,31.04
20130930,16.94,29.71,3.26,59.2,31.68
20131001,19.01,30.87,2.77,53.54,32.91
20131002,19.98,31.2,3.66,51.73,33.32
20131003,20.7,31.33,3.91,51.62,33.3
20131004,20.5,30.88,3.24,49.65,33.25
20131005,20.58,31.16,2.14,43.83,33.44
20131006,20.86,31.88,2.19,40.03,33.79
20131007,19.35,32.53,1.61,39.23,34.65
20131008,18.17,33.18,1.77,38.6,35.19
20131009,17.67,31.25,3.13,51.91,33.18
20131010,19.95,31.99,1.9,45.98,34.51
20131011,18.97,31.94,1.77,43.49,34.33
20131012,16.89,30.16,3.24,49.77,32.24
20131013,18.88,29.48,2.85,45.36,31.38
20131014,19.34,30.2,1.91,42.57,31.59
20131015,19.82,30.4,3.05,34.56,31.41
20131016,19.33,29.97,4.25,39.87,31.1
20131017,18.86,30.01,4.42,37.87,31.14
20131018,19.0,29.43,3.39,32.17,30.39
20131019,19.36,29.21,2.35,20.36,28.88
20131020,19.5,28.69,2.51,24.16,29.24
20131021,19.93,29.23,1.43,19.78,28.99
20131022,20.18,28.52,2.21,23.82,28.44
20131023,19.56,28.54,1.54,28.92,29.23
20131024,19.18,28.18,1.86,23.68,28.49
20131025,17.61,26.57,1.74,25.95,27.02
20131026,17.44,27.33,1.8,24.14,27.14
20131027,18.08,26.59,2.73,20.98,25.89
20131028,18.92,26.9,2.14,15.53,25.06
20131029,18.05,25.38,4.12,34.58,25.97
20131030,17.86,25.92,2.94,39.3,26.77
20131031,16.33,25.77,3.13,39.22,26.99
20131101,15.94,24.03,2.97,27.04,24.99
20131102,16.58,23.2,3.09,25.95,23.64
20131103,16.24,23.13,2.45,25.67,23.81
20131104,15.73,23.35,2.85,27.53,24.03
20131105,14.94,24.36,3.04,30.83,24.79
20131106,8.81,24.47,3.41,35.47,25.36
20131107,12.19,21.1,4.08,53.71,22.3
20131108,14.16,20.37,3.6,49.05,21.3
20131109,14.86,19.85,2.8,44.42,21.15
20131110,16.2,19.87,2.58,37.61,20.42
20131111,16.32,20.84,1.54,29.5,20.1
20131112,16.94,21.5,1.86,25.02,20.94
20131113,17.2,20.16,2.94,28.87,20.85
20131114,16.72,19.96,2.8,24.38,20.34
20131115,15.47,20.0,2.61,25.66,20.42
20131116,14.99,20.84,2.35,25.93,21.14
20131117,15.5,20.71,2.49,28.78,21.04
20131118,15.96,21.65,2.3,28.14,21.37
20131119,16.2,22.66,2.76,25.06,20.86
20131120,16.22,23.09,2.87,21.95,21.46
20131121,15.97,23.69,2.22,19.73,21.81
20131122,15.81,22.7,1.93,22.97,21.69
20131123,15.14,22.34,2.74,32.12,21.52
20131124,15.19,22.72,2.17,28.39,22.5
20131125,15.5,22.39,2.44,30.44,21.99
20131126,15.74,22.89,1.93,27.41,21.93
20131127,15.24,23.73,1.46,24.48,21.8
20131128,15.5,22.34,2.37,26.73,21.96
20131129,15.43,21.72,2.19,31.99,21.79
20131130,15.47,22.64,1.91,27.47,20.84
20131201,15.71,21.91,2.93,24.86,20.22
20131202,15.4,21.42,2.58,22.95,20.45
20131203,14.96,20.25,2.32,22.57,18.96
20131204,14.33,18.99,2.44,28.57,18.84
20131205,14.83,19.98,1.37,25.99,18.6
20131206,14.64,20.9,1.7,21.34,18.12
20131207,14.45,20.64,2.45,20.33,18.82
20131208,14.66,20.04,2.41,22.53,18.63
20131209,14.35,18.55,2.28,28.93,18.61
20131210,14.73,18.92,2.7,32.88,18.95
20131211,14.46,19.36,2.68,33.63,19.87
20131212,13.92,18.85,2.05,37.47,18.8
20131213,14.06,18.7,3.44,41.13,18.14
20131214,14.95,19.43,4.08,34.66,18.77
20131215,15.04,20.2,2.69,36.97,19.45
20131216,14.85,20.51,1.31,37.28,19.39
20131217,13.44,21.0,1.01,30.34,19.43
20131218,13.02,19.16,2.37,32.2,18.3
20131219,11.71,15.19,3.44,33.66,15.02
20131220,11.21,13.93,2.92,24.68,13.95
20131221,10.27,13.16,2.99,30.12,13.41
20131222,4.97,12.77,3.15,31.75,12.9
20131223,11.18,12.02,3.09,37.75,12.16
20131224,14.26,13.16,2.84,29.7,12.51
20131225,14.84,14.04,2.36,23.73,12.77
20131226,14.85,13.39,2.66,24.19,12.78
20131227,15.44,13.02,2.95,19.12,12.04
20131228,15.47,13.16,2.03,16.54,11.17
20131229,15.17,11.96,2.61,16.72,11.1
20131230,14.62,10.86,3.27,18.6,10.61
20131231,14.24,9.08,3.82,14.8,9.22
20140101,15.52,8.41,4.26,23.0,8.36
20140102,15.04,9.82,3.07,29.07,9.15
20140103,15.38,12.23,2.05,17.76,10.44
20140104,14.88,14.05,2.09,13.49,12.28
20140105,14.88,13.78,2.16,12.68,11.76
20140106,15.65,13.61,2.41,15.83,11.86
20140107,14.55,13.51,3.51,18.52,13.4
20140108,11.03,14.04,5.08,29.19,14.52
20140109,14.66,12.01,4.0,46.43,12.74
20140110,13.02,11.75,3.76,43.39,12.31
20140111,15.19,11.88,3.07,41.1,11.88
20140112,14.9,13.22,1.98,30.2,13.07
20140113,12.35,14.41,2.63,26.33,14.28
20140114,14.02,13.92,3.38,34.01,14.12
20140115,15.04,14.3,2.99,36.95,13.89
20140116,15.7,14.08,2.78,39.19,14.02
20140117,12.13,13.82,3.51,41.04,14.46
20140118,11.28,13.54,2.65,47.7,14.16
20140119,11.69,14.0,4.32,54.39,14.44
20140120,12.89,14.24,2.79,53.62,14.57
20140121,12.67,15.88,3.49,50.12,16.3
20140122,12.72,15.12,2.94,45.35,15.51
20140123,13.29,15.42,3.0,41.89,14.99
20140124,11.64,13.57,2.53,56.93,14.32
20140125,15.0,15.63,2.13,41.93,15.46
20140126,16.82,17.7,1.83,27.87,17.18
20140127,17.12,17.89,2.56,26.41,17.35
20140128,15.6,17.76,2.28,27.39,17.95
20140129,16.78,18.75,2.34,27.05,18.64
20140130,17.51,19.16,2.62,24.66,19.0
20140131,17.07,18.12,3.29,28.87,18.68
20140201,15.14,18.56,3.81,31.31,18.82
20140202,12.22,19.06,2.42,34.37,19.8
20140203,15.45,18.66,3.32,32.54,18.38
20140204,16.03,18.3,2.34,39.3,19.43
20140205,15.42,18.72,3.06,42.27,19.91
20140206,14.91,19.9,5.25,46.08,20.38
20140207,12.3,17.48,4.06,48.95,19.79
20140208,19.32,14.8,3.84,23.66,16.46
20140209,19.8,13.81,2.5,18.42,14.61
20140210,16.28,14.73,3.19,14.96,14.94
20140211,19.58,15.28,2.79,14.34,15.44
20140212,19.48,14.77,4.32,19.72,15.67
20140213,16.19,16.04,5.13,23.92,16.84
20140214,18.18,17.0,3.66,25.75,17.92
20140215,17.88,16.48,3.02,21.84,17.38
20140216,19.22,16.87,2.67,23.14,17.62
20140217,20.16,17.81,1.84,22.38,18.14
20140218,20.59,18.82,2.62,15.41,17.96
20140219,19.82,19.6,2.8,14.56,18.76
20140220,20.03,20.08,1.49,14.32,19.81
20140221,18.6,19.49,3.15,22.2,19.79
20140222,19.23,16.82,3.87,41.0,18.38
20140223,20.47,16.44,3.76,29.22,17.68
20140224,19.15,17.44,3.13,23.9,18.44
20140225,20.31,18.22,3.62,24.33,19.2
20140226,19.78,19.48,4.13,23.27,20.57
20140227,14.27,19.93,4.55,24.37,21.11
20140228,19.46,19.11,4.18,37.99,20.84
20140301,20.95,19.34,1.28,31.62,21.55
20140302,20.76,19.71,3.04,26.69,21.32
20140303,9.09,19.75,3.96,34.94,20.44
20140304,18.78,20.57,2.53,32.88,22.92
20140305,20.36,20.76,3.52,35.15,23.04
20140306,21.17,21.33,2.83,35.47,23.7
20140307,20.68,22.57,2.64,28.95,25.0
20140308,22.15,23.58,2.93,25.8,25.74
20140309,20.32,24.85,2.31,25.35,25.9
20140310,19.61,25.21,4.01,25.58,26.46
20140311,22.94,19.87,4.23,22.81,22.05
20140312,22.45,19.57,4.54,18.51,20.5
20140313,22.82,20.82,3.29,20.38,22.51
20140314,22.88,23.84,1.45,17.69,24.74
20140315,21.37,25.28,2.58,18.59,26.42
20140316,22.71,26.88,3.65,16.75,28.18
20140317,18.69,26.87,5.59,23.09,28.1
20140318,25.3,24.15,3.13,18.6,25.83
20140319,24.35,24.79,2.79,14.07,26.13
20140320,24.04,26.15,3.13,12.25,26.3
20140321,22.77,25.58,3.44,19.11,27.32
20140322,23.13,26.45,2.98,17.62,28.57
20140323,19.32,27.99,4.05,24.51,29.87
20140324,23.03,25.78,4.77,41.53,28.27
20140325,22.86,24.85,3.15,34.5,27.79
20140326,18.94,25.45,3.71,26.77,27.57
20140327,19.77,26.29,2.33,25.97,28.65
20140328,19.83,27.75,3.07,25.71,30.34
20140329,22.56,27.19,4.27,28.94,29.74
20140330,21.83,26.68,3.55,27.09,29.51
20140331,24.94,28.17,1.78,22.03,30.72
20140401,24.16,29.79,3.23,19.34,31.27
20140402,24.03,28.46,3.76,23.16,30.34
20140403,24.6,28.84,2.37,18.0,30.57
20140404,23.99,29.92,3.22,20.17,32.74
20140405,24.3,30.82,3.8,20.76,32.55
20140406,23.01,31.79,3.49,21.16,33.51
20140407,26.61,27.36,5.08,30.96,29.69
20140408,28.11,27.64,1.8,15.83,29.5
20140409,28.05,27.9,1.93,8.98,29.21
20140410,27.26,30.03,1.12,8.89,30.9
20140411,26.69,30.74,2.49,9.57,31.13
20140412,25.09,31.18,3.51,11.91,31.34
20140413,23.86,31.49,4.23,22.31,33.97
20140414,25.07,30.3,3.81,19.84,32.86
20140415,25.11,31.52,2.84,16.9,34.29
20140416,21.25,32.63,3.25,17.85,34.61
20140417,23.81,32.73,2.37,17.58,35.13
20140418,20.17,26.19,3.63,44.25,27.61
20140419,25.6,26.71,2.72,43.29,29.79
20140420,26.24,28.94,3.09,31.39,32.24
20140421,23.39,28.59,2.39,31.92,29.93
20140422,22.64,27.35,3.32,41.68,29.35
20140423,27.1,29.14,1.78,36.89,31.91
20140424,25.88,32.72,3.13,22.89,34.41
20140425,26.24,32.93,2.81,22.21,36.06
20140426,26.07,33.14,2.84,21.0,36.06
20140427,28.17,34.65,2.34,15.75,36.5
20140428,28.49,35.63,2.31,12.01,36.92
20140429,28.05,35.86,2.97,13.44,37.43
20140430,23.46,35.68,4.12,16.05,38.24
20140501,26.81,34.76,4.49,21.85,37.39
20140502,25.69,35.73,2.7,19.06,39.0
20140503,21.53,35.03,3.55,27.31,38.41
20140504,22.69,33.12,2.77,29.37,35.57
20140505,25.88,34.01,2.45,26.16,36.77
20140506,23.61,34.65,2.16,21.69,38.07
20140507,25.75,35.08,1.42,19.97,38.9
20140508,23.69,34.03,4.04,16.83,35.88
20140509,25.18,34.51,2.31,15.02,36.92
20140510,25.03,34.46,2.85,18.98,37.19
20140511,22.94,33.66,2.49,27.74,37.28
20140512,25.31,32.15,5.97,34.99,34.12
20140513,20.71,31.51,5.61,46.55,33.3
20140514,22.9,29.6,3.06,57.85,31.34
20140515,25.08,29.89,2.54,53.79,31.2
20140516,25.3,29.84,2.53,48.25,30.5
20140517,25.92,29.66,3.7,48.81,30.73
20140518,26.11,30.55,3.58,39.47,32.29
20140519,26.4,31.7,2.22,27.43,34.32
20140520,26.24,32.66,2.44,26.68,35.84
20140521,28.57,34.74,3.28,23.21,36.94
20140522,27.98,35.83,5.8,22.4,37.42
20140523,27.07,35.43,4.68,28.97,38.18
20140524,25.93,36.45,3.3,24.9,39.07
20140525,26.48,36.63,1.78,25.8,40.49
20140526,27.18,37.04,3.13,18.87,40.28
20140527,25.09,37.35,3.2,17.54,40.19
20140528,26.63,38.34,4.97,16.09,40.43
20140529,26.57,37.94,6.52,24.65,40.61
20140530,26.08,37.15,5.03,32.81,40.47
20140531,25.13,37.63,4.33,31.21,41.53
20140601,28.19,36.91,4.24,25.22,40.32
20140602,25.1,37.81,1.57,22.97,42.34
20140603,26.28,38.25,2.88,22.2,41.99
20140604,25.33,39.66,4.22,18.73,41.97
20140605,25.44,39.33,3.13,16.68,42.73
20140606,26.88,39.42,6.8,16.75,41.4
20140607,26.68,39.01,5.9,18.29,41.54
20140608,28.58,38.63,5.95,24.46,41.64
20140609,27.52,38.68,5.45,21.89,41.89
20140610,28.11,36.98,6.94,22.22,39.5
20140611,26.97,36.27,7.39,28.41,38.85
20140612,27.01,36.56,8.05,36.15,39.44
20140613,27.06,36.1,7.86,38.24,39.05
20140614,26.61,35.82,8.22,41.47,38.91
20140615,27.37,36.46,6.87,40.3,39.82
20140616,27.4,37.39,6.95,36.26,40.57
20140617,26.73,37.69,8.02,34.42,40.53
20140618,25.76,36.58,7.47,37.53,39.87
20140619,26.76,37.24,5.78,34.71,40.8
20140620,25.67,37.06,6.91,32.01,40.27
20140621,24.35,37.14,7.82,34.84,39.89
20140622,22.12,36.28,6.7,40.2,39.62
20140623,22.39,35.02,5.36,43.89,38.17
20140624,23.5,34.41,7.59,47.41,35.55
20140625,24.05,35.07,8.27,44.98,37.48
20140626,24.12,35.05,7.03,42.19,38.03
20140627,24.74,35.89,6.53,38.64,39.23
20140628,25.45,36.04,7.72,36.46,38.94
20140629,23.95,35.06,9.14,40.03,37.85
20140630,21.35,34.4,10.23,44.68,37.14
20140701,20.67,34.48,8.33,44.75,37.52
20140702,10.54,34.97,6.62,44.64,38.41
20140703,20.07,34.79,6.21,43.42,38.03
20140704,19.92,34.87,6.34,43.99,37.9
20140705,20.87,35.23,5.43,40.21,38.77
20140706,24.59,35.67,5.55,33.87,38.75
20140707,25.81,36.04,6.22,34.29,39.08
20140708,27.06,35.34,8.5,37.37,37.88
20140709,26.94,35.51,7.39,35.01,38.23
20140710,28.16,35.81,6.09,36.77,38.92
20140711,27.13,36.45,5.66,37.21,39.66
20140712,27.29,36.85,5.3,36.32,40.5
20140713,26.14,37.22,4.86,35.35,40.88
20140714,25.74,37.4,4.87,35.83,41.49
20140715,24.29,38.16,4.93,31.03,41.17
20140716,23.28,37.86,4.49,35.67,40.89
20140717,17.67,34.61,3.65,47.23,37.29
20140718,22.31,34.51,2.34,50.9,38.28
20140719,24.1,34.78,6.28,48.77,37.38
20140720,21.73,34.78,6.1,43.07,37.67
20140721,23.87,35.12,5.94,38.9,38.03
20140722,24.9,35.82,5.45,36.92,38.89
20140723,23.25,37.63,2.41,33.25,42.13
20140724,22.43,35.65,2.96,43.44,38.28
20140725,17.25,35.02,3.18,49.84,38.96
20140726,18.08,34.97,4.71,48.09,39.11
20140727,22.06,35.36,4.52,48.23,38.62
20140728,21.95,34.65,5.38,49.64,36.21
20140729,17.37,32.11,4.9,63.67,33.15
20140730,19.27,30.8,2.15,69.07,32.31
20140731,23.15,32.97,1.9,57.72,35.28
20140801,22.25,32.24,2.58,63.18,33.51
20140802,18.95,32.29,2.88,61.33,34.37
20140803,21.88,33.91,3.63,51.22,36.32
20140804,25.42,34.54,5.87,46.49,37.07
20140805,23.26,33.8,5.16,48.09,36.56
20140806,20.89,33.9,4.97,48.36,36.77
20140807,21.74,31.99,5.29,57.18,33.77
20140808,20.59,32.4,5.1,57.51,34.99
20140809,23.39,33.59,4.5,53.54,36.91
20140810,24.03,34.18,4.33,49.79,37.32
20140811,25.31,34.33,5.51,47.22,37.08
20140812,25.27,34.05,6.2,47.9,37.0
20140813,25.1,33.42,7.67,48.75,35.88
20140814,22.99,33.71,7.87,48.25,36.1
20140815,22.59,33.09,8.65,50.5,35.46
20140816,14.92,32.36,6.11,51.26,35.15
20140817,18.89,32.56,3.41,49.1,35.69
20140818,22.29,33.86,2.67,43.62,37.89
20140819,24.77,34.69,5.02,40.32,37.53
20140820,25.91,34.19,5.57,38.03,36.79
20140821,26.05,33.58,6.46,38.75,35.9
20140822,26.4,33.47,5.41,41.34,36.01
20140823,25.56,34.04,4.56,39.99,37.1
20140824,21.96,34.13,4.32,42.88,37.2
20140825,23.7,33.79,4.96,44.1,36.72
20140826,25.22,33.4,5.16,45.54,36.51
20140827,24.52,33.41,4.39,45.93,36.52
20140828,17.49,33.16,2.47,45.18,36.81
20140829,24.47,33.86,1.72,40.86,38.04
20140830,22.22,35.14,2.67,34.79,38.67
20140831,23.07,35.03,2.94,39.4,38.87
20140901,19.68,33.21,3.85,50.36,35.41
20140902,19.0,31.03,5.6,56.7,31.85
20140903,13.99,30.46,4.19,65.19,31.44
20140904,11.96,28.14,2.06,77.14,28.85
20140905,22.38,31.74,3.97,53.93,33.42
20140906,22.41,30.76,4.9,53.05,33.25
20140907,23.16,31.6,2.36,47.84,35.08
20140908,22.6,33.59,2.35,40.0,36.66
20140909,22.51,34.09,2.43,39.77,36.76
20140910,21.04,33.6,2.11,42.6,36.36
20140911,20.07,31.62,2.5,54.81,34.02
20140912,21.19,32.36,4.12,49.78,34.99
20140913,22.47,32.15,4.24,50.42,34.89
20140914,22.73,31.65,4.85,49.29,34.39
20140915,22.65,31.55,4.85,48.79,34.13
20140916,23.11,31.82,4.68,45.2,34.35
20140917,23.38,31.74,5.5,43.15,33.65
20140918,23.93,31.37,6.09,40.67,33.02
20140919,23.63,31.33,6.26,38.64,32.81
20140920,23.61,31.22,6.38,36.97,32.75
20140921,22.79,30.7,6.29,41.72,32.38
20140922,23.01,31.07,6.12,41.95,32.76
20140923,23.0,30.65,5.63,44.14,32.52
20140924,23.36,29.91,6.26,43.44,31.64
20140925,22.71,30.26,5.44,45.22,32.14
20140926,21.82,30.42,5.05,45.28,32.42
20140927,22.02,30.45,5.47,42.66,32.16
20140928,22.41,31.03,4.94,41.27,32.85
20140929,21.77,31.38,5.3,40.89,33.09
20140930,21.48,31.04,5.43,37.74,32.5
20141001,20.86,30.87,5.09,38.0,32.31
20141002,21.08,31.41,4.36,36.54,32.98
20141003,21.5,31.39,4.15,32.52,32.82
20141004,21.67,31.34,4.34,27.05,32.68
20141005,21.54,30.54,3.92,30.44,32.0
20141006,21.18,30.8,3.24,35.24,32.43
20141007,20.71,31.05,2.75,28.7,32.47
20141008,20.3,30.96,2.22,27.11,33.18
20141009,19.27,29.21,2.78,36.0,31.11
20141010,19.73,30.21,1.87,30.36,31.4
20141011,20.33,29.73,2.9,20.78,30.65
20141012,21.07,28.84,3.18,20.02,30.05
20141013,19.46,28.05,3.49,25.01,29.85
20141014,18.79,25.34,4.36,35.22,27.13
20141015,19.45,25.45,2.88,36.59,27.29
20141016,19.96,25.05,2.92,33.45,26.77
20141017,20.3,25.14,2.67,27.34,26.86
20141018,20.17,25.45,2.42,23.47,26.83
20141019,19.58,26.92,2.47,23.05,27.25
20141020,19.42,28.07,2.17,20.63,28.41
20141021,19.26,29.47,1.91,19.6,28.66
20141022,18.78,29.7,2.51,20.96,29.48
20141023,17.46,28.93,2.57,23.35,28.98
20141024,15.1,28.98,2.2,22.78,28.7
20141025,16.08,28.54,1.84,24.23,28.74
20141026,16.17,27.64,2.22,26.99,28.68
20141027,15.72,27.3,1.99,28.95,28.4
20141028,16.09,27.82,2.77,27.23,27.79
20141029,11.98,26.77,2.49,29.27,27.36
20141030,13.6,25.48,2.1,36.77,26.39
20141031,7.36,24.82,2.32,54.12,26.03
20141101,12.9,26.06,1.21,41.69,26.73
20141102,14.67,27.0,1.06,33.43,27.38
20141103,14.69,26.87,2.09,35.57,27.52
20141104,15.26,25.18,1.82,36.27,26.22
20141105,15.12,24.95,1.95,37.03,26.31
20141106,16.16,25.98,2.58,36.01,26.2
20141107,14.9,26.58,3.02,38.45,27.05
20141108,12.82,24.73,2.79,44.52,26.07
20141109,15.1,22.75,3.66,35.81,23.68
20141110,16.25,21.83,2.12,16.22,21.86
20141111,17.34,22.99,1.64,12.93,21.56
20141112,17.8,21.06,3.28,15.58,21.4
20141113,17.17,20.34,2.97,16.76,20.38
20141114,16.77,21.38,2.44,15.62,20.06
20141115,17.34,22.52,1.83,14.14,20.61
20141116,17.2,21.88,2.4,15.0,20.99
20141117,17.21,21.15,2.34,14.22,20.25
20141118,17.36,20.65,2.61,15.27,20.52
20141119,16.96,21.39,3.07,19.42,21.17
20141120,15.63,21.69,1.82,18.67,20.0
20141121,15.16,22.23,1.62,17.75,20.64
20141122,15.68,21.47,2.18,18.73,20.53
20141123,15.57,19.46,3.41,20.81,19.33
20141124,15.26,18.8,2.53,20.91,18.52
20141125,15.49,19.97,2.75,17.77,19.56
20141126,14.85,21.49,2.36,15.57,20.11
20141127,14.61,23.13,2.97,22.07,21.55
20141128,14.09,23.01,3.1,34.86,22.65
20141129,13.59,22.05,1.88,29.72,21.39
20141130,14.07,21.73,2.13,29.85,21.25
20141201,14.28,21.11,2.85,32.2,20.85
20141202,14.61,22.36,1.45,27.62,20.67
20141203,14.27,22.87,1.68,26.18,20.91
20141204,14.76,22.3,1.69,27.15,20.48
20141205,14.8,20.99,2.36,27.18,20.22
20141206,14.62,20.25,1.99,27.07,19.34
20141207,13.7,21.04,1.49,23.16,19.85
20141208,14.67,19.92,2.54,22.23,18.69
20141209,15.09,19.12,2.31,19.6,17.78
20141210,14.91,16.87,2.76,16.44,15.95
20141211,14.44,15.04,3.72,15.23,14.77
20141212,13.83,15.79,4.81,21.41,15.84
20141213,12.4,15.53,4.42,22.92,15.34
20141214,12.15,14.62,2.33,17.92,13.45
20141215,12.44,15.16,1.9,27.44,13.79
20141216,13.79,14.15,2.96,34.6,14.09
20141217,13.88,14.28,2.29,28.91,13.75
20141218,12.61,15.13,1.97,26.76,14.27
20141219,12.27,16.0,2.31,22.64,15.85
20141220,11.8,13.56,3.18,26.46,13.57
20141221,13.96,14.23,2.69,20.87,13.44
20141222,13.23,13.36,2.52,22.99,13.8
20141223,10.49,13.3,3.04,26.08,12.99
20141224,10.31,12.96,2.86,31.35,13.34
20141225,11.95,14.61,2.17,28.52,13.96
20141226,13.21,15.79,2.26,27.92,15.07
20141227,14.88,16.07,2.56,28.94,14.29
20141228,15.01,14.81,2.9,22.43,14.72
20141229,15.07,13.61,3.09,20.41,13.57
20141230,14.04,12.56,3.21,22.06,12.7
20141231,12.65,11.76,3.47,24.57,11.84
20150101,10.2,12.42,4.11,31.46,12.56
20150102,11.82,15.47,3.09,43.1,15.98
20150103,13.32,16.48,2.48,62.98,17.2
20150104,13.28,16.2,3.31,48.55,16.78
20150105,13.16,16.24,2.39,40.6,16.6
20150106,13.88,17.18,2.69,39.26,16.05
20150107,13.58,17.38,1.93,34.99,16.46
20150108,14.5,16.22,2.67,28.37,16.42
20150109,14.24,16.01,2.92,23.86,16.57
20150110,13.3,14.83,2.4,26.66,14.77
20150111,13.97,16.8,1.66,25.84,15.22
20150112,14.98,18.03,1.79,25.97,16.67
20150113,12.18,17.71,2.96,27.9,16.99
20150114,9.47,14.4,3.13,40.59,15.27
20150115,8.98,12.96,3.16,52.58,13.87
20150116,12.69,13.53,2.42,52.64,13.62
20150117,15.4,14.44,1.98,44.02,14.32
20150118,15.37,14.74,2.15,31.4,14.36
20150119,15.78,15.02,3.42,28.79,14.92
20150120,14.69,15.8,3.66,30.54,15.61
20150121,11.07,17.74,3.47,28.7,17.64
20150122,8.68,13.81,3.08,52.0,15.3
20150123,10.23,12.47,3.19,54.1,13.69
20150124,13.62,12.47,2.1,48.01,13.5
20150125,15.9,13.35,2.97,40.55,14.02
20150126,16.09,12.82,3.3,37.13,13.53
20150127,15.56,12.04,2.84,38.17,12.94
20150128,14.8,11.59,2.67,35.02,11.98
20150129,17.27,13.2,3.13,25.59,13.02
20150130,16.61,14.26,2.85,22.74,14.6
20150131,17.46,17.05,2.06,17.43,16.63
20150201,17.0,17.3,2.96,19.86,17.51
20150202,10.17,17.42,2.45,26.85,17.63
20150203,17.18,15.75,2.76,51.01,17.24
20150204,18.04,15.5,3.82,46.79,16.39
20150205,17.77,15.86,1.56,33.65,16.85
20150206,16.99,16.23,3.29,26.85,17.08
20150207,16.62,16.84,3.09,29.45,18.33
20150208,17.44,16.08,4.23,46.02,17.3
20150209,17.89,16.64,4.06,44.0,18.02
20150210,18.16,16.74,2.62,32.56,18.35
20150211,18.83,17.3,2.59,26.7,17.95
20150212,17.96,19.58,2.42,22.01,20.18
20150213,17.62,21.42,4.24,23.12,21.23
20150214,18.41,22.71,3.25,34.33,22.87
20150215,17.78,24.12,3.25,23.93,23.47
20150216,18.34,24.57,3.62,34.5,25.75
20150217,16.29,21.74,3.25,35.99,23.23
20150218,15.94,22.32,1.94,33.34,23.43
20150219,18.3,23.87,3.24,30.37,23.86
20150220,15.55,23.36,2.35,31.58,24.9
20150221,17.37,22.12,3.65,38.51,24.02
20150222,17.68,22.71,2.1,38.53,24.63
20150223,15.66,25.04,3.47,30.2,24.84
20150224,9.72,24.55,5.02,30.46,24.68
20150225,21.42,18.49,6.15,15.15,19.51
20150226,22.02,16.33,2.43,14.34,18.31
20150227,20.37,17.16,3.0,16.51,18.95
20150228,10.01,17.73,4.16,23.6,18.89
20150301,3.64,14.94,5.48,62.9,15.82
20150302,19.65,15.66,1.62,60.75,17.61
20150303,20.88,18.13,2.95,43.43,19.97
20150304,21.98,19.22,2.19,31.57,21.07
20150305,18.42,19.76,3.62,37.96,21.34
20150306,19.65,18.27,3.2,55.6,20.11
20150307,18.35,18.98,2.81,59.7,19.86
20150308,20.56,17.96,4.48,39.6,17.86
20150309,23.89,17.09,3.26,22.58,17.53
20150310,22.95,17.13,3.71,32.5,18.42
20150311,22.29,19.86,2.63,25.41,21.81
20150312,20.24,22.09,3.69,23.2,23.45
20150313,18.53,22.67,2.37,33.97,24.09
20150314,16.65,23.06,4.56,45.24,24.08
20150315,20.67,20.45,3.08,55.27,21.81
20150316,23.3,19.92,2.36,48.16,22.73
20150317,22.87,20.17,3.5,47.15,22.22
20150318,23.61,23.14,1.89,36.13,23.89
20150319,21.19,24.63,2.63,28.12,26.79
20150320,21.53,26.1,2.88,27.94,28.45
20150321,23.51,26.75,3.37,26.13,28.87
20150322,22.06,27.75,2.58,28.28,29.43
20150323,23.42,30.0,2.84,27.3,30.62
20150324,23.42,32.17,1.91,19.92,32.07
20150325,23.92,30.09,2.59,20.39,31.82
20150326,19.15,29.01,3.05,28.68,30.59
20150327,24.13,29.91,2.87,27.91,32.17
20150328,23.39,31.05,3.21,26.13,32.9
20150329,19.42,29.06,3.84,30.33,31.12
20150330,23.73,26.1,3.76,42.46,29.36
20150331,24.3,26.73,3.12,33.53,29.51
20150401,24.32,29.62,3.99,25.94,31.2
20150402,20.84,30.68,3.1,33.61,33.33
20150403,20.27,25.51,5.45,55.56,26.8
20150404,23.11,23.43,3.37,63.72,25.21
20150405,23.95,25.94,3.16,41.76,28.28
20150406,17.2,27.83,2.83,32.88,30.39
20150407,23.93,26.41,3.57,41.5,29.32
20150408,26.52,26.05,4.15,37.79,28.38
20150409,26.28,27.12,2.33,32.21,29.78
20150410,25.68,29.76,1.93,23.68,32.17
20150411,19.98,28.54,2.73,29.42,30.5
20150412,22.8,28.01,2.72,37.74,30.91
20150413,25.37,29.01,3.22,38.01,31.87
20150414,23.92,29.27,3.64,39.51,32.41
20150415,25.19,30.17,3.09,35.86,33.25
20150416,25.12,32.11,2.71,31.27,35.15
20150417,25.03,33.06,3.38,26.97,34.94
20150418,25.5,34.68,4.07,19.82,34.75
20150419,24.44,35.12,4.81,18.07,36.21
20150420,23.23,32.88,4.8,23.05,35.02
20150421,24.19,32.56,2.63,22.45,34.7
20150422,27.94,33.63,1.96,12.83,34.32
20150423,28.07,34.05,2.16,10.6,35.19
20150424,28.3,33.86,3.87,11.17,35.19
20150425,26.92,35.41,4.43,15.48,36.56
20150426,26.68,35.03,3.18,19.11,37.05
20150427,24.4,35.46,6.01,24.61,36.98
20150428,26.45,34.13,3.64,19.43,36.36
20150429,27.78,35.98,2.34,11.15,36.24
20150430,26.09,33.66,5.23,13.98,34.91
20150501,27.58,31.44,3.09,20.74,34.69
20150502,28.32,33.18,2.46,15.9,36.35
20150503,28.75,34.35,2.98,12.05,36.48
20150504,27.33,34.01,2.89,12.43,36.71
20150505,27.84,35.21,3.23,12.25,37.09
20150506,27.41,35.24,4.73,14.63,37.17
20150507,27.54,34.39,5.57,17.12,35.94
20150508,26.73,35.1,4.32,26.75,37.76
20150509,21.94,35.25,4.94,27.87,37.56
20150510,25.26,35.47,3.02,23.95,38.56
20150511,21.03,35.39,3.4,29.65,37.86
20150512,26.38,32.07,2.33,37.55,33.45
20150513,25.48,32.27,1.66,32.36,34.84
20150514,26.0,33.7,1.49,29.25,37.22
20150515,26.52,34.68,2.37,25.53,38.12
20150516,27.41,36.58,2.74,19.6,39.04
20150517,27.64,36.5,3.73,26.03,39.25
20150518,26.48,37.38,3.76,27.95,40.25
20150519,24.1,37.84,1.96,23.37,40.34
20150520,23.94,36.64,2.18,27.39,39.01
20150521,24.22,37.43,4.52,24.59,39.86
20150522,26.13,37.42,5.5,20.97,39.61
20150523,27.67,37.03,5.88,24.79,39.3
20150524,28.63,36.74,6.59,17.93,38.36
20150525,27.79,36.62,7.63,19.4,37.97
20150526,29.55,36.0,4.36,17.02,38.39
20150527,26.72,36.35,4.01,16.63,38.75
20150528,26.05,35.08,3.47,33.06,37.13
20150529,26.04,34.57,2.76,31.39,37.2
20150530,26.36,36.12,3.01,25.48,39.15
20150531,25.83,36.6,2.66,22.24,39.21
20150601,26.01,37.42,4.07,21.18,39.82
20150602,22.44,31.56,3.08,54.0,31.97
20150603,23.75,31.81,1.7,39.59,35.15
20150604,26.14,31.72,2.03,38.91,35.3
20150605,27.25,33.51,3.31,30.04,36.65
20150606,27.9,35.9,2.26,22.45,38.39
20150607,27.38,36.6,2.62,22.0,39.51
20150608,22.99,37.68,3.45,22.8,40.61
20150609,16.31,34.66,6.7,37.05,36.37
20150610,16.49,33.86,5.98,44.09,35.76
20150611,24.72,34.31,3.78,45.5,37.91
20150612,27.66,35.54,4.45,39.49,39.02
20150613,27.2,35.78,5.67,34.44,38.65
20150614,25.3,34.87,4.82,42.88,36.81
20150615,21.56,33.88,3.45,46.13,37.15
20150616,25.99,34.99,2.22,38.81,39.17
20150617,22.17,36.58,1.64,33.37,41.27
20150618,27.03,38.51,1.32,28.69,43.2
20150619,25.43,38.81,2.03,29.98,43.9
20150620,25.88,39.6,1.64,27.68,44.57
20150621,23.77,38.0,1.96,31.82,42.4
20150622,25.9,37.56,1.74,36.17,42.46
20150623,23.3,36.93,2.94,39.8,40.68
20150624,22.8,34.68,3.05,45.51,38.63
20150625,21.9,34.64,2.97,44.7,38.09
20150626,24.03,33.61,5.65,53.52,34.4
20150627,25.67,34.05,5.04,45.91,35.52
20150628,25.73,35.66,5.03,40.24,38.62
20150629,24.74,36.45,5.63,34.93,39.27
20150630,20.58,35.33,4.21,42.37,38.25
20150701,21.98,34.42,3.97,42.31,36.19
20150702,16.5,34.54,3.93,45.4,37.13
20150703,21.71,35.82,5.27,41.17,38.54
20150704,24.8,36.3,7.73,39.3,38.84
20150705,22.98,36.05,8.59,45.39,38.73
20150706,23.16,35.77,7.6,44.07,38.62
20150707,19.08,34.68,4.46,47.57,37.81
20150708,20.99,34.41,1.41,47.89,36.54
20150709,22.84,35.32,3.31,43.24,37.58
20150710,22.82,35.05,4.28,42.93,37.89
20150711,23.12,33.22,3.08,50.21,35.45
20150712,24.58,34.12,2.8,45.59,36.98
20150713,21.71,33.27,4.2,54.56,36.14
20150714,24.46,34.17,6.01,47.75,36.85
20150715,24.77,34.63,8.11,43.3,36.88
20150716,24.21,34.66,6.86,46.3,37.53
20150717,24.37,35.04,5.49,45.01,38.6
20150718,22.11,35.49,4.32,42.56,39.34
20150719,21.03,36.29,3.18,39.96,40.06
20150720,22.72,35.42,2.66,42.81,39.23
20150721,20.05,33.2,2.71,54.67,34.66
20150722,23.14,32.57,1.87,58.84,35.01
20150723,22.5,32.75,1.41,61.7,34.48
20150724,19.2,31.05,1.89,71.33,32.11
20150725,19.75,30.46,2.17,72.7,31.63
20150726,16.94,30.33,2.46,75.75,30.62
20150727,16.17,30.86,4.95,68.2,31.79
20150728,21.43,29.86,7.18,67.92,30.72
20150729,8.9,27.19,5.36,76.54,27.43
20150730,13.39,28.56,4.78,81.24,28.69
20150731,14.86,28.79,5.45,78.52,28.98
20150801,22.08,29.97,5.36,70.37,30.5
20150802,22.49,30.29,4.01,64.47,31.44
20150803,24.96,31.44,3.42,59.02,34.0
20150804,24.94,32.09,4.57,54.07,34.21
20150805,24.29,32.18,3.97,54.39,34.69
20150806,23.68,32.77,4.86,54.9,35.05
20150807,24.0,33.32,5.16,53.58,35.8
20150808,24.66,33.09,5.73,52.98,35.18
20150809,23.77,32.38,5.08,53.86,34.57
20150810,24.79,32.26,4.05,53.73,34.33
20150811,22.66,33.0,3.53,52.28,35.71
20150812,15.77,32.44,2.69,57.99,34.66
20150813,21.42,31.12,2.64,66.77,32.66
20150814,22.04,30.89,3.46,67.6,32.05
20150815,20.32,29.97,4.33,74.77,30.16
20150816,23.51,29.93,3.47,72.5,30.93
20150817,25.47,31.58,4.12,61.75,33.6
20150818,25.71,32.66,5.5,56.63,34.62
20150819,24.64,31.98,7.22,57.92,33.46
20150820,24.91,30.95,6.66,58.79,32.74
20150821,24.7,30.58,5.57,58.68,32.58
20150822,24.45,31.31,5.87,59.64,33.39
20150823,24.36,31.46,5.76,58.87,33.5
20150824,20.85,31.1,4.64,59.38,33.46
20150825,24.55,31.27,4.4,56.51,33.46
20150826,24.54,31.79,4.94,54.31,33.77
20150827,24.27,31.96,4.62,53.19,34.06
20150828,23.26,32.25,3.87,53.34,34.75
20150829,24.31,32.22,4.2,52.5,34.46
20150830,24.59,32.02,5.32,52.66,34.0
20150831,24.33,31.36,4.66,52.9,33.59
20150901,22.82,30.56,5.2,49.05,32.16
20150902,23.11,29.89,5.78,48.66,31.47
20150903,24.23,30.26,5.29,46.59,31.92
20150904,24.45,31.03,3.4,44.76,33.41
20150905,24.67,30.76,4.31,43.15,32.85
20150906,24.16,30.59,4.47,44.22,32.66
20150907,24.0,30.79,3.89,45.46,33.12
20150908,23.91,31.14,3.35,45.41,33.75
20150909,23.32,31.96,3.09,41.66,34.18
20150910,23.97,32.13,2.88,39.67,34.43
20150911,23.69,32.5,3.21,38.24,34.35
20150912,23.74,32.88,2.71,34.64,34.6
20150913,23.2,33.83,2.52,33.37,35.55
20150914,23.81,33.18,3.79,36.56,34.93
20150915,23.57,32.6,3.11,37.56,34.39
20150916,23.65,32.62,2.23,37.26,34.62
20150917,22.54,33.49,1.93,34.82,35.29
20150918,20.55,32.74,3.54,32.74,34.06
20150919,16.7,30.23,5.15,54.66,31.66
20150920,16.84,29.74,3.13,64.66,30.5
20150921,7.84,27.59,3.1,73.67,28.27
20150922,18.62,26.94,4.51,76.99,27.47
20150923,22.61,27.72,4.58,49.58,28.32
20150924,22.0,27.23,3.44,46.47,28.51
20150925,22.04,28.2,4.99,47.31,29.27
20150926,22.11,28.66,5.16,52.03,29.84
20150927,22.1,29.13,2.31,47.64,30.99
20150928,22.48,29.7,1.94,36.67,30.53
20150929,22.54,30.49,1.59,32.07,31.27
20150930,22.57,29.71,2.36,36.69,30.86
20151001,22.38,31.58,1.23,29.72,31.6
20151002,22.53,31.24,2.47,28.28,31.45
20151003,22.17,30.85,3.86,27.41,31.09
20151004,21.99,29.75,4.11,33.31,30.4
20151005,21.5,29.64,3.44,37.88,30.42
20151006,21.05,30.34,2.68,33.96,30.53
20151007,21.43,31.0,2.39,30.07,30.99
20151008,21.08,30.82,2.97,28.53,30.62
20151009,21.15,29.36,4.72,31.79,29.75
20151010,21.04,29.06,5.55,40.6,29.76
20151011,20.74,28.53,5.21,45.71,29.38
20151012,20.15,28.34,3.72,39.76,29.25
20151013,20.37,28.49,3.84,37.15,28.97
20151014,19.65,29.65,3.3,38.21,30.01
20151015,19.23,29.67,1.73,37.18,31.13
20151016,19.37,29.85,2.08,34.89,30.52
20151017,18.72,30.38,1.57,30.1,30.0
20151018,19.42,30.08,2.47,31.32,30.58
20151019,17.65,30.11,1.54,30.5,29.85
20151020,18.44,28.58,2.02,35.22,29.58
20151021,18.45,26.5,2.86,35.5,27.87
20151022,19.07,26.17,2.26,28.2,26.54
20151023,18.73,27.83,1.91,25.11,27.5
20151024,17.77,28.1,3.59,27.64,28.68
20151025,16.16,26.48,2.48,35.42,27.7
20151026,17.51,23.1,3.84,45.96,24.29
20151027,17.38,22.03,3.38,45.54,22.96
20151028,18.91,21.99,3.3,40.96,22.43
20151029,17.98,22.09,2.44,37.93,22.48
20151030,16.78,22.68,2.81,43.09,23.66
20151031,16.04,22.63,3.02,41.11,23.54
20151101,14.08,22.59,2.98,42.52,23.55
20151102,14.48,23.98,2.94,45.08,25.23
20151103,13.72,24.06,2.89,42.55,24.7
20151104,14.7,24.96,2.57,36.77,24.78
20151105,15.35,24.24,2.53,33.71,24.71
20151106,14.05,21.47,3.71,32.96,21.92
20151107,12.19,20.88,3.33,32.83,21.02
20151108,12.22,21.31,3.73,28.45,21.65
20151109,12.23,21.59,3.3,34.3,22.28
20151110,11.04,21.33,3.52,38.17,21.95
20151111,11.33,21.7,3.02,40.18,22.58
20151112,13.49,22.78,2.08,38.62,23.28
20151113,12.71,23.44,2.61,40.38,23.85
20151114,12.23,22.72,2.21,45.44,23.46
20151115,13.07,22.89,2.01,43.57,23.15
20151116,15.23,22.13,3.53,37.93,21.74
20151117,17.29,22.54,1.45,23.3,20.63
20151118,16.8,21.0,2.4,22.56,20.5
20151119,17.04,20.16,2.77,22.92,19.89
20151120,16.26,20.04,2.84,24.06,19.95
20151121,15.78,19.77,3.03,28.0,19.95
20151122,14.36,20.38,2.84,27.59,20.59
20151123,13.29,20.22,2.37,30.96,20.47
20151124,14.04,20.17,3.55,34.85,20.5
20151125,13.65,20.58,2.62,33.73,20.78
20151126,15.58,18.85,3.38,26.46,18.4
20151127,15.1,18.39,2.24,25.68,17.34
20151128,15.17,19.13,2.02,26.77,17.48
20151129,11.94,18.86,2.61,35.43,18.13
20151130,10.89,18.77,3.01,45.45,18.33
20151201,13.01,19.55,2.11,38.49,18.17
20151202,13.86,20.31,2.24,31.17,18.89
20151203,14.61,19.29,2.28,33.54,18.52
20151204,15.17,20.29,3.12,25.02,18.28
20151205,14.84,20.6,1.9,19.97,18.48
20151206,14.83,20.1,1.84,22.23,18.76
20151207,13.1,19.46,2.18,25.51,19.06
20151208,13.82,19.68,1.94,26.82,18.82
20151209,11.49,20.26,2.75,32.62,19.15
20151210,8.59,18.7,3.06,38.42,19.25
20151211,15.69,13.74,3.88,23.44,13.37
20151212,15.61,14.36,2.36,22.63,12.72
20151213,15.52,14.85,1.53,23.95,13.15
20151214,15.65,13.29,2.98,23.24,12.51
20151215,15.25,15.38,1.87,18.65,13.02
20151216,14.69,15.44,2.25,18.22,13.87
20151217,14.59,14.88,3.43,19.96,13.57
20151218,13.38,13.56,2.55,22.77,12.59
20151219,14.11,14.35,2.33,22.97,12.7
20151220,13.44,14.15,2.9,24.56,12.99
20151221,12.85,14.17,2.64,28.02,13.32
20151222,12.86,14.77,2.5,27.56,14.16
20151223,13.27,14.02,3.07,27.28,13.77
20151224,13.67,12.19,3.18,31.13,11.54
20151225,13.89,13.48,2.11,22.6,12.38
20151226,12.84,15.37,2.42,20.21,15.15
20151227,13.5,17.38,2.46,17.43,17.13
20151228,13.53,17.66,2.5,20.92,17.22
20151229,12.45,18.84,2.12,28.48,17.46
20151230,14.38,18.99,2.28,30.22,18.17
20151231,13.24,17.09,4.09,32.23,16.86
20160101,14.69,16.65,3.07,28.39,16.68
20160102,14.21,16.66,3.14,26.89,16.66
20160103,14.16,18.08,1.68,21.05,16.74
20160104,9.96,19.83,2.92,25.02,18.5
20160105,13.31,17.94,2.64,30.0,17.91
20160106,8.71,17.05,2.07,37.19,16.7
20160107,9.9,17.5,2.4,41.69,17.61
20160108,13.41,17.21,2.05,43.92,17.05
20160109,14.43,18.22,2.1,36.77,16.22
20160110,15.09,18.75,2.66,29.99,16.85
20160111,15.28,18.21,1.86,29.79,17.19
20160112,11.9,17.94,2.65,42.91,17.66
20160113,13.03,15.26,3.18,49.16,15.91
20160114,13.36,14.9,1.99,40.74,14.3
20160115,15.49,14.93,3.01,43.56,14.43
20160116,15.08,15.49,1.6,36.72,15.05
20160117,15.53,15.29,3.21,32.94,15.32
20160118,14.52,14.64,3.77,30.79,15.03
20160119,12.54,13.8,3.35,32.29,14.05
20160120,15.62,16.2,0.96,26.17,14.48
20160121,16.58,16.07,2.22,22.03,14.16
20160122,16.14,16.1,1.93,19.82,15.06
20160123,13.16,14.56,3.05,22.99,14.88
20160124,13.39,13.54,2.79,25.49,13.85
20160125,14.68,13.34,2.76,23.14,13.65
20160126,13.85,15.29,2.4,21.9,16.01
20160127,12.27,14.7,2.79,23.25,15.18
20160128,13.08,17.78,2.0,23.64,17.23
20160129,13.53,20.23,3.84,40.74,20.03
20160130,14.85,21.2,2.14,49.86,22.18
20160131,13.83,18.24,3.8,41.62,19.0
20160201,17.39,16.95,2.73,21.41,17.41
20160202,18.49,16.34,2.34,18.89,16.4
20160203,18.63,16.77,3.05,18.85,16.34
20160204,18.72,17.67,1.88,16.45,17.19
20160205,18.57,16.98,3.28,18.9,17.32
20160206,17.68,16.53,3.08,20.64,16.82
20160207,17.91,17.31,3.02,20.43,17.32
20160208,17.66,17.58,2.23,21.77,17.86
20160209,18.21,18.19,2.36,23.2,18.38
20160210,18.12,18.87,4.07,23.23,19.22
20160211,19.61,16.57,3.0,15.02,16.44
20160212,17.57,15.81,3.32,16.97,16.36
20160213,17.46,15.36,3.45,29.84,16.33
20160214,18.23,15.65,3.18,24.57,16.55
20160215,19.25,15.38,4.08,20.52,15.8
20160216,19.5,15.69,4.09,21.83,16.18
20160217,17.03,18.28,4.84,20.57,19.14
20160218,11.05,20.99,4.77,33.06,21.66
20160219,12.34,21.13,4.19,50.45,22.38
20160220,17.78,19.72,3.36,57.4,20.44
20160221,21.25,22.13,0.9,26.93,20.74
20160222,21.1,23.31,1.63,15.69,20.94
20160223,21.15,23.35,2.2,14.12,21.32
20160224,21.7,24.37,1.83,12.02,22.38
20160225,21.12,24.6,1.98,10.77,23.41
20160226,21.28,22.94,3.61,13.07,23.66
20160227,20.78,22.5,2.5,15.17,22.88
20160228,20.74,23.36,3.18,17.42,24.19
20160229,19.96,24.19,3.44,17.91,25.4
20160301,17.65,25.02,3.42,19.7,25.85
20160302,18.77,26.39,2.73,20.4,27.85
20160303,20.44,26.48,2.57,22.33,27.7
20160304,15.21,25.56,3.17,33.71,26.59
20160305,20.93,22.8,3.93,54.31,24.37
20160306,21.53,21.74,3.38,49.12,24.06
20160307,19.66,21.48,2.94,45.14,23.38
20160308,21.54,23.73,1.63,35.14,25.63
20160309,20.62,25.37,2.32,35.92,27.36
20160310,16.78,26.29,3.44,40.03,27.5
20160311,18.1,25.91,5.06,41.46,26.83
20160312,22.13,23.5,3.76,48.15,25.39
20160313,20.24,22.43,2.42,49.33,24.24
20160314,23.11,22.89,3.19,39.71,24.94
20160315,23.18,24.24,3.5,27.6,26.16
20160316,21.08,25.07,3.24,26.34,26.23
20160317,18.65,25.77,3.9,35.49,26.76
20160318,21.21,25.37,2.62,40.19,28.75
20160319,22.0,27.95,2.37,33.36,29.38
20160320,23.59,27.32,1.71,24.94,29.61
20160321,24.79,26.32,3.62,24.24,28.59
20160322,25.86,25.99,2.45,23.23,27.52
20160323,24.16,29.27,2.98,14.1,29.15
20160324,20.19,29.45,2.69,18.74,29.51
20160325,21.44,25.26,6.54,34.0,26.45
20160326,24.56,24.43,4.85,38.11,26.45
20160327,25.65,25.4,2.62,21.59,27.26
20160328,23.28,27.62,1.71,15.44,27.31
20160329,25.02,29.77,1.31,13.46,30.7
20160330,23.98,30.43,2.44,13.08,31.46
20160331,21.49,31.15,2.39,17.02,32.44
20160401,24.03,32.87,1.34,16.58,34.4
20160402,22.76,32.22,3.47,30.26,33.71
20160403,18.9,31.21,5.04,27.99,32.35
20160404,23.42,29.82,2.47,28.77,32.21
20160405,19.2,29.93,2.37,24.91,30.7
20160406,25.03,28.53,3.18,27.62,31.41
20160407,26.39,28.73,2.98,30.16,31.95
20160408,21.73,30.09,3.24,23.05,32.48
20160409,24.51,28.06,4.07,28.27,29.74
20160410,23.53,28.22,3.19,28.4,29.92
20160411,25.56,28.57,3.52,35.27,31.78
20160412,27.51,29.75,2.56,24.52,32.46
20160413,26.42,31.6,4.29,19.66,32.86
20160414,25.72,32.47,4.93,20.97,33.97
20160415,24.93,33.57,4.46,24.43,35.37
20160416,24.08,33.78,5.18,29.34,36.07
20160417,23.39,33.32,3.59,32.43,35.88
20160418,22.44,31.65,3.64,22.46,34.89
20160419,24.95,31.06,4.5,24.44,33.44
20160420,27.06,32.18,1.91,22.21,35.11
20160421,26.97,33.36,2.43,19.24,35.52
20160422,27.38,32.01,4.84,13.69,34.24
20160423,29.71,30.32,3.72,5.49,31.33
20160424,28.3,31.74,2.47,5.68,33.34
20160425,28.22,33.0,2.66,10.04,34.99
20160426,27.3,32.56,3.28,14.86,34.53
20160427,27.72,32.97,2.38,11.1,35.32
20160428,28.18,34.21,1.83,9.67,36.4
20160429,27.29,35.39,2.44,11.33,37.01
20160430,27.82,36.15,2.03,11.86,37.87
20160501,26.53,35.76,4.35,15.7,37.9
20160502,23.18,34.81,6.1,24.1,35.74
20160503,25.79,34.63,6.65,23.0,36.56
20160504,21.9,31.13,3.67,32.91,33.15
20160505,19.84,30.13,3.17,33.7,32.65
20160506,27.17,32.12,2.28,33.21,34.83
20160507,28.34,35.14,2.66,22.01,37.13
20160508,27.56,36.04,4.17,23.23,38.51
20160509,27.5,36.7,5.21,23.49,39.16
20160510,27.61,36.38,5.52,23.54,38.52
20160511,26.92,36.3,4.1,21.54,38.6
20160512,25.27,36.07,3.08,22.49,39.13
20160513,25.02,37.35,4.77,21.98,40.22
20160514,26.76,37.34,4.44,22.07,40.27
20160515,26.42,37.01,2.12,17.17,40.39
20160516,24.13,37.83,3.19,19.68,40.55
20160517,27.98,38.64,4.26,17.23,40.8
20160518,28.98,38.96,4.96,14.8,40.93
20160519,28.51,39.29,5.34,15.86,41.03
20160520,27.1,39.42,5.13,17.69,41.81
20160521,27.82,37.04,6.49,31.66,37.3
20160522,26.98,37.46,7.85,36.98,39.71
20160523,22.07,36.96,7.37,37.39,39.17
20160524,25.7,36.21,5.79,26.82,38.44
20160525,26.09,36.15,7.49,31.46,38.42
20160526,24.46,36.26,9.08,33.31,38.31
20160527,26.58,35.34,7.43,35.56,37.92
20160528,26.32,35.81,8.02,38.13,38.62
20160529,25.85,35.66,8.48,40.63,38.09
20160530,26.85,35.2,6.45,37.0,38.37
20160531,25.83,35.76,5.79,34.66,38.82
20160601,27.83,35.46,5.57,34.36,38.77
20160602,27.99,35.14,5.05,34.25,38.54
20160603,27.85,36.02,4.28,26.8,39.29
20160604,29.38,36.47,3.57,18.02,39.59
20160605,29.49,37.3,2.3,12.26,40.71
20160606,28.99,38.81,2.64,12.57,42.28
20160607,28.0,38.72,5.22,19.27,41.19
20160608,28.31,38.67,6.43,22.2,41.09
20160609,26.71,37.97,6.27,28.44,40.75
20160610,24.8,37.51,6.68,32.34,40.49
20160611,23.29,36.87,6.55,39.93,39.65
20160612,20.72,36.22,5.97,41.72,37.84
20160613,23.03,36.42,8.02,39.23,38.98
20160614,24.86,36.16,6.31,40.94,39.56
20160615,25.3,36.23,7.68,39.28,39.21
20160616,24.61,37.32,6.25,34.66,40.2
20160617,25.77,37.34,4.68,28.81,41.21
20160618,24.57,37.13,4.73,31.31,41.22
20160619,25.77,38.44,3.08,26.01,42.77
20160620,27.11,39.87,2.75,22.38,44.09
20160621,25.77,39.75,3.17,24.78,44.13
20160622,24.9,37.9,5.5,35.28,42.67
20160623,25.77,37.36,5.8,36.41,41.1
20160624,26.14,37.67,4.41,35.54,41.37
20160625,22.21,38.31,4.49,34.93,41.64
20160626,22.9,37.29,4.01,38.35,41.09
20160627,21.89,35.08,3.48,49.47,36.83
20160628,19.96,33.38,2.13,57.6,34.94
20160629,16.47,35.81,1.34,45.76,38.66
20160630,23.86,36.17,2.28,48.26,38.08
20160701,27.16,35.59,6.06,47.51,37.47
20160702,23.02,36.23,5.94,45.12,39.13
20160703,23.25,33.94,3.59,57.59,35.12
20160704,25.59,34.79,2.79,52.41,37.69
20160705,25.95,35.92,6.28,43.55,38.66
20160706,23.91,36.29,6.08,42.01,39.06
20160707,21.7,36.2,4.88,42.17,39.8
20160708,24.82,36.82,4.73,42.41,40.58
20160709,25.0,36.99,5.93,41.97,40.49
20160710,24.74,36.59,4.48,43.62,40.61
20160711,23.87,36.41,4.07,39.46,40.49
20160712,22.04,35.91,3.68,43.34,39.2
20160713,20.32,36.66,3.1,42.2,41.18
20160714,23.34,35.66,4.86,45.12,38.6
20160715,25.59,35.55,6.75,46.46,38.07
20160716,24.11,35.2,7.8,46.28,38.04
20160717,25.15,34.55,7.88,48.15,37.65
20160718,22.13,34.2,6.37,47.4,37.5
20160719,23.71,34.93,5.04,44.31,38.8
20160720,25.05,35.65,6.18,40.85,38.78
20160721,25.92,35.79,6.42,39.91,38.92
20160722,26.37,35.82,6.18,40.54,38.94
20160723,25.44,35.66,5.13,39.4,39.32
20160724,23.85,36.42,2.69,37.47,41.91
20160725,24.81,37.87,2.91,33.72,42.97
20160726,25.24,36.35,6.19,43.78,39.47
20160727,23.41,31.76,5.12,61.12,33.9
20160728,19.56,28.87,1.64,68.56,31.53
20160729,24.61,33.36,2.61,50.95,36.86
20160730,23.09,33.71,4.48,51.98,36.97
20160731,24.75,35.27,3.45,46.09,39.04
20160801,22.58,35.48,4.2,44.03,37.9
20160802,23.11,34.95,3.77,45.27,38.59
20160803,20.09,33.31,3.34,50.34,35.8
20160804,20.81,30.61,2.4,66.3,31.51
20160805,21.23,31.72,2.44,62.41,33.55
20160806,23.8,33.57,3.09,56.44,35.58
20160807,25.25,32.15,2.83,64.13,33.48
20160808,19.22,30.28,2.2,74.28,30.65
20160809,23.45,30.32,2.59,76.18,30.86
20160810,24.04,30.5,4.48,70.16,31.34
20160811,23.53,30.83,3.75,63.68,31.79
20160812,24.41,32.95,4.34,52.53,34.69
20160813,24.93,33.22,4.96,48.72,35.59
20160814,24.69,32.83,5.67,49.76,35.14
20160815,25.62,32.57,5.43,50.81,34.96
20160816,24.64,32.45,5.16,50.37,34.79
20160817,25.19,32.27,5.58,52.39,34.87
20160818,20.3,32.56,3.2,50.23,35.3
20160819,18.04,33.33,3.84,43.85,35.23
20160820,19.34,33.89,3.33,45.32,36.29
20160821,23.94,34.12,2.63,48.77,36.81
20160822,24.54,34.03,3.78,48.28,36.79
20160823,21.46,32.4,3.11,51.07,34.66
20160824,20.14,31.49,2.32,59.8,33.4
20160825,18.29,29.11,3.95,74.86,30.28
20160826,22.54,31.54,3.15,62.4,33.89
20160827,23.72,31.96,1.85,62.35,34.04
20160828,17.64,30.35,2.37,68.89,30.93
20160829,21.18,30.03,1.71,66.37,32.27
20160830,24.21,31.26,1.89,58.93,33.75
20160831,20.62,32.2,1.65,54.8,35.8
20160901,23.15,31.57,2.77,56.65,33.97
20160902,23.52,31.7,4.21,50.9,34.03
20160903,24.22,30.75,6.0,51.39,32.63
20160904,24.32,30.47,5.79,52.87,32.35
20160905,24.29,30.71,5.36,54.06,32.8
20160906,22.88,30.16,5.6,55.17,32.04
20160907,23.61,30.15,4.98,54.25,32.16
20160908,24.0,30.19,4.84,51.35,32.4
20160909,24.11,30.06,4.88,50.29,32.1
20160910,24.24,29.78,5.15,51.01,31.65
20160911,24.23,29.78,4.67,49.95,31.77
20160912,24.09,30.32,4.23,49.75,32.41
20160913,24.24,31.01,3.47,49.01,33.54
20160914,23.42,32.28,1.96,42.48,35.02
20160915,23.28,33.28,1.1,34.47,35.19
20160916,23.56,33.86,1.56,32.28,35.38
20160917,24.28,34.34,1.46,29.19,35.64
20160918,23.9,34.7,1.83,26.08,35.35
20160919,23.5,33.66,1.89,30.08,34.96
20160920,23.54,32.99,3.67,35.72,34.63
20160921,23.13,32.57,4.53,41.83,34.39
20160922,22.77,33.03,2.91,40.67,35.17
20160923,21.97,32.93,2.61,35.21,34.78
20160924,21.73,32.08,2.6,39.18,34.12
20160925,22.53,32.35,1.65,36.67,34.79
20160926,21.74,31.98,2.91,38.83,33.97
20160927,22.11,31.72,4.22,38.89,33.31
20160928,22.42,31.08,4.08,38.1,32.76
20160929,22.3,30.84,2.98,42.21,32.81
20160930,21.69,31.29,2.05,41.67,33.28
20161001,19.8,32.63,2.27,36.27,34.21
20161002,14.96,32.64,2.82,44.23,34.48
20161003,15.89,32.23,1.74,51.81,34.11
20161004,15.84,32.04,1.63,50.85,33.7
20161005,18.46,30.69,3.54,56.87,32.8
20161006,19.43,30.86,2.83,49.83,33.11
20161007,18.53,31.3,2.46,43.41,33.37
20161008,20.01,31.85,4.25,41.69,33.3
20161009,20.22,31.27,4.72,39.15,32.56
20161010,21.31,29.56,2.26,31.57,30.2
20161011,21.7,28.7,2.61,34.13,29.37
20161012,20.62,28.26,4.19,33.73,29.33
20161013,20.56,28.4,4.7,40.75,29.43
20161014,20.1,28.57,3.44,36.97,29.75
20161015,19.36,29.02,2.59,33.52,29.78
20161016,19.66,29.63,2.31,28.59,29.88
20161017,20.04,29.17,2.33,25.84,29.31
20161018,19.76,28.23,3.42,27.04,28.74
20161019,20.06,27.61,4.45,30.19,28.12
20161020,19.64,27.54,3.73,30.22,28.36
20161021,19.63,27.49,4.16,36.06,28.13
20161022,19.64,27.64,2.89,38.29,28.06
20161023,19.57,27.49,3.05,36.45,28.1
20161024,18.77,27.28,4.09,37.89,27.85
20161025,19.01,27.92,3.85,34.05,27.81
20161026,19.43,27.5,2.74,23.84,26.78
20161027,19.33,27.79,1.76,16.34,25.93
20161028,19.12,28.0,1.63,14.17,25.68
20161029,18.93,27.38,1.54,14.15,25.52
20161030,18.6,26.24,2.17,19.22,26.26
20161031,17.87,26.06,2.04,18.97,25.95
20161101,16.98,25.87,1.89,20.34,25.23
20161102,16.04,25.77,2.05,21.06,25.28
20161103,15.56,24.87,2.72,24.06,24.96
20161104,16.27,25.33,2.54,24.16,24.35
20161105,16.24,26.26,1.97,20.89,24.38
20161106,16.36,25.35,2.77,19.52,23.86
20161107,16.43,22.67,2.33,19.36,21.77
20161108,17.83,24.16,2.97,19.12,21.83
20161109,17.7,24.85,2.09,13.84,22.25
20161110,16.63,24.17,2.67,21.69,23.02
20161111,17.01,24.04,3.03,28.99,23.57
20161112,15.0,22.74,2.75,22.52,22.54
20161113,13.01,20.14,2.65,24.85,19.99
20161114,14.24,20.99,1.71,26.67,19.69
20161115,14.09,20.46,2.01,27.46,19.44
20161116,14.86,20.3,2.7,30.3,19.71
20161117,15.25,20.32,2.49,26.7,19.66
20161118,16.08,21.88,1.84,21.77,19.33
20161119,15.8,22.81,2.08,17.81,20.22
20161120,16.12,22.26,3.44,24.04,21.43
20161121,15.55,22.91,2.53,32.29,22.45
20161122,15.58,22.16,2.53,32.12,21.59
20161123,15.39,22.19,1.98,28.86,21.21
20161124,15.27,22.55,2.31,23.98,21.89
20161125,14.89,21.75,2.97,24.91,21.39
20161126,15.26,23.41,1.51,20.76,20.8
20161127,15.64,23.37,1.82,21.56,20.89
20161128,15.83,23.89,1.59,18.3,21.01
20161129,15.54,23.17,2.16,18.36,21.32
20161130,15.48,21.82,2.23,21.29,21.31
20161201,14.32,20.74,3.73,25.39,20.27
20161202,13.86,19.66,3.05,27.57,18.81
20161203,14.75,20.25,2.6,25.45,18.88
20161204,14.85,20.46,2.53,24.35,19.46
20161205,14.55,21.52,1.91,22.53,19.73
20161206,14.6,21.64,2.24,23.22,20.31
20161207,14.89,22.47,1.74,22.75,20.56
20161208,14.74,22.93,2.01,22.4,20.55
20161209,14.43,22.08,2.39,23.63,20.7
20161210,13.5,21.44,4.07,37.11,21.25
20161211,11.99,20.53,2.41,36.6,19.96
20161212,12.9,20.55,2.04,34.85,20.14
20161213,12.89,19.75,2.73,36.71,19.56
20161214,12.98,18.74,3.41,36.65,19.07
20161215,14.19,19.29,1.93,31.08,18.9
20161216,14.2,19.7,1.79,33.18,18.89
20161217,14.4,19.8,1.6,32.04,18.89
20161218,14.48,18.11,2.86,37.4,18.24
20161219,14.51,17.9,2.74,29.14,18.18
20161220,14.6,18.03,2.73,25.28,17.17
20161221,14.41,19.62,1.34,21.75,17.13
20161222,14.68,20.64,2.3,20.22,18.02
20161223,14.7,20.96,1.82,23.43,18.08
20161224,14.75,18.92,3.7,23.26,17.34
20161225,14.78,16.37,3.05,21.63,14.75
20161226,13.66,17.85,1.72,16.24,15.68
20161227,14.16,19.29,2.3,18.14,17.0
20161228,14.17,21.25,1.77,15.92,18.3
20161229,13.63,20.67,2.52,19.39,18.49
20161230,13.66,19.98,2.2,24.89,19.12
20161231,9.36,17.93,3.05,31.47,17.48
20170101,9.32,15.46,2.72,32.17,15.05
20170102,7.64,16.31,2.7,39.6,15.94
20170103,11.21,17.28,2.63,40.25,16.45
20170104,9.78,19.01,1.73,33.13,17.15
20170105,10.23,17.96,1.74,38.72,17.3
20170106,8.34,17.08,2.94,41.21,16.38
20170107,12.49,14.04,2.92,17.77,13.65
20170108,11.16,13.18,4.05,28.34,13.09
20170109,10.03,11.55,3.65,35.71,11.98
20170110,14.73,12.17,2.0,25.5,11.66
20170111,15.59,13.11,2.25,21.22,12.53
20170112,15.26,13.4,3.08,19.6,12.44
20170113,15.67,13.4,3.65,16.76,13.57
20170114,5.09,14.18,4.15,18.96,14.1
20170115,9.81,13.52,4.03,31.11,14.37
20170116,14.08,12.04,2.72,50.78,13.54
20170117,15.02,13.53,2.28,39.09,13.77
20170118,15.29,13.89,3.03,37.18,14.68
20170119,14.71,13.04,5.07,34.91,13.54
20170120,15.53,12.97,3.83,37.95,13.86
20170121,10.16,15.45,2.72,30.86,16.4
20170122,13.77,16.99,2.86,37.93,17.77
20170123,13.76,17.75,3.13,43.9,18.41
20170124,12.39,17.02,3.48,47.08,17.79
20170125,10.96,14.7,3.6,59.97,15.31
20170126,13.08,15.17,1.94,66.89,15.61
20170127,17.22,16.06,1.64,48.13,15.78
20170128,16.23,15.46,2.97,45.88,16.16
20170129,16.93,16.44,2.36,43.01,17.14
20170130,17.18,18.5,2.05,32.85,18.5
20170131,17.06,19.09,2.69,30.9,19.28
20170201,16.65,17.58,3.25,34.08,18.23
20170202,15.53,17.94,2.99,34.07,18.87
20170203,15.0,18.91,2.8,41.95,19.73
20170204,9.86,19.48,6.02,38.45,19.98
20170205,17.85,15.4,2.96,38.58,16.42
20170206,18.98,14.48,2.23,22.86,15.17
20170207,17.51,15.4,2.68,29.14,16.01
20170208,17.35,17.8,1.42,23.04,17.0
20170209,18.19,16.28,2.56,23.79,17.28
20170210,18.43,16.4,2.67,23.42,16.91
20170211,19.17,17.04,3.17,21.5,17.1
20170212,19.12,16.52,3.84,22.86,17.45
20170213,18.97,17.26,4.26,22.88,17.42
20170214,18.51,19.54,2.98,19.99,19.38
20170215,17.22,21.95,2.88,16.04,21.53
20170216,16.19,21.75,3.05,22.17,22.25
20170217,17.32,22.81,2.55,25.28,22.45
20170218,16.19,23.98,2.16,27.87,24.94
20170219,17.55,25.35,4.5,25.81,25.62
20170220,20.69,21.04,3.44,18.99,22.04
20170221,20.7,19.2,3.82,10.46,18.4
20170222,21.31,19.63,2.37,8.49,18.88
20170223,20.59,19.04,2.89,11.9,19.56
20170224,20.93,21.49,2.63,11.5,20.93
20170225,19.94,22.98,3.91,16.59,22.6
20170226,20.49,23.25,2.6,23.56,24.06
20170227,20.44,24.33,3.04,20.2,25.24
20170228,16.61,24.18,2.67,23.98,25.26
20170301,20.28,23.07,2.78,22.89,24.95
20170302,21.83,21.81,3.29,24.43,23.83
20170303,20.38,21.2,3.54,21.37,22.3
20170304,21.13,21.4,2.7,19.4,23.4
20170305,22.68,22.87,2.62,15.7,24.51
20170306,19.65,23.68,3.22,16.26,24.39
20170307,19.75,24.05,2.79,19.66,25.13
20170308,20.84,21.5,3.38,31.34,23.24
20170309,20.11,23.2,2.7,27.45,24.11
20170310,22.4,20.87,4.02,22.18,22.25
20170311,23.2,19.5,3.16,16.9,19.89
20170312,23.11,19.46,2.04,12.73,20.37
20170313,24.11,19.62,2.95,14.45,21.59
20170314,16.17,20.37,3.28,17.08,20.66
20170315,17.66,23.72,2.99,16.56,25.04
20170316,20.61,22.59,3.12,23.75,24.53
20170317,19.97,25.1,2.08,26.39,27.44
20170318,18.07,25.68,2.72,27.58,27.5
20170319,23.17,26.94,1.47,31.25,26.27
20170320,24.24,27.16,1.74,25.65,27.53
20170321,23.96,28.52,2.93,19.53,28.87
20170322,23.02,28.32,3.32,21.52,29.72
20170323,22.76,27.78,2.52,24.46,30.07
20170324,24.32,27.71,2.95,26.11,29.76
20170325,24.41,29.53,2.24,20.35,31.74
20170326,25.14,31.26,2.42,17.99,32.37
20170327,24.53,33.01,2.14,16.16,33.04
20170328,24.55,32.21,3.4,16.56,33.3
20170329,24.91,31.89,2.06,17.11,33.22
20170330,25.14,32.5,2.47,13.48,34.05
20170331,23.69,32.01,4.07,17.11,33.89
20170401,23.7,31.79,3.53,18.43,33.32
20170402,25.41,32.81,2.02,16.89,33.82
20170403,24.92,32.58,3.46,20.94,34.08
20170404,24.09,32.95,6.4,25.73,34.5
20170405,21.96,32.37,7.87,26.36,33.42
20170406,24.79,27.19,7.99,15.67,28.47
20170407,26.21,25.47,2.75,7.66,26.55
20170408,28.05,26.45,2.09,6.25,27.39
20170409,26.65,26.6,3.24,13.6,27.99
20170410,27.1,30.21,2.06,9.29,30.31
20170411,27.32,31.42,2.94,8.98,31.38
20170412,27.14,33.7,3.0,7.43,32.63
20170413,27.55,33.84,2.51,8.22,34.23
20170414,26.38,34.07,3.78,10.23,34.98
20170415,27.02,35.14,2.53,12.0,36.72
20170416,26.87,35.54,3.11,13.22,37.51
20170417,26.97,35.51,4.96,15.25,37.21
20170418,27.4,34.25,4.84,16.18,36.01
20170419,26.76,34.29,4.24,18.18,36.53
20170420,26.05,35.9,5.17,21.88,38.03
20170421,24.95,35.13,6.32,22.32,37.11
20170422,25.24,33.71,6.33,22.29,35.72
20170423,24.11,31.92,6.11,29.07,34.13
20170424,23.73,28.4,3.72,46.33,28.53
20170425,26.51,30.44,3.84,31.57,31.64
20170426,26.83,30.71,4.33,24.6,32.71
20170427,26.58,31.84,4.67,30.95,34.27
20170428,22.82,32.82,3.45,28.25,35.41
20170429,24.53,31.91,5.41,27.43,32.82
20170430,26.61,31.96,1.79,21.74,33.68
20170501,27.93,33.38,2.82,18.29,35.35
20170502,21.61,34.05,4.11,17.44,35.27
20170503,25.6,33.57,2.59,21.07,36.59
20170504,24.98,33.49,2.35,22.42,36.76
20170505,26.48,35.78,2.41,16.79,37.94
20170506,27.55,36.34,3.07,21.11,39.58
20170507,25.71,37.13,4.06,19.64,39.21
20170508,27.05,36.98,4.72,17.83,39.2
20170509,26.7,36.62,5.44,18.76,38.69
20170510,25.12,36.34,4.94,23.35,38.75
20170511,19.41,33.83,2.89,36.24,35.99
20170512,24.36,35.61,1.28,31.1,38.37
20170513,26.27,35.32,3.22,30.24,37.69
20170514,27.89,35.08,3.9,24.79,37.41
20170515,26.11,34.25,4.17,29.21,36.1
20170516,24.07,34.88,3.36,28.19,37.7
20170517,26.65,34.18,1.69,30.71,36.14
20170518,27.2,34.8,3.92,26.05,37.12
20170519,26.84,36.01,5.31,28.21,38.45
20170520,22.08,33.59,5.55,39.56,34.41
20170521,21.59,30.42,4.86,56.69,30.5
20170522,26.28,30.49,2.97,58.79,31.45
20170523,26.27,34.16,2.96,40.93,36.7
20170524,24.5,36.45,2.49,28.95,38.62
20170525,26.04,37.35,3.46,24.54,39.15
20170526,26.51,37.38,5.18,24.92,39.37
20170527,26.78,37.16,6.04,26.82,39.14
20170528,26.34,36.92,5.58,34.02,39.26
20170529,25.47,36.4,4.53,40.65,39.63
20170530,26.26,37.89,4.1,31.13,40.95
20170531,23.89,37.63,5.98,31.34,40.19
20170601,22.79,36.21,3.26,36.09,39.85
20170602,26.99,37.92,3.86,25.58,40.71
20170603,27.21,38.04,4.67,22.49,40.43
20170604,26.55,38.58,8.77,32.12,40.65
20170605,24.85,37.29,9.3,38.02,39.44
20170606,23.42,36.19,9.01,40.39,38.46
20170607,26.46,36.38,5.74,40.11,39.57
20170608,23.27,34.85,3.94,45.95,38.51
20170609,24.73,35.58,3.18,41.01,39.37
20170610,26.79,35.96,4.68,37.04,38.86
20170611,25.93,35.72,3.2,39.63,40.21
20170612,26.99,37.28,4.53,31.22,40.44
20170613,25.93,36.41,5.52,35.79,39.7
20170614,27.15,36.97,6.26,38.84,39.98
20170615,26.35,36.3,6.47,37.17,39.31
20170616,25.09,36.3,6.8,40.24,39.22
20170617,23.79,35.95,5.19,42.46,39.93
20170618,25.3,36.48,5.48,41.89,39.81
20170619,23.55,36.29,8.15,42.29,38.98
20170620,17.66,34.66,7.12,48.5,37.33
20170621,23.09,31.88,5.9,64.05,32.6
20170622,19.5,32.29,5.23,60.03,33.77
20170623,25.99,34.02,2.12,50.15,38.25
20170624,25.22,36.56,2.08,39.74,41.24
20170625,25.5,37.77,2.37,35.75,42.97
20170626,25.49,38.51,4.32,36.36,42.64
20170627,18.77,36.57,2.53,46.38,40.77
20170628,21.07,31.88,2.95,61.55,33.14
20170629,20.62,32.95,2.94,55.82,35.44
20170630,20.82,31.03,2.86,62.92,31.96
20170701,26.99,32.9,2.72,53.13,35.67
20170702,25.79,35.21,2.83,48.37,39.33
20170703,23.61,34.95,6.0,51.51,38.07
20170704,21.93,35.13,7.59,49.15,37.84
20170705,23.09,34.19,7.9,50.51,37.05
20170706,24.08,34.49,7.11,45.6,37.35
20170707,23.77,33.96,5.16,46.98,37.45
20170708,26.81,34.86,5.39,42.84,38.2
20170709,26.37,34.45,6.75,43.8,37.47
20170710,25.59,34.61,7.45,42.74,37.47
20170711,22.39,34.25,7.33,48.85,37.27
20170712,19.05,34.23,5.92,49.52,37.77
20170713,19.22,33.05,1.98,57.61,35.49
20170714,23.41,33.11,1.79,57.03,34.84
20170715,21.41,33.62,2.61,55.49,35.22
20170716,20.37,32.09,2.88,64.92,33.73
20170717,16.2,32.14,2.61,64.21,33.82
20170718,19.87,30.47,2.17,76.9,30.69
20170719,21.76,30.09,2.27,74.9,30.6
20170720,25.6,32.25,1.68,61.73,34.62
20170721,25.83,32.65,2.07,58.42,35.18
20170722,23.48,34.16,2.44,53.12,36.56
20170723,20.58,32.76,3.22,57.68,33.96
20170724,18.81,32.05,3.57,64.74,33.16
20170725,21.38,30.06,1.88,73.6,30.66
20170726,22.88,31.21,2.07,66.49,32.28
20170727,23.7,33.26,2.28,58.22,35.83
20170728,19.36,31.71,2.65,68.75,33.42
20170729,11.13,29.94,4.12,74.83,31.32
20170730,19.06,30.72,4.43,69.96,32.73
20170731,17.98,31.33,6.48,64.51,33.7
20170801,20.32,31.15,6.51,63.25,33.17
20170802,22.65,31.32,7.25,60.9,33.26
20170803,24.03,31.3,6.65,60.48,33.51
20170804,21.74,31.16,6.63,60.34,33.35
20170805,21.43,31.03,5.33,59.32,33.58
20170806,23.05,31.31,4.77,58.93,34.3
20170807,21.2,31.63,4.71,57.75,34.34
20170808,21.89,31.79,4.9,57.3,34.19
20170809,22.16,32.72,5.22,55.61,35.32
20170810,23.45,32.28,6.08,57.28,34.78
20170811,24.15,31.11,7.71,62.17,32.74
20170812,22.2,31.67,7.54,59.85,33.78
20170813,23.16,31.54,6.87,58.43,33.96
20170814,21.23,31.11,4.93,57.14,34.02
20170815,23.62,32.13,4.11,53.88,35.25
20170816,24.98,32.24,5.5,50.43,34.67
20170817,26.61,31.72,5.84,51.77,34.12
20170818,26.72,32.04,5.23,52.85,34.83
20170819,25.11,33.26,3.04,46.81,36.58
20170820,23.63,34.2,3.02,42.19,36.91
20170821,21.77,33.43,3.13,53.75,35.6
20170822,22.69,31.85,2.08,64.81,32.69
20170823,22.71,31.99,2.23,62.44,33.64
20170824,22.21,30.37,4.16,72.06,30.75
20170825,23.9,31.58,3.89,60.13,33.12
20170826,23.9,32.97,2.34,53.8,36.09
20170827,22.87,33.94,2.0,45.95,36.72
20170828,24.16,34.29,2.86,41.88,36.63
20170829,20.75,31.83,5.72,52.81,33.45
20170830,18.04,31.22,5.6,61.72,32.25
20170831,16.44,30.13,3.49,66.45,31.69
20170901,13.14,28.76,6.05,68.9,30.64
20170902,18.44,30.46,4.03,64.84,33.59
20170903,19.96,31.96,3.35,58.39,35.36
20170904,21.06,31.34,4.56,54.78,33.88
20170905,23.05,31.29,5.1,51.67,33.56
20170906,23.51,30.66,4.62,54.43,33.2
20170907,23.39,30.28,4.25,54.51,32.9
20170908,23.2,31.07,3.19,49.64,33.72
20170909,23.97,32.3,3.02,46.05,35.07
20170910,23.1,32.51,3.85,47.19,35.12
20170911,19.84,31.78,2.82,52.93,34.45
20170912,22.17,32.96,1.72,48.18,35.8
20170913,22.61,33.65,1.71,41.09,36.74
20170914,21.49,32.83,2.55,45.61,35.46
20170915,22.42,32.94,2.23,42.97,35.23
20170916,20.16,33.17,2.98,39.94,35.28
20170917,21.36,32.76,1.95,40.77,34.72
20170918,22.71,34.39,1.01,23.07,34.69
20170919,23.63,32.85,1.81,33.06,34.83
20170920,23.0,33.84,1.6,33.17,35.88
20170921,23.01,34.33,1.55,24.95,35.2
20170922,21.98,32.59,1.86,29.4,34.11
20170923,22.78,31.94,4.04,41.15,33.78
20170924,20.97,30.67,4.76,42.18,32.27
20170925,22.54,30.35,3.94,45.31,32.51
20170926,22.89,30.47,3.1,41.54,32.69
20170927,22.34,31.28,3.31,38.35,33.17
20170928,22.95,31.49,3.04,31.98,33.35
20170929,22.48,31.17,3.7,31.58,32.71
20170930,22.31,31.66,3.18,29.07,32.97
20171001,22.32,30.99,3.73,28.22,32.2
20171002,22.68,30.47,3.31,31.42,32.13
20171003,22.38,30.92,2.75,33.11,32.66
20171004,21.59,30.96,2.54,33.84,32.88
20171005,21.57,32.03,1.62,27.15,32.86
20171006,20.92,31.89,1.9,24.43,32.46
20171007,20.6,32.18,0.93,21.07,31.93
20171008,20.95,32.47,1.15,19.76,32.25
20171009,21.4,31.73,1.83,20.67,32.24
20171010,21.29,31.11,2.12,21.98,31.77
20171011,21.14,30.57,2.46,22.03,31.7
20171012,20.93,30.23,2.43,22.34,31.0
20171013,21.12,31.11,2.47,18.41,30.48
20171014,20.37,31.16,2.5,17.27,29.99
20171015,20.39,29.88,3.82,22.14,29.09
20171016,20.13,30.3,2.29,21.24,29.64
20171017,20.49,30.92,1.76,16.03,29.2
20171018,20.47,30.26,2.52,15.78,29.0
20171019,20.22,30.33,2.2,14.55,29.24
20171020,19.99,29.12,2.75,16.61,29.02
20171021,18.98,28.78,2.19,18.44,28.83
20171022,19.34,27.74,3.55,15.97,26.8
20171023,19.74,26.74,3.13,13.22,25.43
20171024,19.59,27.92,1.69,11.74,26.02
20171025,19.42,26.7,2.46,17.35,26.64
20171026,18.64,27.68,3.37,30.47,27.72
20171027,17.49,26.56,3.27,30.22,27.09
20171028,17.39,26.58,1.97,15.43,25.54
20171029,17.43,27.26,1.86,17.34,26.08
20171030,16.59,26.59,2.16,19.38,25.37
20171031,17.04,27.46,1.74,20.28,25.86
20171101,17.63,27.0,1.93,22.64,26.42
20171102,17.32,27.53,1.86,20.67,26.09
20171103,16.78,26.56,2.07,22.05,25.55
20171104,16.44,25.71,2.41,23.98,25.28
20171105,12.58,23.72,3.13,31.5,23.88
20171106,13.55,24.05,2.58,30.9,23.7
20171107,15.56,24.78,1.86,25.02,24.0
20171108,16.16,24.94,1.62,25.44,24.61
20171109,14.82,23.99,1.73,26.96,23.87
20171110,14.39,23.4,2.23,27.6,23.64
20171111,13.68,23.19,2.39,28.49,22.72
20171112,13.49,22.78,2.12,30.56,22.77
20171113,14.03,22.79,2.66,29.82,22.95
20171114,12.6,21.42,3.52,40.34,21.79
20171115,10.8,19.16,2.67,44.56,20.5
20171116,9.92,18.37,3.64,50.14,19.16
20171117,12.83,17.96,3.51,44.78,18.44
20171118,14.32,17.63,3.38,37.71,18.04
20171119,15.08,18.13,2.75,32.46,17.62
20171120,15.94,18.74,2.24,27.9,17.81
20171121,15.7,18.65,1.81,24.19,17.31
20171122,15.87,19.03,2.26,20.24,17.33
20171123,15.94,19.76,1.64,15.98,17.79
20171124,15.27,19.0,2.57,16.01,18.1
20171125,15.57,19.68,2.18,15.57,18.6
20171126,15.54,20.29,2.41,16.48,19.46
20171127,14.67,20.89,2.27,19.69,18.9
20171128,14.91,20.81,2.54,23.17,19.06
20171129,15.53,19.7,2.68,24.07,19.48
20171130,14.94,19.31,2.66,23.1,18.68
20171201,13.72,18.63,3.24,23.79,18.41
20171202,14.51,19.09,3.06,25.17,18.99
20171203,12.18,18.6,3.07,28.95,18.78
20171204,11.63,18.1,2.7,29.44,18.41
20171205,9.29,17.42,4.39,28.87,17.34
20171206,13.86,15.59,3.52,25.92,15.89
20171207,15.23,16.2,3.0,20.06,15.56
20171208,14.49,16.59,2.21,17.9,15.75
20171209,14.62,18.37,2.45,17.55,16.84
20171210,2.68,17.59,2.95,48.18,17.68
20171211,10.84,15.71,3.39,71.75,16.95
20171212,13.43,14.68,2.06,43.95,13.33
20171213,13.18,14.34,3.3,30.56,14.26
20171214,11.38,13.02,3.83,35.81,13.48
20171215,10.99,13.18,3.58,42.05,13.65
20171216,13.82,12.45,3.83,38.96,12.62
20171217,14.44,13.4,3.51,27.75,12.98
20171218,13.36,15.24,2.71,24.39,13.99
20171219,14.46,17.53,1.96,22.89,15.91
20171220,11.19,19.59,1.41,19.94,17.79
20171221,12.24,19.4,1.86,25.82,17.52
20171222,14.49,19.34,2.2,29.96,17.33
20171223,14.58,19.35,1.32,25.17,16.49
20171224,13.6,18.04,2.55,26.46,16.49
20171225,14.11,18.0,2.29,26.21,16.26
20171226,11.66,18.8,2.32,22.89,16.96
20171227,13.04,19.67,1.77,19.83,17.39
20171228,14.17,18.56,2.93,24.03,17.52
20171229,14.06,16.34,3.29,29.99,15.99
20171230,14.58,15.76,2.61,21.0,14.44
20171231,14.63,16.11,2.17,18.2,14.51
20180101,15.26,16.39,1.7,17.29,13.77
20180102,15.26,15.82,2.15,19.69,13.96
20180103,15.26,15.94,2.58,23.27,14.36
20180104,14.4,16.37,2.17,20.82,14.44
20180105,13.22,14.76,2.5,25.17,14.62
20180106,11.63,13.26,2.51,33.56,13.21
20180107,14.32,14.04,2.43,32.06,13.67
20180108,14.29,14.76,2.51,26.4,13.85
20180109,14.76,14.54,3.59,26.4,14.52
20180110,13.98,15.68,2.78,26.31,15.49
20180111,13.29,17.91,1.52,19.46,16.07
20180112,12.66,19.3,2.56,24.55,17.45
20180113,14.77,19.7,1.36,22.08,17.44
20180114,15.77,18.98,2.55,17.73,16.91
20180115,16.18,17.61,2.48,18.32,16.58
20180116,15.73,17.49,3.45,19.88,16.57
20180117,15.47,18.94,2.43,31.34,17.77
20180118,14.86,16.87,3.63,28.8,16.22
20180119,15.17,14.9,2.75,22.29,14.7
20180120,16.46,16.62,1.97,19.92,14.55
20180121,16.69,17.2,2.46,18.3,15.11
20180122,16.39,17.06,2.54,20.5,16.02
20180123,14.7,16.58,3.24,24.2,15.3
20180124,15.27,17.09,1.65,24.77,15.91
20180125,16.34,16.5,3.02,26.19,15.95
20180126,16.37,18.27,1.82,26.28,16.56
20180127,16.32,18.64,1.54,22.28,17.07
20180128,15.86,18.11,2.52,20.12,17.39
20180129,15.45,19.78,1.96,17.76,18.93
20180130,15.42,20.47,2.22,22.45,19.75
20180131,15.09,20.79,2.51,26.91,20.38
20180201,15.39,20.35,2.87,30.72,20.36
20180202,16.69,17.81,2.79,26.26,18.36
20180203,16.61,18.47,2.31,20.3,18.15
20180204,18.49,16.89,3.74,15.46,17.28
20180205,11.5,16.92,3.46,13.02,16.84
20180206,17.53,17.17,4.77,14.32,17.11
20180207,18.37,17.72,2.33,11.07,16.73
20180208,18.49,18.65,1.44,10.06,16.98
20180209,18.5,18.91,2.12,11.44,17.49
20180210,18.27,19.33,2.96,13.99,19.57
20180211,12.73,17.11,3.59,27.96,17.59
20180212,16.19,16.24,2.78,54.1,17.39
20180213,18.09,18.59,3.3,34.32,19.39
20180214,16.11,18.47,3.1,31.26,19.74
20180215,16.83,20.14,2.04,33.21,21.31
20180216,17.75,22.14,2.06,31.18,22.19
20180217,17.92,22.68,3.3,27.22,21.86
20180218,16.1,23.54,2.89,21.81,22.94
20180219,17.98,24.04,2.52,21.29,24.89
20180220,18.4,25.14,2.3,20.57,25.84
20180221,18.58,25.4,2.38,24.48,25.48
20180222,18.71,26.3,1.45,19.47,25.62
20180223,15.01,25.85,1.68,23.38,25.7
20180224,18.3,21.91,2.91,37.68,22.58
20180225,19.65,22.23,3.99,35.98,23.59
20180226,18.9,23.81,2.17,33.5,25.05
20180227,18.79,25.79,1.63,31.1,26.76
20180228,14.55,26.66,2.29,28.5,27.76
20180301,18.71,26.15,3.23,27.31,26.48
20180302,19.79,26.33,2.2,27.54,27.19
20180303,16.28,25.82,2.95,27.77,27.12
20180304,18.53,23.98,2.68,35.02,26.31
20180305,21.62,24.24,2.83,29.38,26.34
20180306,21.03,24.11,2.49,20.07,25.46
20180307,21.65,24.83,2.72,19.43,26.14
20180308,22.56,25.93,2.74,15.43,26.6
20180309,22.15,26.16,3.11,16.27,27.19
20180310,21.61,26.04,4.0,18.92,26.91
20180311,22.94,26.88,2.29,17.49,27.05
20180312,22.78,27.55,2.29,15.12,28.31
20180313,23.74,26.66,4.54,19.42,27.9
20180314,21.79,26.4,4.24,34.14,27.68
20180315,21.62,27.57,1.67,24.03,28.64
20180316,23.32,25.99,3.21,15.21,26.83
20180317,23.66,26.1,3.05,14.31,28.38
20180318,22.77,27.2,3.8,16.54,28.71
20180319,21.26,27.44,2.72,25.85,29.66
20180320,22.44,26.01,4.33,29.88,27.79
20180321,22.73,24.84,2.65,28.32,27.5
20180322,23.81,24.17,2.85,31.83,26.33
20180323,24.07,25.77,2.07,27.95,27.9
20180324,24.71,27.91,2.05,21.9,29.85
20180325,24.68,29.39,2.23,16.0,29.99
20180326,25.16,29.21,2.46,12.97,29.7
20180327,25.22,29.5,3.97,11.05,29.75
20180328,24.44,30.0,3.77,11.08,31.08
20180329,25.41,30.55,3.32,10.27,31.58
20180330,25.65,31.91,3.35,6.76,30.96
20180331,25.9,31.04,2.28,10.48,32.73
20180401,25.66,31.24,2.3,14.6,33.0
20180402,21.98,31.47,3.84,17.77,32.86
20180403,24.16,32.04,2.76,17.77,34.09
20180404,23.79,32.44,2.19,17.98,34.65
20180405,22.1,32.52,2.77,20.06,33.58
20180406,22.71,32.86,1.75,22.27,34.88
20180407,24.28,32.35,2.4,25.46,35.2
20180408,23.18,33.17,3.37,19.85,35.39
20180409,20.02,33.9,3.17,21.98,36.35
20180410,21.85,31.81,3.35,27.88,33.13
20180411,23.44,32.45,2.75,22.12,34.51
20180412,24.18,30.63,3.19,26.11,33.44
20180413,21.18,31.57,3.63,23.19,34.42
20180414,22.74,31.85,3.1,16.93,34.63
20180415,25.58,32.83,2.48,16.95,35.96
20180416,24.62,32.07,2.42,22.93,35.56
20180417,25.7,31.37,2.42,21.45,34.5
20180418,25.35,32.66,2.88,18.72,34.92
20180419,24.61,32.41,3.75,17.43,34.66
20180420,27.31,28.44,6.42,16.99,29.9
20180421,28.1,27.62,2.23,6.86,29.04
20180422,28.32,28.01,2.34,12.14,30.2
20180423,28.96,31.36,1.77,8.82,31.93
20180424,28.03,32.09,3.3,7.51,33.47
20180425,27.08,33.45,4.99,15.2,34.87
20180426,26.21,34.24,4.66,16.05,35.32
20180427,24.81,35.4,5.16,23.61,37.16
20180428,26.17,36.39,4.72,19.66,38.29
20180429,26.67,36.28,5.58,19.15,37.72
20180430,27.83,36.36,6.05,18.64,37.77
20180501,26.82,37.46,7.2,18.7,38.92
20180502,25.68,36.43,4.78,21.21,38.76
20180503,22.78,35.94,3.34,20.38,38.86
20180504,24.62,35.06,2.39,15.9,38.1
20180505,24.37,35.8,3.2,14.69,38.55
20180506,27.0,34.46,5.43,16.08,36.86
20180507,24.36,33.76,3.9,25.3,37.25
20180508,25.62,32.91,2.67,29.43,35.45
20180509,25.85,34.85,2.26,25.71,36.8
20180510,26.78,36.61,1.65,20.17,39.39
20180511,25.42,36.66,3.78,22.16,39.23
20180512,28.12,35.62,5.55,17.54,37.73
20180513,21.48,35.32,2.22,21.99,39.0
20180514,21.37,35.46,2.64,20.35,37.89
20180515,21.06,36.69,2.98,19.69,38.82
20180516,23.11,36.87,1.85,17.73,39.66
20180517,22.64,37.17,2.38,16.96,39.19
20180518,25.26,35.83,2.3,16.85,38.48
20180519,24.97,35.93,1.65,16.82,39.0
20180520,26.24,35.35,2.87,17.74,38.55
20180521,26.01,36.31,3.06,16.49,39.25
20180522,27.87,35.96,3.33,11.67,39.39
20180523,27.93,35.71,3.25,10.94,39.22
20180524,28.32,36.2,2.02,5.84,38.75
20180525,29.36,36.45,3.12,11.26,38.74
20180526,28.12,36.5,5.32,8.56,38.1
20180527,29.06,36.79,3.13,6.5,38.98
20180528,28.33,38.26,2.2,6.01,39.82
20180529,27.37,37.58,6.89,16.03,39.09
20180530,25.35,37.14,5.06,29.1,39.61
20180531,25.95,38.42,4.06,20.51,40.98
20180601,26.48,38.59,6.33,19.16,40.51
20180602,27.25,38.56,7.37,17.81,40.44
20180603,27.12,37.44,6.22,18.59,39.77
20180604,25.87,37.18,5.81,26.11,40.0
20180605,25.82,37.41,5.76,30.54,40.25
20180606,23.96,39.03,4.27,23.6,42.16
20180607,25.23,39.14,4.22,29.33,43.4
20180608,22.96,37.7,5.48,35.36,41.4
20180609,23.83,37.15,6.66,39.07,40.05
20180610,22.41,37.27,3.88,39.03,41.56
20180611,24.86,39.11,6.15,29.46,42.15
20180612,23.27,38.54,9.25,33.15,41.06
20180613,19.83,36.08,11.77,38.73,37.92
20180614,17.89,34.99,11.48,42.38,37.24
20180615,19.04,35.17,11.84,43.85,37.44
20180616,19.14,35.21,10.63,43.11,37.5
20180617,21.83,35.32,8.06,43.66,38.38
20180618,20.22,35.34,5.51,42.33,38.35
20180619,24.17,36.85,3.81,34.46,40.27
20180620,26.08,37.11,4.46,25.83,40.3
20180621,25.91,37.11,2.69,29.11,41.27
20180622,26.62,38.24,4.8,29.45,41.73
20180623,26.34,38.02,4.35,32.43,41.84
20180624,24.77,36.44,3.71,38.17,39.34
20180625,26.6,36.29,4.52,37.2,39.32
20180626,26.66,33.25,5.12,50.93,34.35
20180627,24.01,32.79,3.08,51.79,35.91
20180628,13.25,31.53,4.3,54.41,34.29
20180629,14.34,30.41,3.3,69.46,31.81
20180630,20.44,29.85,2.64,75.09,31.4
20180701,23.32,33.05,5.23,55.12,35.77
20180702,25.19,34.5,8.31,46.07,36.95
20180703,24.52,34.36,8.87,51.19,36.95
20180704,18.2,33.78,6.83,49.3,36.89
20180705,20.24,33.75,3.97,50.08,37.41
20180706,20.93,34.28,2.46,47.43,37.9
20180707,24.35,34.8,4.87,42.48,38.08
20180708,26.06,35.15,5.76,40.3,38.1
20180709,26.52,35.73,5.96,39.79,38.72
20180710,25.5,36.13,6.02,41.35,39.39
20180711,24.67,35.27,6.57,43.58,38.33
20180712,26.22,35.26,6.8,43.25,38.38
20180713,21.06,35.21,5.4,46.06,37.94
20180714,24.29,35.71,3.65,44.6,39.04
20180715,18.26,35.19,3.91,46.77,38.13
20180716,23.84,32.59,2.43,63.82,33.86
20180717,20.8,31.09,1.36,70.02,31.78
20180718,18.34,33.27,1.75,58.19,36.65
20180719,23.7,34.58,1.46,53.58,37.43
20180720,20.66,32.8,3.36,59.57,34.83
20180721,23.13,31.38,4.75,66.8,32.2
20180722,19.45,31.19,5.46,65.24,31.84
20180723,20.47,31.26,3.89,64.64,32.19
20180724,17.8,33.5,3.84,53.77,35.6
20180725,22.74,34.09,6.59,49.93,36.18
20180726,17.22,32.77,6.39,54.04,35.1
20180727,15.09,32.83,5.27,52.9,35.61
20180728,21.15,33.22,5.36,50.22,35.73
20180729,23.15,32.87,5.32,51.12,35.52
20180730,23.66,33.08,5.6,47.58,35.67
20180731,24.43,33.02,6.54,47.83,35.22
20180801,24.81,33.03,6.89,46.74,35.2
20180802,25.23,32.45,7.0,48.71,34.61
20180803,22.62,32.54,6.92,48.47,34.7
20180804,20.81,32.76,7.05,50.07,35.0
20180805,21.84,32.34,6.78,52.11,34.42
20180806,24.47,33.06,6.45,49.19,35.51
20180807,18.75,33.06,4.69,47.71,35.99
20180808,17.35,33.19,3.6,48.1,36.44
20180809,13.79,30.7,1.56,66.05,31.71
20180810,22.29,32.16,3.23,60.07,34.19
20180811,23.97,32.55,6.51,51.35,34.62
20180812,21.59,32.72,6.37,52.2,34.89
20180813,18.28,32.65,5.08,52.14,35.26
20180814,16.73,33.45,4.91,50.78,36.11
20180815,15.18,32.93,4.63,51.91,35.32
20180816,17.81,32.36,2.98,53.43,35.52
20180817,18.8,33.13,1.59,53.34,36.28
20180818,22.04,31.05,1.83,67.95,32.51
20180819,20.37,32.15,3.65,61.06,34.35
20180820,23.82,32.96,4.72,55.68,35.37
20180821,20.03,32.83,4.64,52.45,35.25
20180822,21.98,33.34,4.7,49.01,35.83
20180823,23.6,32.02,6.94,53.48,33.66
20180824,23.42,32.11,6.78,53.88,34.22
20180825,22.69,32.19,5.97,53.01,34.75
20180826,22.59,31.59,4.91,52.22,34.34
20180827,22.29,32.41,3.03,48.22,35.64
20180828,22.6,33.2,2.14,44.9,36.29
20180829,20.08,32.66,2.21,47.61,34.63
20180830,23.03,33.3,5.25,48.05,35.69
20180831,23.36,32.33,6.38,51.01,34.46
20180901,21.48,31.86,5.41,51.55,34.13
20180902,23.22,31.84,4.39,49.78,34.18
20180903,22.55,32.2,4.47,48.04,34.79
20180904,21.64,32.17,4.43,46.55,34.8
20180905,22.08,31.56,4.89,43.14,33.75
20180906,23.03,31.22,3.8,41.07,33.83
20180907,21.18,29.87,4.34,50.36,31.62
20180908,17.38,32.42,2.11,43.89,34.35
20180909,13.2,32.56,1.67,44.12,35.47
20180910,20.64,32.61,2.81,49.44,35.76
20180911,22.36,33.1,5.2,49.31,35.21
20180912,23.0,31.67,6.51,47.98,33.5
20180913,22.64,30.76,6.12,48.57,32.71
20180914,22.7,30.83,5.62,48.77,32.89
20180915,23.15,30.32,4.9,45.96,32.31
20180916,22.27,30.09,3.81,44.61,32.38
20180917,22.16,30.32,3.57,38.36,32.37
20180918,22.56,31.05,4.24,37.07,32.75
20180919,22.46,31.28,4.53,34.11,32.83
20180920,22.76,31.32,3.43,32.41,32.81
20180921,22.74,32.18,2.87,27.47,33.82
20180922,19.99,30.8,5.14,51.26,32.93
20180923,20.47,29.75,3.84,54.51,31.62
20180924,20.83,30.94,1.92,41.97,32.7
20180925,21.58,31.01,3.35,35.08,32.46
20180926,22.64,30.62,3.22,31.21,32.42
20180927,21.93,30.74,3.4,29.3,32.64
20180928,16.87,31.37,2.86,29.18,33.03
20180929,20.14,31.63,2.85,26.77,33.3
20180930,20.7,32.26,3.01,29.01,33.91
20181001,21.2,32.36,3.04,27.25,33.3
20181002,21.18,32.0,3.06,24.97,32.96
20181003,21.55,31.74,2.3,23.04,32.49
20181004,21.78,31.78,1.9,20.84,32.35
20181005,21.2,30.78,2.31,22.71,31.86
20181006,20.53,31.21,1.66,20.98,31.51
20181007,21.2,30.83,1.51,20.07,31.41
20181008,20.61,30.68,2.5,18.79,31.28
20181009,18.63,29.43,3.2,22.2,30.45
20181010,19.65,27.69,2.33,29.27,28.74
20181011,19.84,28.3,1.93,22.03,28.55
20181012,19.18,26.93,3.5,23.4,28.03
20181013,19.46,26.76,2.59,23.78,28.12
20181014,19.71,27.51,2.65,20.32,27.97
20181015,19.16,28.56,2.28,19.12,28.41
20181016,16.01,28.64,2.99,21.9,29.26
20181017,18.83,28.27,2.61,20.33,29.03
20181018,19.4,28.72,1.7,18.41,27.83
20181019,19.39,27.92,2.3,17.39,27.05
20181020,17.97,26.71,2.24,21.06,27.15
20181021,18.29,26.28,2.44,23.83,27.01
20181022,18.74,26.48,2.39,20.29,26.49
20181023,19.4,27.05,2.94,17.56,26.77
20181024,17.09,27.27,2.62,18.0,27.28
20181025,15.13,27.49,2.0,24.84,27.64
20181026,17.26,27.3,2.02,29.56,28.65
20181027,17.37,27.15,2.45,24.28,27.98
20181028,17.33,26.81,2.55,25.33,27.81
20181029,17.52,27.01,2.81,25.42,27.96
20181030,17.62,26.8,3.01,22.03,27.57
20181031,17.49,26.75,2.69,21.66,27.33
20181101,16.62,26.8,2.98,22.7,26.88
20181102,16.36,26.5,2.55,25.31,26.38
20181103,15.38,24.94,2.5,26.81,25.04
20181104,17.96,21.88,3.54,21.26,22.13
20181105,18.41,20.93,2.51,13.88,20.8
20181106,17.33,21.34,2.11,14.73,20.36
20181107,16.87,22.24,2.39,14.63,21.03
20181108,17.53,23.02,2.46,14.46,22.25
20181109,16.63,23.21,2.15,14.95,22.7
20181110,16.91,23.81,1.92,15.78,22.74
20181111,15.19,24.64,2.18,16.59,23.05
20181112,13.9,24.59,2.14,21.04,23.43
20181113,12.23,24.77,1.62,24.3,23.95
20181114,12.78,23.64,2.11,26.71,22.77
20181115,14.22,22.47,2.79,25.52,21.59
20181116,14.47,22.21,2.12,26.37,21.5
20181117,15.71,23.34,2.91,23.3,22.91
20181118,15.32,24.4,3.09,25.05,24.25
20181119,14.71,24.7,1.63,27.51,24.29
20181120,13.7,22.37,3.24,30.0,22.28
20181121,14.51,21.54,2.12,28.36,20.92
20181122,14.27,21.45,2.77,23.5,21.52
20181123,14.28,21.3,3.41,28.12,21.45
20181124,15.11,21.33,2.02,27.88,20.3
20181125,15.44,22.84,2.77,24.03,20.94
20181126,13.33,23.02,1.68,20.99,21.79
20181127,9.29,22.11,2.09,22.89,20.21
20181128,13.85,21.82,2.14,27.83,21.71
20181129,13.66,20.96,2.66,35.72,20.63
20181130,13.51,22.06,1.62,28.16,20.65
20181201,14.47,20.93,2.24,26.54,19.37
20181202,14.56,19.87,2.85,22.2,18.47
20181203,14.43,19.01,2.85,25.24,18.63
20181204,13.34,19.81,2.18,23.71,18.53
20181205,13.74,19.78,1.4,23.36,18.23
20181206,13.81,19.34,2.19,25.17,18.38
20181207,13.17,18.5,2.41,29.17,17.94
20181208,13.4,18.37,2.38,27.63,17.92
20181209,13.67,19.02,2.43,27.46,18.13
20181210,8.85,18.47,2.68,33.06,18.15
20181211,11.48,17.61,3.11,40.34,18.31
20181212,12.18,15.48,3.3,52.0,15.97
20181213,13.35,15.37,2.36,45.0,15.4
20181214,12.94,13.65,3.16,43.17,13.88
20181215,13.81,13.32,2.83,42.94,13.54
20181216,14.37,13.26,2.94,36.15,13.16
20181217,14.1,14.04,2.55,29.69,12.93
20181218,14.89,16.3,1.01,20.27,12.88
20181219,14.71,16.74,1.71,16.29,13.15
20181220,14.37,16.65,2.19,14.2,13.46
20181221,13.9,15.39,2.11,16.88,13.38
20181222,13.84,14.71,2.49,19.02,13.3
20181223,14.35,13.88,2.8,21.98,13.71
20181224,10.88,12.37,3.49,33.98,12.17
20181225,12.9,13.9,2.31,25.43,12.29
20181226,14.04,14.16,3.82,23.59,12.47
20181227,14.5,14.17,2.55,20.39,12.9
20181228,14.85,14.52,2.58,20.26,12.44
20181229,14.79,16.17,2.62,16.63,13.58
20181230,14.64,16.83,2.03,14.19,14.6
20181231,14.06,15.37,2.38,15.92,13.89
20190101,13.76,16.14,1.97,18.47,14.38
20190102,14.05,16.76,2.43,25.57,15.56
20190103,12.99,15.74,2.5,28.36,15.79
20190104,8.48,16.22,2.52,24.98,14.68
20190105,12.57,16.28,3.26,27.31,15.79
20190106,13.26,12.81,3.97,47.93,13.27
20190107,13.42,13.28,2.5,46.75,13.55
20190108,13.61,13.61,2.46,42.37,13.96
20190109,13.19,16.01,1.46,35.63,14.9
20190110,13.41,16.25,2.94,35.41,15.62
20190111,11.45,17.59,2.12,32.54,17.66
20190112,7.52,17.34,2.87,41.13,17.62
20190113,11.25,16.15,3.72,41.35,16.56
20190114,15.01,13.25,3.3,35.53,13.71
20190115,14.6,14.99,1.84,24.36,14.79
20190116,13.69,16.52,1.86,19.13,15.11
20190117,14.58,15.56,3.66,22.1,15.47
20190118,13.89,17.18,2.82,26.52,16.85
20190119,12.37,16.66,2.27,29.46,17.22
20190120,11.59,17.62,3.24,30.7,17.48
20190121,8.74,13.79,3.43,68.08,13.88
20190122,13.76,13.64,2.85,56.72,13.36
20190123,16.37,13.62,2.31,35.3,13.51
20190124,14.66,12.93,3.81,43.81,13.61
20190125,13.74,12.61,2.08,43.12,13.16
20190126,16.73,12.18,2.89,34.19,12.97
20190127,14.24,13.51,1.95,31.23,14.28
20190128,15.93,14.62,1.98,30.57,14.25
20190129,16.33,15.66,1.88,31.06,15.24
20190130,12.12,16.5,3.11,25.84,16.88
20190131,13.69,15.04,3.76,41.4,16.46
20190201,14.57,12.62,4.04,59.75,13.97
20190202,16.51,12.89,3.55,56.11,13.83
20190203,16.05,14.26,2.96,43.94,14.76
20190204,16.56,16.22,3.28,33.67,16.81
20190205,16.87,17.74,2.46,25.71,18.04
20190206,16.2,16.47,3.85,34.79,17.42
20190207,15.48,12.28,4.27,31.03,13.03
20190208,17.94,12.94,3.95,28.09,13.42
20190209,17.81,12.9,2.41,37.61,13.89
20190210,15.26,15.54,2.71,29.34,15.94
20190211,13.63,16.39,3.53,23.1,16.91
20190212,17.47,18.56,4.56,23.67,19.71
20190213,14.75,18.76,3.25,27.05,19.63
20190214,16.26,17.44,4.34,36.01,17.72
20190215,19.42,17.05,2.48,36.93,17.84
20190216,19.36,16.83,2.82,31.72,17.85
20190217,13.05,18.33,2.57,22.63,19.06
20190218,17.48,20.93,4.95,29.07,21.61
20190219,14.49,19.72,3.53,45.63,20.81
20190220,9.58,21.77,4.21,54.96,22.76
20190221,15.6,18.27,3.44,53.13,19.96
20190222,21.57,16.49,2.67,32.93,18.12
20190223,18.51,16.78,1.52,24.53,17.44
20190224,20.01,18.79,3.07,19.47,18.24
20190225,20.68,17.42,4.1,20.71,17.73
20190226,13.41,16.57,3.08,24.06,17.66
20190227,20.18,16.25,2.97,28.68,17.86
20190228,20.73,18.2,2.64,22.31,18.38
20190301,14.39,19.89,4.3,19.53,21.16
20190302,6.76,21.1,4.25,24.13,21.62
20190303,16.41,17.9,5.05,50.49,19.77
20190304,17.84,17.5,3.36,50.25,19.43
20190305,22.01,20.45,1.9,38.82,21.23
20190306,22.15,22.3,1.56,28.78,22.69
20190307,20.62,23.76,1.35,26.04,24.27
20190308,20.89,22.8,4.99,30.76,24.58
20190309,20.98,20.44,3.81,39.27,22.43
20190310,21.85,21.99,2.78,29.17,24.24
20190311,19.84,21.13,3.61,39.86,23.17
20190312,17.6,19.91,3.05,36.01,21.79
20190313,19.71,21.56,2.07,32.44,24.55
20190314,21.4,21.05,3.28,35.23,23.3
20190315,22.98,20.92,3.69,33.04,23.0
20190316,18.38,20.31,3.01,31.61,21.92
20190317,23.07,23.39,1.71,29.93,24.36
20190318,12.18,24.01,2.38,30.0,24.41
20190319,23.94,24.45,4.55,28.6,25.46
20190320,22.65,23.91,2.32,33.53,26.71
20190321,23.59,24.55,3.92,31.07,26.88
20190322,23.51,25.24,3.5,23.82,27.42
20190323,22.77,27.27,3.38,20.08,28.32
20190324,20.31,24.94,4.07,30.49,26.53
20190325,21.92,25.72,2.99,34.99,28.11
20190326,24.27,26.94,2.09,25.65,29.14
20190327,22.48,29.53,2.87,19.19,31.07
20190328,23.53,31.47,3.15,19.6,32.74
20190329,20.84,31.54,2.57,22.57,33.24
20190330,24.47,30.49,4.37,24.09,31.78
20190331,25.22,29.07,3.39,9.77,30.64
20190401,26.26,30.38,3.06,10.91,30.81
20190402,24.61,31.88,1.89,12.53,33.44
20190403,25.6,32.89,2.15,13.2,34.37
20190404,25.11,34.42,3.25,13.78,35.75
20190405,24.5,34.03,4.49,14.73,35.3
20190406,25.6,33.28,4.63,17.58,34.92
20190407,24.84,33.55,2.39,18.54,35.54
20190408,25.71,32.45,1.93,19.38,35.37
20190409,24.59,33.04,3.05,17.89,35.09
20190410,23.22,32.97,1.87,22.4,34.63
20190411,22.29,34.23,2.19,22.59,35.74
20190412,23.98,32.68,3.6,29.59,35.82
20190413,22.39,33.28,3.47,30.64,36.35
20190414,21.39,32.69,4.04,31.79,36.04
20190415,18.98,30.87,3.48,35.16,32.3
20190416,19.65,27.1,4.94,37.18,28.73
20190417,19.51,24.95,3.18,37.75,27.5
20190418,26.88,25.52,4.16,41.23,28.42
20190419,27.58,27.93,2.19,35.23,31.35
20190420,27.84,31.53,2.43,23.47,33.52
20190421,27.37,32.74,3.37,20.62,34.89
20190422,26.48,33.89,3.06,19.89,36.7
20190423,26.85,34.86,5.58,18.84,36.69
20190424,25.87,34.38,5.35,21.7,36.31
20190425,25.73,34.47,3.89,26.69,37.18
20190426,23.68,34.76,2.79,21.24,37.44
20190427,27.32,35.15,1.85,13.24,37.11
20190428,27.04,35.72,2.27,13.18,37.47
20190429,26.91,35.57,3.11,12.53,37.06
20190430,27.66,33.83,3.57,15.36,36.32
20190501,27.67,33.83,3.52,17.78,36.47
20190502,28.13,33.32,3.11,12.68,36.2
20190503,28.2,32.64,2.96,12.92,36.21
20190504,27.94,33.28,3.31,13.26,36.04
20190505,28.4,34.83,2.68,10.71,36.95
20190506,26.45,34.47,5.75,15.99,35.98
20190507,28.12,34.68,6.34,21.51,36.62
20190508,27.03,34.49,6.83,28.33,36.79
20190509,26.07,33.67,7.22,35.92,36.34
20190510,26.23,33.34,5.85,33.9,36.05
20190511,23.89,32.81,5.43,39.77,34.09
20190512,24.52,32.95,2.02,32.44,35.17
20190513,25.21,34.16,3.94,31.54,37.25
20190514,25.18,31.46,4.15,41.31,32.33
20190515,24.99,33.23,2.86,33.59,35.73
20190516,23.71,30.88,4.21,38.88,33.36
20190517,18.89,27.12,3.08,60.12,27.93
20190518,27.39,30.61,1.65,41.85,33.56
20190519,23.4,33.58,2.62,29.7,36.67
20190520,25.25,34.13,2.91,31.52,37.54
20190521,24.22,35.48,1.24,24.8,38.65
20190522,26.28,35.3,2.12,26.57,38.8
20190523,25.35,34.81,2.67,29.52,36.88
20190524,26.92,34.29,2.53,28.0,37.41
20190525,28.79,35.32,1.4,18.74,38.03
20190526,28.42,36.67,1.8,18.14,39.4
20190527,26.93,36.82,2.92,19.41,39.07
20190528,26.51,37.59,2.36,19.06,41.22
20190529,26.75,38.54,4.23,17.96,41.59
20190530,25.72,38.12,4.08,20.78,41.32
20190531,26.07,38.88,5.59,21.64,41.51
20190601,28.96,39.37,6.27,20.48,41.42
20190602,27.77,39.55,6.01,17.19,41.41
20190603,27.0,39.57,7.29,18.27,41.36
20190604,26.97,38.04,7.06,25.87,40.05
20190605,27.63,38.19,4.31,20.2,40.56
20190606,28.36,37.54,2.99,18.91,40.51
20190607,27.97,36.59,1.95,21.14,38.03
20190608,27.06,39.36,1.7,15.32,41.08
20190609,27.84,39.65,2.81,14.57,42.31
20190610,26.35,39.13,6.01,19.8,41.76
20190611,27.26,38.45,7.54,24.35,40.85
20190612,24.25,39.02,4.7,23.58,42.05
20190613,19.67,36.53,4.88,37.49,41.25
20190614,25.84,36.18,4.77,38.15,40.65
20190615,26.81,36.4,7.16,35.43,39.94
20190616,24.89,36.33,6.74,40.23,40.07
20190617,24.13,36.18,7.52,35.42,39.48
20190618,20.5,35.01,5.56,41.81,39.57
20190619,18.95,35.73,2.44,39.68,41.84
20190620,24.01,34.53,4.35,47.3,36.68
20190621,24.13,33.57,2.6,50.56,36.24
20190622,22.55,37.09,0.94,35.06,41.52
20190623,23.51,38.18,1.17,31.41,41.9
20190624,18.13,35.48,2.5,45.63,37.71
20190625,25.04,34.85,3.06,47.73,36.32
20190626,25.53,35.53,3.69,45.31,38.19
20190627,25.2,36.49,5.38,38.3,39.46
20190628,26.21,36.05,5.7,39.0,39.29
20190629,26.26,36.57,6.08,39.77,39.72
20190630,25.88,36.48,6.25,39.01,39.61
20190701,26.0,36.47,4.92,40.73,40.1
20190702,25.81,37.45,3.73,37.64,41.81
20190703,26.45,38.07,4.2,34.23,41.52
20190704,25.58,37.49,5.14,35.15,40.53
20190705,24.15,37.18,5.21,39.15,40.88
20190706,24.15,36.9,5.9,40.06,40.58
20190707,23.01,37.42,6.1,39.0,40.69
20190708,23.46,37.4,6.8,38.1,40.71
20190709,20.67,36.49,8.66,39.88,39.07
20190710,22.32,36.69,8.28,40.3,39.66
20190711,21.51,36.5,10.12,42.09,38.97
20190712,20.07,35.84,9.31,42.08,38.62
20190713,18.69,35.8,9.9,41.51,38.45
20190714,19.17,35.45,9.85,44.13,37.93
20190715,20.44,34.83,9.94,45.49,37.36
20190716,17.67,35.13,7.37,44.33,38.15
20190717,21.99,35.07,5.57,44.21,38.52
20190718,22.99,35.43,5.71,41.37,38.61
20190719,23.47,36.01,2.95,41.12,39.82
20190720,22.82,37.41,1.61,36.54,41.77
20190721,18.75,37.69,1.6,36.6,41.76
20190722,24.23,38.41,2.24,34.29,42.87
20190723,21.41,37.03,3.66,41.71,41.45
20190724,24.77,38.26,5.95,38.95,41.43
20190725,21.05,36.08,8.87,45.45,38.8
20190726,18.81,34.55,4.62,50.16,38.03
20190727,17.4,33.79,3.7,55.19,35.84
20190728,13.79,31.55,2.06,68.15,32.01
20190729,19.3,33.46,3.58,58.56,35.98
20190730,23.35,34.96,3.46,51.38,37.91
20190731,23.29,35.81,3.26,48.17,39.49
20190801,22.01,34.47,5.15,55.88,36.84
20190802,23.62,33.12,3.72,59.54,34.45
20190803,18.58,34.55,2.65,53.07,37.34
20190804,23.12,34.39,3.12,55.29,37.17
20190805,23.89,35.15,4.59,49.79,38.41
20190806,23.89,35.64,5.7,47.58,38.57
20190807,21.9,35.54,3.55,48.21,39.57
20190808,20.05,32.9,2.67,57.36,34.53
20190809,23.81,33.85,4.07,55.13,35.13
20190810,17.45,33.52,6.21,53.93,35.73
20190811,18.37,32.69,5.44,59.71,35.73
20190812,21.52,32.84,5.42,55.18,36.05
20190813,23.67,33.95,4.9,47.63,37.02
20190814,23.18,33.91,5.58,48.31,36.76
20190815,17.26,34.05,3.05,50.78,37.37
20190816,13.05,30.78,4.37,66.98,32.07
20190817,23.04,30.11,4.2,69.37,30.13
20190818,25.38,33.1,5.29,55.0,35.29
20190819,25.51,33.46,3.69,50.73,36.79
20190820,25.6,33.9,4.09,47.45,36.98
20190821,26.08,33.97,5.1,44.54,36.56
20190822,25.96,33.77,4.45,44.39,36.8
20190823,25.57,34.46,4.4,44.31,37.52
20190824,25.5,34.33,4.76,40.59,37.03
20190825,23.53,34.2,3.85,41.33,36.82
20190826,18.58,34.11,4.56,43.49,36.22
20190827,19.26,32.11,3.38,58.73,34.4
20190828,14.42,31.51,2.29,68.32,32.4
20190829,16.1,30.51,2.33,75.59,30.7
20190830,20.06,31.75,2.0,64.09,32.2
20190831,19.61,32.04,1.82,59.09,34.48
20190901,21.23,32.35,1.59,60.6,34.08
20190902,16.36,32.35,1.58,60.31,33.87
20190903,20.96,32.25,2.17,61.56,34.15
20190904,21.27,32.57,2.41,62.25,34.3
20190905,21.82,32.84,2.73,63.17,34.49
20190906,21.66,33.85,2.15,57.72,35.25
20190907,19.78,33.78,3.67,55.62,35.57
20190908,21.26,33.65,2.76,52.34,35.88
20190909,22.51,35.75,1.84,44.66,38.75
20190910,22.93,36.49,3.27,41.43,38.91
20190911,23.19,36.4,4.91,45.35,38.6
20190912,21.41,35.09,5.47,51.49,37.03
20190913,16.75,33.98,4.45,52.67,35.4
20190914,22.04,35.33,3.62,46.2,37.85
20190915,19.71,35.05,3.09,45.47,37.5
20190916,22.56,34.66,4.43,46.7,36.98
20190917,22.95,33.75,4.48,46.8,35.81
20190918,22.67,33.95,3.61,44.16,36.19
20190919,22.47,33.69,2.14,36.56,36.42
20190920,20.33,32.87,3.42,50.29,35.77
20190921,20.23,32.7,2.9,47.84,35.31
20190922,20.57,32.99,2.9,50.11,35.88
20190923,20.32,32.31,3.35,52.05,35.26
20190924,21.85,32.25,3.4,50.72,35.13
20190925,20.53,31.99,3.78,53.37,34.26
20190926,20.17,31.44,4.15,56.71,33.94
20190927,19.31,31.68,3.08,54.55,34.39
20190928,20.18,31.61,2.85,55.57,34.63
20190929,16.76,31.31,2.06,55.09,34.12
20190930,19.97,30.9,1.75,54.08,33.84
20191001,17.55,30.24,2.1,58.38,31.53
20191002,20.02,28.76,1.83,63.29,29.0
20191003,19.26,26.85,3.02,77.51,26.56
20191004,19.26,25.86,2.24,65.72,26.11
20191005,20.87,27.2,2.08,57.74,28.56
20191006,12.65,25.72,2.69,65.99,25.82
20191007,19.57,25.78,2.92,61.03,27.14
20191008,20.43,27.84,1.56,42.42,28.54
20191009,21.02,29.01,2.05,35.31,29.59
20191010,21.05,28.72,2.41,35.56,29.95
20191011,20.4,29.46,1.91,33.36,30.57
20191012,19.69,29.96,2.4,33.57,30.64
20191013,19.25,30.69,1.77,32.12,31.25
20191014,19.42,31.08,2.23,32.55,31.96
20191015,18.91,31.58,1.24,27.59,31.8
20191016,18.87,30.7,1.27,28.96,30.35
20191017,16.48,31.28,0.75,29.5,31.76
20191018,18.63,30.39,2.27,35.21,31.48
20191019,17.2,28.09,3.24,39.43,29.54
20191020,18.41,27.68,2.65,35.65,29.33
20191021,18.89,27.03,2.78,32.74,28.16
20191022,18.97,27.08,2.3,31.34,27.39
20191023,18.7,27.73,2.75,31.1,28.08
20191024,18.57,28.31,2.21,28.3,28.41
20191025,18.44,27.73,1.96,27.96,28.3
20191026,17.63,26.15,3.34,37.36,27.03
20191027,17.01,26.04,2.61,40.29,26.49
20191028,16.99,26.13,2.84,39.7,26.51
20191029,6.87,26.64,2.52,52.91,27.13
20191030,11.59,28.49,1.4,43.61,29.51
20191031,16.92,28.88,1.6,40.76,29.52
20191101,9.54,27.81,1.97,42.47,28.76
20191102,11.11,24.7,2.94,54.97,24.59
20191103,12.75,25.39,2.39,56.23,26.52
20191104,17.07,26.47,1.04,45.08,26.63
20191105,16.91,26.18,2.4,34.07,25.62
20191106,16.33,25.06,3.67,36.58,25.04
20191107,17.57,21.71,3.39,30.37,22.35
20191108,17.47,20.43,4.32,40.48,21.08
20191109,16.39,19.74,3.41,43.62,20.7
20191110,16.14,21.31,2.46,32.63,21.61
20191111,16.85,22.35,2.14,29.09,22.58
20191112,10.3,23.07,2.98,42.26,23.56
20191113,10.34,24.64,2.84,49.78,25.25
20191114,3.59,20.46,3.3,78.86,20.2
20191115,7.63,18.84,4.44,81.89,19.42
20191116,10.41,19.27,4.45,80.32,19.8
20191117,12.79,20.23,2.81,70.57,20.58
20191118,14.91,21.23,2.07,54.7,20.97
20191119,15.07,21.95,1.19,47.48,21.22
20191120,15.44,21.47,2.02,46.32,21.24
20191121,12.45,21.94,2.9,53.79,22.19
20191122,10.51,22.22,4.19,59.57,22.94
20191123,12.74,20.47,3.8,56.95,21.19
20191124,13.76,20.14,2.49,56.05,20.27
20191125,15.11,19.59,3.0,48.58,19.44
20191126,9.84,18.98,3.21,46.92,18.95
20191127,12.79,18.51,2.41,62.13,18.27
20191128,14.08,18.51,2.27,51.31,17.68
20191129,13.36,16.68,3.51,58.75,16.82
20191130,14.27,15.51,3.37,48.46,15.45
20191201,13.89,16.13,2.94,40.31,15.24
20191202,14.59,17.37,2.29,33.97,16.04
20191203,15.59,17.91,2.19,33.49,16.79
20191204,14.71,17.0,3.05,34.03,16.43
20191205,12.47,16.8,2.98,35.88,16.47
20191206,12.74,16.24,3.18,38.12,15.16
20191207,13.12,16.26,2.58,36.25,14.63
20191208,13.33,15.96,3.05,42.05,15.23
20191209,12.63,16.9,2.51,44.76,16.7
20191210,12.53,17.47,2.06,39.77,16.43
20191211,9.84,17.24,2.4,41.36,16.51
20191212,5.15,16.11,2.81,71.57,17.25
20191213,12.48,14.55,2.65,70.02,14.6
20191214,12.71,14.44,3.38,58.4,14.71
20191215,7.88,13.45,3.27,58.88,13.72
20191216,11.87,12.4,3.0,60.56,12.65
20191217,12.95,12.12,3.01,55.91,12.05
20191218,14.06,13.09,2.15,48.98,12.95
20191219,12.0,14.81,2.8,43.6,14.87
20191220,9.87,16.91,2.57,41.81,17.24
20191221,13.43,15.91,3.5,41.42,15.74
20191222,13.73,13.28,3.74,47.09,13.06
20191223,14.75,13.2,3.42,44.1,12.81
20191224,14.31,13.37,3.85,38.65,13.32
20191225,13.56,12.03,3.27,40.54,11.68
20191226,14.81,14.01,1.71,32.76,12.02
20191227,14.99,12.74,2.83,34.48,12.16
20191228,14.49,11.66,3.34,36.54,11.72
20191229,13.62,10.28,3.65,41.7,10.47
20191230,11.75,9.59,3.29,43.05,9.89
20191231,9.42,9.28,3.61,44.95,9.52
20200101,9.93,10.36,4.04,52.88,10.62
20200102,10.99,11.23,3.78,54.86,11.82
20200103,12.54,12.87,2.69,47.14,12.5
20200104,12.85,15.73,1.94,41.2,13.7
20200105,7.65,16.38,2.14,43.39,15.24
20200106,7.36,15.15,2.92,51.99,15.6
20200107,4.31,12.18,3.12,78.88,12.52
20200108,15.59,11.76,3.3,59.56,11.26
20200109,15.96,10.86,3.08,49.61,10.78
20200110,14.23,10.57,3.76,47.62,10.66
20200111,13.62,12.76,3.69,37.8,13.06
20200112,8.91,14.45,2.8,41.84,14.5
20200113,8.44,11.71,3.99,69.1,12.16
20200114,16.24,11.03,2.19,63.06,11.21
20200115,14.51,10.58,2.88,57.4,11.03
20200116,13.89,11.11,3.2,52.6,11.06
20200117,15.68,13.07,1.43,42.79,11.6
20200118,15.63,12.86,2.11,40.86,12.19
20200119,14.55,12.19,2.47,45.49,12.14
20200120,11.28,12.9,2.28,41.6,12.5
20200121,15.0,13.99,3.37,45.84,14.46
20200122,15.29,13.52,4.27,53.86,13.81
20200123,15.06,13.6,2.78,57.23,13.89
20200124,15.75,15.12,1.68,48.29,14.91
20200125,15.69,18.24,1.8,38.28,16.84
20200126,15.55,18.83,2.0,39.63,18.36
20200127,11.65,16.82,2.01,50.37,16.88
20200128,15.08,14.68,3.77,61.96,14.89
20200129,16.63,15.64,2.76,39.83,14.74
20200130,16.66,14.29,2.29,40.38,14.41
20200131,16.4,14.54,2.13,41.84,14.16
20200201,16.62,14.98,2.27,34.32,14.57
20200202,17.34,14.15,2.71,39.86,14.99
20200203,16.54,14.68,2.76,37.07,14.96
20200204,13.89,13.93,3.69,41.51,14.37
20200205,16.17,13.04,3.73,50.41,13.86
20200206,17.54,15.04,2.24,40.42,14.61
20200207,17.68,15.31,2.67,34.1,15.37
20200208,17.72,14.84,3.29,37.97,15.43
20200209,16.11,15.56,3.34,31.9,15.55
20200210,16.43,15.78,3.24,29.57,16.02
20200211,18.03,16.7,3.49,30.61,17.07
20200212,16.96,17.59,3.01,34.41,18.42
20200213,17.28,19.61,2.79,36.59,20.25
20200214,19.34,18.02,2.68,30.9,17.95
20200215,19.61,20.68,1.41,15.56,18.0
20200216,19.25,22.32,1.64,14.48,19.83
20200217,19.42,21.88,2.18,17.27,20.77
20200218,19.99,22.25,2.58,17.51,20.74
20200219,16.62,21.81,4.44,21.31,20.7
20200220,18.51,19.35,4.88,33.01,19.62
20200221,18.22,17.74,3.13,40.82,18.06
20200222,17.0,18.61,3.83,51.45,19.57
20200223,16.6,19.19,3.55,53.31,20.19
20200224,16.43,21.32,2.0,42.8,21.55
20200225,19.15,23.53,2.79,31.83,22.73
20200226,18.81,24.86,1.58,28.18,24.22
20200227,15.62,24.11,2.9,29.25,23.97
20200228,19.56,24.84,4.6,30.51,25.54
20200229,16.9,21.68,3.48,49.52,23.44
20200301,18.29,21.67,3.82,48.53,23.41
20200302,20.11,21.75,2.37,47.59,23.96
20200303,20.45,22.97,1.88,38.1,24.3
20200304,20.66,23.49,3.17,31.65,24.04
20200305,18.22,21.78,4.46,40.03,22.77
20200306,12.36,16.83,3.15,74.07,16.66
20200307,22.73,19.14,1.84,49.09,19.93
20200308,22.34,20.49,3.41,42.31,21.55
20200309,22.73,20.99,2.78,39.26,22.75
20200310,17.7,22.13,4.53,36.97,23.28
20200311,15.07,19.3,4.8,58.59,20.23
20200312,22.18,17.96,5.23,40.85,17.88
20200313,22.68,17.79,3.3,40.57,18.91
20200314,23.23,18.85,3.03,46.02,20.18
20200315,20.77,18.85,3.71,49.09,20.09
20200316,21.18,20.93,2.59,40.04,22.38
20200317,22.22,23.89,2.38,31.57,25.11
20200318,23.62,25.16,2.28,30.32,26.76
20200319,21.38,27.04,2.26,30.68,27.91
20200320,22.77,27.15,2.63,27.25,28.42
20200321,22.84,25.62,2.52,33.83,27.66
20200322,18.05,26.46,2.62,38.22,29.01
20200323,18.81,25.6,2.72,53.92,26.78
20200324,17.23,25.69,2.43,47.07,25.89
20200325,14.23,26.81,3.61,45.01,28.1
20200326,7.68,23.01,2.82,68.06,23.75
20200327,22.1,21.23,3.7,65.96,21.74
20200328,25.03,24.42,2.58,41.79,25.4
20200329,24.75,25.75,2.08,31.45,27.25
20200330,24.45,25.78,2.62,34.17,27.51
20200331,22.52,26.23,4.55,36.41,27.72
20200401,25.21,24.96,3.88,48.95,27.13
20200402,25.81,25.38,2.93,41.3,27.92
20200403,25.7,26.47,3.01,27.83,28.74
20200404,25.83,28.75,2.4,24.3,30.58
20200405,26.0,29.04,3.57,29.6,31.0
20200406,25.8,29.07,2.2,32.61,31.49
20200407,22.53,28.59,4.34,29.96,30.6
20200408,26.19,26.75,3.81,42.76,29.36
20200409,26.07,29.21,2.69,27.79,31.25
20200410,22.89,29.79,4.31,30.71,31.68
20200411,23.32,29.51,2.84,44.34,32.07
20200412,24.64,32.26,2.61,33.2,34.13
20200413,16.66,31.97,4.66,22.31,32.48
20200414,17.1,30.61,5.56,23.37,30.87
20200415,25.5,30.99,4.51,31.68,33.4
20200416,18.95,31.1,3.69,31.86,33.48
20200417,24.01,30.43,3.98,38.6,32.7
20200418,24.97,29.4,3.87,39.35,31.82
20200419,24.32,30.24,3.33,36.84,33.42
20200420,21.76,29.23,4.6,40.98,31.76
20200421,26.88,30.04,3.23,36.03,33.21
20200422,18.86,30.67,3.27,34.33,32.76
20200423,21.62,31.21,3.28,41.18,33.96
20200424,23.51,32.91,1.68,34.36,35.75
20200425,26.22,33.71,2.58,28.8,36.49
20200426,25.35,34.0,2.98,31.19,37.06
20200427,26.17,34.36,3.55,25.24,36.75
20200428,26.47,33.93,3.03,27.47,36.65
20200429,26.55,34.4,2.75,25.9,37.55
20200430,24.81,34.69,1.88,26.68,36.42
20200501,27.44,34.98,5.36,20.47,36.57
20200502,27.26,35.12,5.04,26.86,37.66
20200503,22.45,35.3,3.39,28.02,38.26
20200504,18.66,33.51,2.86,29.44,36.21
20200505,26.27,34.61,2.09,24.74,37.42
20200506,27.6,34.47,4.8,24.94,35.97
20200507,27.14,34.6,1.94,21.41,36.73
20200508,28.34,36.06,1.72,15.42,38.85
20200509,27.57,36.0,4.33,23.64,38.63
20200510,27.4,35.68,4.25,24.33,38.67
20200511,27.08,35.92,5.42,24.07,38.26
20200512,25.78,35.22,3.66,28.8,38.53
20200513,26.3,34.51,2.59,28.26,38.37
20200514,26.18,34.83,2.68,29.55,38.24
20200515,25.6,33.72,3.61,37.87,37.62
20200516,26.63,35.17,2.83,26.93,38.81
20200517,25.59,33.94,4.27,14.66,35.76
20200518,29.17,33.61,4.19,17.11,35.43
20200519,29.28,33.84,4.4,22.87,35.99
20200520,28.82,34.57,3.07,20.28,37.6
20200521,28.05,36.18,5.76,24.01,38.35
20200522,27.35,36.49,6.41,30.33,38.65
20200523,27.94,37.23,5.47,25.43,39.98
20200524,26.78,37.24,4.36,28.15,40.35
20200525,27.22,37.7,5.76,27.18,40.35
20200526,28.26,37.18,6.98,29.52,39.15
20200527,29.42,36.13,6.56,27.58,37.87
20200528,27.88,36.89,7.1,29.9,38.8
20200529,22.35,35.64,6.23,40.0,37.88
20200530,20.9,33.58,3.57,43.38,34.99
20200531,26.42,33.37,3.68,42.78,36.52
20200601,27.14,33.28,4.09,45.91,35.7
20200602,27.16,33.66,2.58,39.24,37.35
20200603,23.23,34.79,3.25,36.28,37.67
20200604,26.38,31.6,2.49,48.82,33.44
20200605,21.12,32.66,3.63,49.73,34.93
20200606,25.86,32.96,5.75,49.07,35.4
20200607,26.34,34.36,4.55,41.59,38.05
20200608,26.39,35.59,4.95,39.59,39.26
20200609,27.72,36.65,5.2,37.75,40.28
20200610,26.77,37.2,5.25,37.02,40.73
20200611,27.91,38.03,5.7,36.4,41.44
20200612,26.76,38.63,4.5,32.72,42.17
20200613,23.35,38.13,3.11,34.42,42.07
20200614,26.37,38.51,3.14,33.44,42.57
20200615,27.31,38.25,3.74,34.78,40.06
20200616,27.72,39.11,4.32,25.64,41.51
20200617,27.68,39.23,5.06,25.91,41.87
20200618,26.14,37.92,7.42,33.63,40.54
20200619,26.29,38.07,7.53,36.76,40.91
20200620,27.19,37.04,6.34,39.24,40.6
20200621,27.43,37.57,5.38,38.36,41.51
20200622,28.1,37.37,4.67,36.62,41.51
20200623,26.85,38.23,4.39,35.56,43.0
20200624,26.54,38.9,4.06,34.89,43.65
20200625,23.13,36.79,6.0,43.35,39.13
20200626,24.97,35.64,7.13,43.28,37.53
20200627,24.99,36.97,6.56,40.44,39.93
20200628,23.6,37.17,7.89,42.22,39.96
20200629,25.82,37.08,6.73,40.3,39.92
20200630,27.04,38.42,3.84,34.88,41.96
20200701,26.15,38.92,3.0,32.88,43.07
20200702,26.41,38.42,6.04,38.05,42.24
20200703,27.0,39.08,6.66,36.26,42.37
20200704,27.24,39.43,6.22,34.2,42.85
20200705,21.33,36.71,4.03,42.79,40.25
20200706,24.27,34.74,2.03,48.73,37.05
20200707,17.7,35.93,2.86,38.4,38.2
20200708,22.25,35.03,4.5,46.62,38.45
20200709,25.45,35.16,3.8,46.7,39.83
20200710,26.4,35.75,7.08,47.31,39.03
20200711,25.22,35.61,6.73,51.74,38.94
20200712,22.59,34.76,7.39,51.04,37.95
20200713,23.64,35.25,4.33,45.85,39.49
20200714,21.23,36.97,3.67,40.57,41.6
20200715,24.7,38.22,3.08,36.84,42.95
20200716,22.54,38.94,4.23,32.47,42.02
20200717,24.54,38.09,3.48,36.82,42.07
20200718,21.35,34.07,2.14,60.41,35.49
20200719,23.48,34.72,5.33,54.13,36.62
20200720,23.96,35.16,7.86,50.55,37.51
20200721,14.69,32.0,6.37,67.0,32.92
20200722,22.42,31.29,4.36,66.52,33.11
20200723,26.77,35.0,4.46,48.52,37.65
20200724,25.74,36.02,3.93,45.53,39.35
20200725,23.2,35.66,3.64,44.66,39.49
20200726,18.5,34.14,4.1,51.83,38.21
20200727,26.14,34.23,5.04,50.79,37.56
20200728,25.29,35.65,6.26,45.84,38.52
20200729,23.18,35.87,6.93,47.37,38.71
20200730,24.56,36.15,4.87,46.95,39.44
20200731,22.02,36.01,4.96,47.73,39.59
20200801,24.09,36.06,3.49,45.3,40.26
20200802,26.5,36.82,4.21,43.3,40.82
20200803,24.85,36.8,6.06,42.76,39.87
20200804,26.42,36.7,5.39,43.41,40.13
20200805,25.01,38.13,2.99,39.7,42.24
20200806,20.7,35.8,6.43,46.34,37.35
20200807,12.82,32.27,5.12,65.13,32.8
20200808,16.0,31.46,3.46,68.69,32.88
20200809,25.42,34.23,3.47,52.87,37.29
20200810,21.18,34.58,4.35,53.87,38.02
20200811,17.75,34.13,4.84,54.01,36.42
20200812,24.88,35.01,6.94,52.59,37.56
20200813,24.56,35.38,6.53,53.9,38.2
20200814,24.15,35.61,4.8,51.91,38.66
20200815,20.26,32.56,3.04,65.58,34.29
20200816,22.2,34.07,2.3,59.13,37.45
20200817,21.71,35.15,4.02,54.63,38.45
20200818,21.74,33.19,4.61,62.33,34.85
20200819,22.86,32.87,5.89,62.4,34.18
20200820,19.61,31.65,3.54,63.79,32.88
20200821,20.22,33.29,2.99,54.08,36.32
20200822,23.33,34.09,3.88,49.1,36.78
20200823,24.72,34.54,5.15,46.73,37.13
20200824,21.75,34.13,4.15,51.25,36.81
20200825,13.3,31.38,2.58,70.91,32.47
20200826,18.19,30.63,6.86,68.25,32.15
20200827,17.1,31.6,4.97,60.87,34.37
20200828,22.08,32.68,3.69,55.4,35.8
20200829,14.9,32.28,1.97,63.02,33.9
20200830,17.91,30.67,2.51,73.05,30.88
20200831,10.22,28.27,3.29,83.72,28.83
20200901,15.97,28.66,6.53,76.93,29.12
20200902,20.82,30.6,2.72,64.1,32.87
20200903,15.7,31.87,1.45,56.69,34.5
20200904,12.53,30.43,1.7,67.97,31.36
20200905,13.75,29.08,1.03,76.47,29.86
20200906,22.61,30.97,2.24,64.33,32.88
20200907,23.63,32.16,3.36,58.55,34.16
20200908,23.89,32.17,3.23,54.59,34.51
20200909,23.74,32.01,3.44,55.56,34.38
20200910,23.31,32.71,3.12,52.94,35.16
20200911,22.91,33.12,3.43,52.97,35.35
20200912,21.52,33.62,2.34,48.81,36.16
20200913,19.41,33.39,1.67,49.52,36.5
20200914,20.88,33.45,3.34,51.65,35.49
20200915,16.74,32.71,3.07,56.12,34.76
20200916,20.1,32.81,3.73,53.77,34.48
20200917,21.1,31.83,4.65,58.46,33.28
20200918,21.76,32.03,4.19,56.31,33.9
20200919,22.49,30.8,2.81,62.23,32.77
20200920,21.23,32.04,2.44,55.67,33.76
20200921,22.46,32.9,2.2,42.34,34.38
20200922,22.63,33.62,2.43,31.27,34.67
20200923,21.17,33.13,1.95,38.85,34.83
20200924,22.3,33.26,3.31,37.39,34.69
20200925,21.9,31.47,6.01,49.03,32.8
20200926,22.46,29.85,3.97,47.84,31.45
20200927,22.02,29.0,3.34,51.81,30.86
20200928,21.87,30.55,3.29,51.39,32.53
20200929,21.58,30.31,3.3,50.23,32.31
20200930,21.72,30.43,3.4,46.13,32.1
20201001,21.37,30.44,4.9,42.04,31.45
20201002,22.54,29.2,4.08,38.54,30.08
20201003,21.93,29.78,3.26,46.17,30.93
20201004,21.91,29.99,2.75,45.7,31.48
20201005,21.35,30.66,3.28,37.17,32.06
20201006,21.9,29.75,3.27,34.75,30.96
20201007,21.7,29.78,3.04,33.16,30.92
20201008,21.48,30.21,1.52,30.02,31.12
20201009,20.56,30.86,1.37,31.13,31.95
20201010,20.71,30.69,1.64,28.72,31.31
20201011,20.94,31.12,1.16,22.16,30.48
20201012,21.12,30.13,2.29,23.35,29.87
20201013,21.73,30.26,1.38,21.57,30.35
20201014,20.51,29.09,2.88,24.51,29.7
20201015,18.24,28.34,3.04,26.93,28.89
20201016,18.06,28.34,3.27,26.86,28.99
20201017,16.51,29.33,3.15,27.13,30.33
20201018,13.92,29.71,2.45,38.44,30.49
20201019,16.86,29.17,1.93,52.38,30.69
20201020,18.05,29.87,2.27,39.66,30.61
20201021,19.21,29.25,2.19,29.9,29.62
20201022,19.62,25.81,2.62,22.95,26.02
20201023,19.42,27.6,1.4,19.51,26.17
20201024,19.53,27.61,1.53,17.9,26.21
20201025,19.45,26.1,3.16,29.48,26.24
20201026,17.79,25.03,2.57,25.31,24.77
20201027,18.06,25.74,1.76,21.75,24.66
20201028,18.28,24.53,3.06,23.18,24.4
20201029,17.45,24.81,2.52,26.3,24.38
20201030,16.82,24.9,2.12,26.13,24.79
20201031,16.26,24.67,2.1,24.63,24.32
20201101,16.82,24.57,2.02,22.74,23.4
20201102,17.75,24.63,2.34,20.52,23.09
20201103,18.49,24.7,2.01,19.47,23.09
20201104,17.75,23.47,3.01,25.11,22.8
20201105,17.27,23.44,3.13,35.27,23.48
20201106,17.36,24.33,1.89,34.38,23.96
20201107,17.01,25.05,1.58,26.85,24.29
20201108,17.01,24.73,2.3,24.82,24.09
20201109,16.77,24.01,2.13,23.09,23.67
20201110,15.83,22.76,3.0,26.19,22.91
20201111,12.57,21.45,3.71,32.09,21.46
20201112,12.63,20.44,3.17,36.87,20.28
20201113,12.96,21.22,2.59,37.68,21.31
20201114,13.98,23.15,2.86,36.26,22.51
20201115,11.15,23.13,3.38,38.99,23.38
20201116,13.84,19.72,4.18,52.03,20.36
20201117,13.0,18.08,4.0,51.94,18.74
20201118,15.37,18.33,2.09,36.87,18.22
20201119,15.32,19.68,1.35,27.43,18.26
20201120,15.29,18.82,2.27,26.9,18.37
20201121,14.86,18.24,2.01,28.87,17.71
20201122,14.21,18.75,2.33,27.97,18.38
20201123,15.27,19.32,2.6,24.91,19.06
20201124,11.21,17.43,2.47,31.09,17.14
20201125,7.89,15.17,5.05,62.44,15.48
20201126,12.82,15.08,5.17,72.95,15.46
20201127,14.95,15.28,4.23,63.57,15.73
20201128,15.35,15.45,2.66,47.16,15.4
20201129,15.21,17.42,2.1,35.5,16.69
20201130,15.04,18.74,2.76,27.27,18.58
20201201,14.32,19.71,2.91,27.4,19.62
20201202,14.45,21.25,2.12,25.28,19.84
20201203,14.38,22.68,2.22,22.46,19.87
20201204,14.16,22.18,2.81,25.72,20.04
20201205,13.96,21.1,2.87,37.27,21.11
20201206,13.27,19.94,3.14,42.97,20.2
20201207,12.73,20.37,2.38,38.68,20.45
20201208,13.68,21.73,2.67,36.09,21.54
20201209,13.18,20.46,3.18,43.24,20.76
20201210,12.58,18.66,4.46,63.36,19.33
20201211,11.9,18.57,3.74,56.15,19.57
20201212,13.88,16.51,2.2,56.87,17.48
20201213,12.92,14.37,2.94,48.78,15.16
20201214,14.54,13.96,3.46,43.76,14.48
20201215,13.12,13.15,3.8,40.1,13.8
20201216,12.74,12.35,3.93,45.58,12.82
20201217,14.17,11.42,3.07,37.29,11.46
20201218,14.37,13.46,2.38,28.88,12.62
20201219,14.69,14.9,2.96,28.07,14.24
20201220,13.03,16.01,2.98,28.37,15.02
20201221,14.43,17.38,1.74,26.06,15.85
20201222,14.36,16.89,3.16,29.61,16.29
20201223,14.61,15.43,3.6,38.47,15.61
20201224,14.4,15.28,3.97,39.73,15.4
20201225,12.8,16.04,3.87,38.24,16.19
20201226,12.75,16.86,2.34,34.96,16.59
20201227,15.51,13.93,4.8,26.82,12.94
20201228,15.9,11.54,2.41,24.13,11.4
20201229,14.96,11.56,3.41,32.15,11.68
20201230,14.83,12.01,3.45,43.36,12.44
20201231,13.54,11.67,3.97,40.21,11.8
20210101,13.4,12.56,4.08,37.16,12.7
20210102,8.44,12.23,4.25,45.48,12.43
20210103,9.14,12.35,2.94,62.52,12.74
20210104,8.02,14.12,3.36,70.08,14.42
20210105,6.12,14.86,4.16,75.46,14.88
20210106,10.43,14.79,2.58,62.92,14.82
20210107,11.09,13.05,3.24,60.4,13.47
20210108,14.25,13.82,2.8,46.53,13.89
20210109,13.13,12.9,4.34,50.67,13.05
20210110,15.23,12.32,3.57,49.0,12.33
20210111,15.51,13.85,2.3,37.85,12.87
20210112,15.97,16.24,1.37,21.6,13.63
20210113,16.17,16.83,1.68,16.91,14.55
20210114,14.25,17.21,2.55,15.21,15.86
20210115,14.77,16.58,2.93,22.6,16.18
20210116,14.66,14.44,3.61,28.02,14.64
20210117,15.77,14.88,2.94,27.18,15.25
20210118,7.95,13.26,4.12,51.07,13.74
20210119,10.76,13.4,2.76,50.77,13.64
20210120,14.18,16.08,1.83,34.95,14.7
20210121,16.21,18.46,2.05,26.1,16.3
20210122,14.61,18.95,4.75,33.81,18.53
20210123,16.58,15.78,4.37,24.82,15.37
20210124,16.69,13.82,2.49,23.86,12.85
20210125,17.45,13.51,2.53,21.21,12.84
20210126,17.56,14.31,2.54,21.04,13.68
20210127,16.42,14.0,3.08,28.96,13.94
20210128,16.47,14.71,2.38,23.13,13.94
20210129,16.63,15.92,2.04,18.87,14.79
20210130,16.93,17.73,1.88,13.33,15.28
20210131,17.14,18.53,2.96,13.2,16.73
20210201,17.28,19.76,1.93,17.3,18.58
20210202,16.59,19.72,2.45,23.97,18.95
20210203,15.07,19.27,2.7,24.84,18.85
20210204,13.96,16.52,4.35,33.7,17.08
20210205,16.25,16.8,2.25,36.86,17.21
20210206,17.53,17.43,2.42,35.31,18.26
20210207,18.01,18.82,2.14,27.98,18.8
20210208,18.36,20.41,1.56,22.7,19.62
20210209,17.05,21.3,3.13,19.74,19.61
20210210,17.79,20.65,2.56,21.06,20.95
20210211,16.94,21.09,2.79,22.55,20.97
20210212,18.63,22.01,2.8,21.03,22.37
20210213,18.29,22.38,2.31,19.82,22.6
20210214,18.46,22.44,2.34,21.0,21.95
20210215,17.98,22.05,2.2,23.4,22.07
20210216,18.89,22.61,1.92,21.85,22.49
20210217,18.63,22.34,2.1,21.53,22.63
20210218,19.22,21.77,3.11,22.85,22.89
20210219,18.76,21.57,3.44,20.38,22.37
20210220,19.46,21.96,3.12,18.31,22.53
20210221,18.83,23.18,2.41,16.09,23.85
20210222,18.81,24.95,2.77,14.74,24.49
20210223,19.68,24.58,3.7,18.52,24.58
20210224,19.26,24.7,3.78,28.58,25.12
20210225,19.53,26.08,2.27,30.97,26.61
20210226,19.0,26.02,5.22,34.37,26.62
20210227,19.41,24.31,4.66,23.75,25.4
20210228,20.47,22.98,2.7,16.55,24.36
20210301,21.24,23.31,2.28,15.41,24.45
20210302,21.18,23.97,2.39,14.66,24.55
20210303,21.11,26.53,2.32,11.78,25.48
20210304,20.79,26.36,2.94,17.32,26.36
20210305,20.76,26.32,2.75,17.75,27.03
20210306,21.46,28.81,4.67,18.43,28.78
20210307,18.21,27.7,5.32,30.53,29.0
20210308,20.91,28.01,2.3,27.22,29.55
20210309,20.15,26.87,3.94,28.88,28.66
20210310,21.55,27.43,1.79,23.28,28.99
20210311,23.27,27.02,4.14,22.04,28.35
20210312,21.02,25.24,2.79,28.01,27.47
20210313,18.11,24.52,3.07,34.85,26.1
20210314,20.44,26.58,1.91,31.71,28.02
20210315,19.36,28.16,2.22,26.95,29.94
20210316,19.63,29.19,2.52,24.37,30.05
20210317,20.44,29.24,2.13,23.3,30.83
20210318,18.4,28.63,4.6,27.93,29.57
20210319,19.62,27.34,3.74,32.23,28.42
20210320,22.58,29.02,1.81,20.63,30.23
20210321,20.9,29.75,3.96,20.91,30.2
20210322,18.14,28.05,2.17,31.57,29.25
20210323,23.14,26.19,4.3,36.1,28.62
20210324,22.51,25.16,3.29,28.5,27.38
20210325,21.0,26.1,2.69,26.16,28.17
20210326,23.76,28.94,2.15,21.76,29.96
20210327,25.26,30.9,2.24,17.38,31.53
20210328,24.8,31.81,4.41,15.46,32.57
20210329,24.04,32.38,5.95,25.92,33.39
20210330,26.16,30.96,6.52,13.04,31.9
20210331,27.13,28.06,3.99,11.88,29.25
20210401,27.68,28.81,2.52,8.51,29.29
20210402,27.2,28.27,3.56,8.49,28.78
20210403,27.25,29.46,3.42,9.44,31.53
20210404,25.79,31.19,2.67,9.17,32.91
20210405,23.45,30.6,3.51,18.75,32.58
20210406,24.3,30.46,4.87,28.39,32.75
20210407,25.44,28.93,5.05,30.01,31.63
20210408,27.36,28.05,2.72,12.09,30.29
20210409,26.79,29.09,2.75,10.83,31.0
20210410,27.4,30.11,3.48,11.31,32.12
20210411,27.1,32.13,2.79,10.89,33.9
20210412,26.73,32.81,3.04,9.62,33.74
20210413,24.57,32.47,1.87,11.32,34.55
20210414,25.9,32.21,3.86,13.93,34.91
20210415,26.73,31.43,4.62,17.19,33.75
20210416,23.53,30.11,4.42,26.65,32.27
20210417,26.8,29.89,3.15,31.13,32.96
20210418,24.97,32.93,2.07,17.99,34.55
20210419,22.95,32.94,3.0,16.97,35.28
20210420,20.24,28.13,5.06,36.67,30.14
20210421,26.48,26.92,2.96,42.35,30.3
20210422,27.0,31.11,3.45,23.97,33.11
20210423,24.04,30.58,4.96,24.95,33.18
20210424,28.84,28.91,4.19,19.09,31.73
20210425,28.59,31.5,2.89,12.96,33.98
20210426,29.32,34.14,1.5,8.19,35.92
20210427,28.4,34.79,1.91,9.35,36.68
20210428,26.64,34.63,2.98,16.02,37.35
20210429,22.34,35.34,1.89,16.87,37.68
20210430,23.82,35.53,3.03,22.29,38.54
20210501,23.88,35.42,3.04,21.29,38.9
20210502,19.44,33.68,4.08,23.54,35.5
20210503,26.5,33.75,3.66,21.71,36.27
20210504,24.67,34.32,4.3,26.69,37.47
20210505,25.74,34.42,2.36,22.67,38.38
20210506,21.38,33.24,4.61,27.57,36.61
20210507,26.36,31.96,3.33,30.7,35.27
20210508,25.11,34.46,2.86,22.46,37.56
20210509,26.09,35.88,2.46,22.44,39.13
20210510,26.05,35.68,3.64,23.27,38.29
20210511,23.89,34.62,4.0,30.91,37.05
20210512,23.02,34.04,2.98,30.78,37.28
20210513,24.37,32.94,4.69,39.31,35.15
20210514,24.14,34.02,3.0,32.66,36.84
20210515,24.13,34.92,3.27,27.56,38.24
20210516,23.14,35.59,5.66,26.41,38.43
20210517,21.95,33.91,6.33,36.01,36.43
20210518,11.37,31.84,6.69,36.41,34.06
20210519,26.17,31.53,4.84,41.19,34.25
20210520,26.85,34.3,5.45,31.78,36.74
20210521,26.83,34.81,7.66,34.02,36.88
20210522,25.23,32.9,3.64,45.14,34.43
20210523,26.66,30.9,3.69,45.66,32.65
20210524,26.73,33.46,2.87,34.85,36.11
20210525,25.91,35.89,3.21,28.03,37.94
20210526,25.31,36.06,4.41,34.84,39.19
20210527,26.4,37.45,5.86,31.56,39.93
20210528,26.78,37.81,6.78,31.83,40.28
20210529,25.4,37.09,7.44,31.01,39.12
20210530,25.07,37.27,4.75,34.44,40.83
20210531,25.89,37.23,5.66,29.89,40.49
20210601,24.77,36.45,5.31,39.49,39.86
20210602,26.13,34.16,3.84,47.73,36.17
20210603,26.56,32.96,4.07,50.12,34.58
20210604,27.58,33.63,2.82,43.4,36.78
20210605,24.18,34.31,3.73,45.42,36.8
20210606,27.3,35.52,3.68,39.93,38.16
20210607,27.8,36.29,6.38,37.68,38.83
20210608,26.59,36.0,7.78,38.89,38.61
20210609,26.81,35.77,8.13,44.32,38.73
20210610,25.71,36.09,7.79,44.02,39.0
20210611,24.36,35.78,8.02,44.14,38.83
20210612,24.89,36.94,5.53,43.39,40.73
20210613,25.41,37.26,5.22,42.55,40.6
20210614,23.75,36.84,5.66,41.62,40.16
20210615,23.6,36.67,5.82,41.08,39.63
20210616,25.0,33.47,4.46,55.84,35.34
20210617,14.94,34.06,2.32,46.21,37.39
20210618,26.09,35.18,3.41,35.7,38.42
20210619,27.09,36.18,2.58,28.55,40.07
20210620,27.05,35.54,5.53,42.98,39.37
20210621,23.72,35.02,4.01,42.61,38.09
20210622,24.92,35.82,5.03,37.97,38.9
20210623,25.68,36.62,4.63,34.62,40.49
20210624,26.58,36.43,5.48,35.22,39.95
20210625,25.52,36.48,6.6,36.13,39.48
20210626,26.73,36.12,5.27,36.73,39.73
20210627,24.19,36.54,4.1,37.56,40.63
20210628,23.8,37.81,2.7,30.91,42.59
20210629,26.93,37.73,6.21,33.38,41.15
20210630,26.42,37.32,7.54,33.65,40.3
20210701,25.59,36.63,6.9,37.92,39.65
20210702,24.85,36.07,8.01,41.22,39.27
20210703,25.53,35.7,6.87,43.26,39.16
20210704,25.58,35.92,6.44,40.78,39.23
20210705,23.79,35.73,5.22,42.15,39.63
20210706,26.07,36.9,4.82,37.21,41.04
20210707,26.51,36.37,6.5,36.16,39.77
20210708,26.95,36.8,6.27,36.66,40.27
20210709,25.65,36.79,5.61,39.05,40.5
20210710,25.44,36.79,3.24,40.62,40.74
20210711,21.47,38.36,2.07,37.24,43.09
20210712,18.84,34.25,4.02,60.71,34.97
20210713,21.28,31.42,3.86,73.12,31.26
20210714,23.08,31.81,2.04,72.59,32.29
20210715,24.76,31.79,4.01,71.35,31.89
20210716,22.28,34.97,3.53,53.58,36.46
20210717,24.35,35.37,2.5,52.78,37.01
20210718,23.81,34.92,6.72,55.25,36.85
20210719,21.53,34.17,8.16,56.67,36.1
20210720,17.36,33.57,6.72,55.47,35.54
20210721,16.33,32.71,4.09,59.08,35.99
20210722,21.19,33.29,2.84,56.99,35.63
20210723,19.08,34.42,2.83,48.86,36.34
20210724,24.58,34.67,2.01,49.2,37.69
20210725,20.43,35.7,3.89,48.3,38.91
20210726,20.91,33.09,4.18,60.13,35.09
20210727,12.0,31.96,5.2,60.61,34.01
20210728,15.08,33.9,7.62,53.49,36.25
20210729,17.68,32.61,5.58,58.07,35.36
20210730,20.65,33.64,4.71,52.42,37.13
20210731,18.66,34.08,3.68,51.48,37.65
20210801,19.75,33.9,5.97,52.84,36.84
20210802,17.11,34.03,6.0,51.04,36.94
20210803,21.93,34.5,5.54,49.68,37.64
20210804,23.84,33.94,4.8,52.64,36.31
20210805,25.13,33.97,4.0,50.62,36.64
20210806,24.44,35.24,3.82,44.57,38.71
20210807,24.52,35.42,4.38,44.18,38.67
20210808,24.78,34.73,4.85,43.8,37.7
20210809,24.66,34.24,5.88,43.17,37.19
20210810,25.67,33.29,6.46,44.3,35.95
20210811,25.58,33.23,5.82,46.15,35.94
20210812,26.25,33.46,5.45,46.96,36.48
20210813,25.39,33.77,6.33,46.52,36.51
20210814,25.37,33.25,7.05,48.01,35.83
20210815,25.1,33.46,5.13,46.62,36.41
20210816,25.06,33.91,3.82,44.6,37.49
20210817,25.29,34.17,3.94,40.34,37.32
20210818,25.17,33.99,4.29,39.38,36.93
20210819,25.08,34.48,4.77,36.18,37.13
20210820,24.78,34.88,4.48,37.93,38.06
20210821,22.53,35.77,4.24,37.53,38.83
20210822,14.52,35.34,2.51,38.58,38.05
20210823,22.48,35.05,3.56,37.57,38.05
20210824,24.41,34.85,6.76,39.37,37.18
20210825,23.99,33.71,7.23,43.65,35.99
20210826,24.24,33.21,6.57,42.75,35.57
20210827,23.64,32.56,5.41,45.0,35.19
20210828,24.78,33.15,4.49,44.82,36.08
20210829,23.15,34.17,2.57,39.64,37.76
20210830,15.93,35.75,2.3,39.44,39.47
20210831,22.54,35.36,4.76,41.16,37.6
20210901,22.82,32.68,4.45,52.33,34.8
20210902,18.43,32.4,4.42,52.49,34.34
20210903,19.08,30.48,2.79,63.62,31.57
20210904,21.91,31.91,1.59,55.41,34.17
20210905,22.81,34.13,2.18,46.48,37.76
20210906,21.88,35.21,2.96,45.14,38.84
20210907,21.11,35.4,3.11,46.71,38.24
20210908,20.82,34.83,3.98,50.25,37.39
20210909,18.1,34.43,2.77,49.48,37.28
20210910,17.61,33.69,2.61,50.15,35.35
20210911,17.82,28.79,4.25,79.08,28.95
20210912,19.98,29.96,7.36,70.22,31.03
20210913,20.99,30.98,4.35,62.95,32.66
20210914,17.07,31.26,4.84,63.38,32.93
20210915,22.03,33.0,5.25,53.1,34.74
20210916,23.15,33.87,2.53,48.73,36.73
20210917,21.78,34.57,1.69,42.33,36.85
20210918,21.77,34.03,2.29,46.41,36.93
20210919,16.88,33.18,2.14,50.17,35.19
20210920,15.84,33.34,1.66,50.54,34.15
20210921,12.7,30.33,2.12,67.46,30.7
20210922,14.28,28.12,4.53,78.37,28.11
20210923,17.5,28.6,3.62,79.83,29.06
20210924,19.62,28.68,4.31,76.16,29.0
20210925,20.88,31.41,1.05,56.67,33.54
20210926,19.8,31.96,2.05,50.81,33.81
20210927,16.3,31.64,4.08,60.71,33.02
20210928,17.82,29.8,3.16,73.78,29.59
20210929,19.57,29.68,5.03,68.68,30.27
20210930,16.97,29.11,3.86,71.47,29.48
20211001,18.99,29.62,1.99,70.49,30.51
20211002,20.72,30.82,2.16,62.97,32.07
20211003,21.4,30.86,3.64,54.65,32.22
20211004,21.01,31.22,3.65,58.0,32.86
20211005,19.91,31.32,2.46,54.2,32.99
20211006,19.82,31.39,2.92,51.74,32.92
20211007,20.77,31.66,1.98,43.91,33.11
20211008,19.83,31.81,2.61,38.63,32.81
20211009,19.75,31.32,3.36,41.91,32.39
20211010,19.77,30.3,4.16,44.61,31.14
20211011,19.29,29.9,3.62,45.98,30.67
20211012,18.63,29.43,2.03,35.45,29.68
20211013,19.89,30.02,1.16,26.07,28.95
20211014,20.71,28.23,1.99,20.2,27.65
20211015,21.51,26.95,2.64,18.56,26.47
20211016,21.11,28.07,1.4,15.65,26.56
20211017,19.58,28.02,3.28,29.44,28.14
20211018,17.34,27.24,2.75,59.5,28.04
20211019,18.51,27.04,2.6,38.07,27.14
20211020,19.55,25.89,4.36,36.75,26.3
20211021,19.68,26.24,5.55,47.7,26.85
20211022,19.4,26.03,6.35,54.2,26.74
20211023,17.48,25.95,5.14,52.33,26.31
20211024,16.04,24.92,2.27,41.91,24.98
20211025,17.06,23.26,3.47,51.03,24.14
20211026,17.48,24.4,1.62,40.72,24.78
20211027,17.18,24.98,2.42,36.33,25.44
20211028,17.56,25.17,2.19,35.65,25.27
20211029,17.96,25.82,1.97,29.93,25.32
20211030,17.85,25.67,2.31,27.03,25.13
20211031,18.42,24.93,4.03,25.49,24.39
20211101,17.93,24.49,4.04,30.95,24.55
20211102,15.45,23.65,2.67,36.9,24.17
20211103,14.64,22.79,3.26,39.65,23.02
20211104,15.93,23.62,2.13,28.97,22.6
20211105,14.98,24.17,2.73,27.46,23.33
20211106,14.97,23.7,2.54,31.6,23.48
20211107,15.15,25.3,1.86,29.32,24.28
20211108,15.82,25.35,2.31,30.88,24.39
20211109,15.57,26.85,1.62,24.81,24.46
20211110,15.03,25.0,2.26,25.42,23.53
20211111,16.11,25.59,1.33,21.19,23.44
20211112,16.28,23.53,2.46,24.93,22.45
20211113,15.17,22.65,2.09,26.6,21.53
20211114,15.55,23.26,1.59,20.5,20.72
20211115,15.34,21.74,2.13,21.45,20.43
20211116,14.77,20.7,3.11,27.22,20.19
20211117,13.15,19.65,3.87,36.38,19.31
20211118,12.97,19.19,3.44,35.78,18.92
20211119,13.29,19.21,3.83,35.77,18.84
20211120,13.88,20.21,3.39,42.39,20.21
20211121,13.61,20.96,3.72,54.51,20.93
20211122,14.66,21.05,2.35,26.46,19.95
20211123,15.3,20.95,3.48,20.7,18.82
20211124,14.58,22.47,2.78,20.25,20.38
20211125,14.32,22.21,2.3,24.01,21.01
20211126,13.87,21.85,2.05,28.14,20.46
20211127,13.63,21.43,2.15,31.23,20.63
20211128,14.68,20.13,3.69,40.75,20.24
20211129,13.9,20.2,3.8,37.2,20.31
20211130,13.86,19.93,3.07,30.71,19.93
20211201,10.15,19.65,3.28,50.69,19.34
20211202,13.05,19.67,3.82,43.93,19.93
20211203,13.7,18.55,3.03,37.62,18.62
20211204,13.67,18.23,3.3,37.84,18.46
20211205,12.63,18.97,2.43,34.31,18.66
20211206,12.23,18.33,3.03,34.92,18.17
20211207,12.45,17.58,2.81,41.5,17.91
20211208,13.65,17.31,2.65,35.15,17.11
20211209,13.88,16.6,3.24,32.99,16.38
20211210,14.03,16.57,3.03,31.68,15.76
20211211,14.53,17.9,1.75,26.76,16.47
20211212,13.99,16.37,3.26,30.83,16.27
20211213,12.65,15.78,2.89,41.58,16.17
20211214,13.51,15.67,2.22,32.18,14.84
20211215,13.0,14.54,2.56,31.93,13.7
20211216,13.43,13.64,2.68,25.89,12.32
20211217,12.27,12.42,3.38,29.42,11.86
20211218,14.09,12.78,2.6,20.48,11.27
20211219,13.28,14.01,2.53,17.11,12.31
20211220,13.74,16.24,2.12,16.44,14.42
20211221,13.49,17.98,2.2,19.15,15.63
20211222,12.55,18.2,1.23,24.74,16.08
20211223,7.17,17.86,1.99,30.92,16.88
20211224,10.85,16.72,2.61,31.22,16.3
20211225,10.44,16.44,2.6,33.83,15.85
20211226,4.52,15.29,2.09,56.8,14.56
20211227,7.21,16.46,3.05,57.57,16.74
20211228,6.45,14.94,3.55,62.33,15.03
20211229,12.54,14.01,2.51,56.24,13.86
20211230,11.57,14.27,3.66,37.77,14.46
20211231,10.51,13.5,3.54,33.64,13.69
20220101,13.71,14.55,2.84,30.0,15.03
20220102,13.57,15.69,3.88,31.78,15.89
20220103,13.43,17.23,3.38,32.61,17.63
20220104,9.71,18.04,2.46,36.63,18.74
20220105,4.09,15.1,3.38,75.52,15.11
20220106,9.17,13.12,2.91,80.35,13.36
20220107,3.62,14.27,3.79,78.19,14.72
20220108,13.03,12.51,2.47,72.1,13.1
20220109,15.02,13.08,1.68,60.99,13.02
20220110,15.15,13.31,1.84,57.62,13.82
20220111,13.76,12.65,2.57,57.39,13.18
20220112,14.84,12.97,1.41,51.15,11.78
20220113,15.58,13.85,1.78,45.75,13.24
20220114,14.28,13.08,3.41,49.73,13.23
20220115,14.95,13.55,3.13,56.16,13.85
20220116,14.95,13.44,3.14,52.24,13.63
20220117,14.59,15.01,2.66,43.91,16.05
20220118,14.82,15.54,3.19,43.43,15.83
20220119,14.24,18.04,3.5,39.07,17.97
20220120,13.91,16.79,3.07,46.73,16.83
20220121,11.29,16.86,3.73,58.58,17.19
20220122,7.85,14.87,4.7,72.28,15.59
20220123,15.53,13.51,2.15,54.61,13.6
20220124,16.95,13.92,1.65,38.94,13.93
20220125,16.78,13.88,1.83,42.37,13.89
20220126,17.26,14.41,2.21,34.41,13.54
20220127,15.9,14.74,2.36,30.42,13.86
20220128,16.13,16.24,2.69,25.48,14.87
20220129,16.06,17.43,2.64,22.33,16.0
20220130,15.73,18.77,2.23,24.87,17.47
20220131,15.93,19.73,3.1,39.25,19.15
20220201,16.29,17.13,3.16,39.13,17.33
20220202,16.21,19.25,4.34,32.44,18.38
20220203,16.7,15.73,4.94,43.36,15.73
20220204,18.33,14.25,3.33,28.3,14.41
20220205,17.83,16.47,3.59,21.28,15.92
20220206,17.12,18.21,4.22,35.82,18.23
20220207,15.85,19.41,2.12,43.79,20.17
20220208,13.21,18.58,2.74,48.48,19.99
20220209,16.66,18.35,3.12,49.04,19.76
20220210,18.14,18.35,2.39,41.69,18.68
20220211,18.56,18.85,2.14,30.29,18.09
20220212,18.5,19.5,2.9,25.84,18.38
20220213,18.4,20.58,2.37,20.79,18.97
20220214,18.04,20.96,1.69,19.42,19.58
20220215,17.65,20.81,2.21,24.94,20.92
20220216,18.98,21.16,2.37,27.85,20.98
20220217,19.6,22.68,2.25,25.35,21.92
20220218,17.75,21.52,2.74,26.54,21.9
20220219,18.69,21.09,2.52,28.38,21.42
20220220,19.3,20.67,4.19,25.86,20.48
20220221,19.13,21.95,3.49,22.19,22.16
20220222,19.52,22.24,7.05,37.62,22.34
20220223,18.25,19.98,2.8,40.12,21.02
20220224,18.49,22.14,3.11,29.95,22.39
20220225,19.79,22.82,4.53,25.13,22.78
20220226,19.39,20.56,3.75,35.55,22.21
20220227,19.54,19.48,5.09,46.42,20.75
20220228,19.31,20.35,2.81,31.42,22.07
20220301,19.56,22.8,2.64,27.23,24.5
20220302,16.17,22.55,5.35,38.64,24.02
20220303,19.88,19.67,3.81,54.93,21.49
20220304,20.31,21.29,2.79,39.93,23.21
20220305,19.97,23.49,1.76,33.65,25.29
20220306,16.23,24.87,3.3,27.98,24.57
20220307,21.58,24.44,2.93,27.56,26.04
20220308,21.61,24.12,3.99,35.44,25.94
20220309,20.15,24.97,3.25,32.47,26.73
20220310,21.5,25.41,2.69,33.23,25.92
20220311,21.94,27.64,1.62,25.0,28.16
20220312,21.71,29.04,1.59,23.55,29.27
20220313,21.88,30.29,2.82,22.02,30.38
20220314,22.53,30.46,3.73,22.42,31.54
20220315,23.07,31.11,4.7,25.26,31.59
20220316,23.25,31.55,3.79,25.69,32.08
20220317,24.04,31.65,3.59,21.59,32.84
20220318,24.54,31.16,4.44,19.32,32.45
20220319,23.86,30.24,5.55,21.67,31.12
20220320,20.96,30.35,3.51,25.33,31.38
20220321,22.15,31.13,1.98,23.01,32.06
20220322,22.33,29.56,3.55,21.37,30.77
20220323,23.15,27.99,4.97,25.77,29.32
20220324,23.91,29.3,5.08,24.85,29.96
20220325,24.07,30.33,2.26,15.26,31.18
20220326,24.27,31.41,2.39,12.72,31.16
20220327,24.48,31.25,4.27,12.31,31.53
20220328,25.33,31.79,4.72,13.21,32.54
20220329,24.7,32.4,4.05,19.55,33.32
20220330,25.69,32.05,3.95,14.41,32.92
20220331,27.16,30.5,2.6,9.13,31.69
20220401,27.35,32.26,1.93,10.36,32.3
20220402,27.09,32.13,5.38,8.0,31.78
20220403,26.56,30.97,4.24,10.43,31.76
20220404,26.78,32.39,2.42,12.26,32.95
20220405,25.22,32.78,3.79,13.09,33.2
20220406,27.12,34.06,2.67,13.56,34.28
20220407,26.52,34.62,1.83,11.16,35.61
20220408,26.39,34.28,3.3,13.7,35.73
20220409,26.7,34.37,4.01,13.74,35.38
20220410,26.77,34.14,3.09,14.18,36.31
20220411,24.61,34.68,5.49,16.21,35.85
20220412,25.67,32.76,6.3,22.57,34.15
20220413,23.14,32.58,2.83,27.19,35.0
20220414,24.25,34.02,4.14,19.03,35.42
20220415,28.03,33.1,3.91,8.57,33.34
20220416,26.95,34.21,3.2,12.85,35.14
20220417,25.19,34.27,4.81,20.54,36.06
20220418,24.84,34.29,6.72,25.71,35.6
20220419,24.38,34.71,5.87,23.68,36.3
20220420,23.81,33.43,5.14,22.96,34.08
20220421,25.22,33.7,5.06,20.85,35.76
20220422,27.06,32.77,2.48,13.32,35.31
20220423,26.96,33.25,2.28,15.98,36.2
20220424,24.72,34.17,1.91,15.99,34.9
20220425,24.52,34.73,5.02,20.48,36.58
20220426,26.59,35.44,4.57,22.6,37.08
20220427,27.24,36.27,3.59,21.76,37.93
20220428,27.63,36.42,5.32,15.82,38.21
20220429,28.26,35.69,3.78,16.58,37.99
20220430,26.38,37.83,1.71,12.13,39.3
20220501,26.72,38.42,5.05,15.98,40.48
20220502,25.01,37.36,8.15,20.58,39.0
20220503,21.63,34.45,7.93,26.17,36.15
20220504,23.95,34.22,5.49,26.93,36.44
20220505,21.36,35.06,2.28,24.5,38.2
20220506,23.92,36.2,2.2,21.93,38.52
20220507,25.83,36.72,4.33,19.34,38.81
20220508,25.81,36.93,7.3,20.83,38.23
20220509,26.45,36.71,6.27,20.27,38.57
20220510,26.88,37.27,4.98,20.6,39.65
20220511,27.34,37.78,4.09,17.65,40.34
20220512,27.57,39.18,5.73,15.34,40.93
20220513,29.05,38.92,6.23,12.97,39.75
20220514,28.18,38.21,5.2,12.53,39.73
20220515,27.69,37.65,8.44,13.0,39.05
20220516,23.6,35.08,7.2,26.45,36.97
20220517,23.47,34.51,5.47,19.61,36.48
20220518,25.91,37.13,2.62,18.31,39.39
20220519,25.32,38.41,5.01,16.44,40.47
20220520,25.2,37.75,8.52,22.55,39.59
20220521,26.01,36.23,6.5,24.84,38.01
20220522,28.02,34.97,3.77,25.15,37.99
20220523,24.04,35.27,6.78,28.18,36.99
20220524,23.62,34.59,3.0,22.73,37.16
20220525,24.35,35.28,2.49,26.82,38.67
20220526,24.88,36.29,5.91,33.22,39.04
20220527,24.9,36.38,7.0,36.67,38.93
20220528,23.97,36.17,7.16,31.37,38.34
20220529,26.13,35.68,8.55,24.95,36.83
20220530,25.92,36.0,7.26,20.99,37.08
20220531,24.43,36.1,2.5,21.17,39.29
20220601,25.56,36.67,5.95,22.84,38.63
20220602,27.68,36.62,4.36,19.26,39.38
20220603,28.26,35.94,4.23,16.8,38.5
20220604,27.04,35.74,5.02,18.02,38.27
20220605,27.41,35.9,4.19,22.97,38.96
20220606,25.98,37.22,5.07,25.28,40.61
20220607,27.76,36.35,7.43,24.04,38.76
20220608,26.55,34.97,7.19,31.32,37.58
20220609,26.42,35.77,8.01,34.77,38.25
20220610,26.7,35.59,7.64,37.36,38.28
20220611,26.47,36.13,7.08,38.42,38.76
20220612,27.09,36.34,6.77,36.98,39.35
20220613,22.44,34.75,5.97,46.01,36.53
20220614,25.18,33.37,5.21,54.71,35.64
20220615,26.85,35.87,6.03,43.14,38.75
20220616,25.21,36.14,7.23,40.02,39.0
20220617,25.17,36.21,6.85,42.08,39.36
20220618,16.22,35.99,5.59,41.59,38.73
20220619,18.94,32.8,3.13,54.07,35.28
20220620,22.27,33.94,3.44,47.18,36.04
20220621,18.03,31.5,4.53,59.23,31.96
20220622,22.02,31.26,1.83,58.18,34.05
20220623,23.89,33.46,3.51,42.21,35.89
20220624,26.13,35.53,1.92,30.29,38.89
20220625,26.34,38.04,2.8,24.53,41.22
20220626,28.38,37.72,3.06,20.31,41.03
20220627,26.95,38.26,2.25,23.34,42.15
20220628,25.78,38.65,7.21,34.17,41.49
20220629,24.52,37.68,9.02,40.61,40.31
20220630,23.03,36.96,7.32,41.55,40.11
20220701,13.49,34.58,5.87,48.77,36.3
20220702,9.4,32.37,3.45,63.2,33.61
20220703,14.67,32.85,2.93,59.24,35.22
20220704,18.86,30.82,2.53,71.24,31.67
20220705,24.82,34.55,1.85,54.4,37.55
20220706,20.91,35.55,4.46,52.32,36.89
20220707,21.2,33.52,2.1,63.67,34.39
20220708,24.9,33.45,2.76,62.14,34.93
20220709,23.78,33.95,2.35,61.11,35.59
20220710,20.41,31.47,2.56,69.69,32.33
20220711,21.33,33.24,1.83,58.89,36.55
20220712,27.19,34.42,2.84,54.42,38.05
20220713,25.38,34.8,3.15,52.88,38.44
20220714,22.59,32.63,3.13,65.37,32.72
20220715,17.15,29.44,5.15,86.16,29.43
20220716,20.2,31.29,5.83,68.72,32.4
20220717,14.24,30.87,3.4,71.86,32.17
20220718,22.04,31.21,1.77,72.91,32.83
20220719,23.15,32.59,3.17,65.44,34.82
20220720,25.94,33.52,6.68,59.72,35.29
20220721,16.95,33.17,6.92,59.89,35.22
20220722,17.36,32.3,4.36,62.41,34.89
20220723,14.67,31.24,2.69,68.8,32.51
20220724,18.8,30.53,3.22,76.12,30.74
20220725,19.64,28.99,4.3,81.14,29.5
20220726,11.64,29.46,2.54,79.39,30.9
20220727,12.15,29.05,2.64,85.68,29.47
20220728,17.05,29.65,5.35,76.2,30.43
20220729,21.48,30.83,5.29,66.04,32.2
20220730,21.49,31.24,5.88,65.35,33.05
20220731,21.13,31.05,5.78,66.99,32.85
20220801,18.46,32.34,5.11,64.33,34.32
20220802,22.28,33.01,4.25,61.32,35.56
20220803,23.12,33.39,4.1,58.54,35.96
20220804,19.67,32.82,2.59,59.41,35.26
20220805,20.32,32.54,1.64,60.47,34.39
20220806,20.1,32.02,2.74,63.35,34.19
20220807,19.42,31.25,2.12,70.59,33.03
20220808,19.43,29.29,2.12,84.09,29.42
20220809,22.32,31.62,3.07,70.81,32.56
20220810,24.5,33.14,3.85,60.65,34.52
20220811,22.88,32.58,6.32,60.27,34.2
20220812,17.24,31.69,6.5,63.98,33.58
20220813,13.32,28.58,4.95,83.41,28.68
20220814,21.53,29.24,5.22,73.0,30.68
20220815,21.45,30.55,2.61,67.06,32.78
20220816,19.54,31.56,6.29,61.34,32.62
20220817,9.93,28.08,5.32,86.27,28.21
20220818,13.81,27.56,8.38,84.25,27.88
20220819,18.49,29.31,6.82,69.54,30.13
20220820,13.43,29.65,6.53,69.44,30.89
20220821,19.7,29.53,4.39,71.09,31.13
20220822,22.13,30.81,1.72,66.51,33.23
20220823,16.26,30.36,5.12,72.71,30.19
20220824,15.24,29.07,6.36,80.6,29.4
20220825,18.57,28.35,5.92,73.75,29.35
20220826,18.88,28.91,4.46,68.65,30.65
20220827,23.53,28.9,4.55,66.42,30.7
20220828,22.41,29.45,4.78,65.95,31.47
20220829,22.57,30.45,3.34,65.75,32.86
20220830,22.01,30.78,2.89,64.53,33.39
20220831,23.1,30.84,4.33,63.11,32.94
20220901,24.51,31.1,4.63,61.13,33.1
20220902,23.86,31.53,4.3,63.42,33.56
20220903,24.46,30.71,6.12,64.48,32.32
20220904,24.12,30.34,6.34,67.6,32.01
20220905,23.14,30.39,4.57,64.38,32.43
20220906,22.42,31.28,2.81,58.91,33.61
20220907,23.09,32.25,1.57,52.82,35.19
20220908,22.67,33.41,2.32,50.45,35.97
20220909,21.21,34.24,2.02,47.66,36.29
20220910,21.66,34.6,1.87,49.42,36.63
20220911,21.44,33.89,2.68,55.18,35.83
20220912,18.53,31.81,3.13,63.15,32.85
20220913,20.91,32.03,3.59,55.78,32.85
20220914,19.34,32.42,3.84,55.06,33.58
20220915,21.62,33.14,2.83,49.74,34.84
20220916,21.71,32.08,5.05,55.77,33.74
20220917,22.47,30.4,5.8,62.11,31.98
20220918,22.31,30.75,3.72,61.22,32.85
20220919,22.73,30.76,4.88,58.25,32.4
20220920,22.58,30.21,4.54,56.99,31.9
20220921,21.8,30.6,3.21,57.01,33.07
20220922,21.68,31.63,2.71,53.69,33.62
20220923,21.1,31.78,2.2,50.36,33.7
20220924,21.2,31.62,2.78,56.0,34.22
20220925,21.66,30.34,5.15,60.7,32.18
20220926,21.24,30.22,3.6,56.59,32.29
20220927,21.63,29.98,3.78,55.41,31.89
20220928,21.78,30.07,3.93,54.85,31.83
20220929,21.85,30.79,3.44,51.76,32.73
20220930,21.87,30.96,3.9,51.08,32.92
20221001,22.18,30.05,4.67,48.08,31.65
20221002,22.33,29.31,4.41,53.12,30.97
20221003,22.22,29.79,3.4,51.64,31.53
20221004,21.94,30.07,2.75,45.0,31.81
20221005,22.13,29.78,3.69,42.17,31.07
20221006,22.06,30.08,2.09,37.27,31.45
20221007,20.23,29.79,4.07,42.81,31.01
20221008,18.91,28.26,5.04,55.53,29.43
20221009,19.57,28.51,3.73,61.31,30.16
20221010,19.46,28.8,2.67,51.89,30.48
20221011,20.04,29.8,1.44,35.34,30.61
20221012,19.74,28.98,1.87,32.86,29.76
20221013,20.41,29.21,1.97,28.85,29.74
20221014,20.15,28.32,2.31,29.85,29.1
20221015,20.59,28.7,1.39,24.44,28.29
20221016,20.28,29.01,1.59,20.95,27.84
20221017,19.7,28.19,2.15,24.61,27.65
20221018,19.12,27.3,2.6,31.36,27.43
20221019,19.15,27.17,2.92,31.7,27.84
20221020,18.98,27.05,3.96,35.16,27.67
20221021,18.41,26.93,2.21,39.27,28.22
20221022,18.68,27.33,2.09,33.05,27.85
20221023,18.36,26.87,2.06,27.45,26.88
20221024,18.57,26.73,1.6,27.95,26.7
20221025,18.43,26.24,2.98,38.43,26.59
20221026,18.06,26.96,3.51,42.57,27.42
20221027,17.69,27.27,3.49,44.18,28.05
20221028,17.95,26.75,3.16,46.21,27.75
20221029,17.32,27.15,2.0,43.22,27.93
20221030,17.71,28.41,1.23,33.23,28.37
20221031,17.82,27.95,1.99,31.7,27.91
20221101,17.18,27.18,2.87,34.35,27.34
20221102,16.01,27.99,1.66,34.42,27.64
20221103,17.02,27.9,3.22,41.11,28.6
20221104,17.57,27.37,3.56,36.64,28.06
20221105,17.62,26.59,4.29,33.51,26.96
20221106,13.16,26.17,3.7,35.22,26.53
20221107,14.27,24.29,2.56,49.19,24.61
20221108,11.41,25.19,2.48,42.48,25.89
20221109,13.29,25.91,1.64,44.96,26.54
20221110,14.27,25.17,2.35,39.87,25.59
20221111,12.67,24.26,2.08,38.02,24.77
20221112,14.76,25.13,1.85,31.76,24.37
20221113,15.29,24.79,2.19,31.45,23.99
20221114,14.1,24.52,4.39,41.4,24.99
20221115,13.85,22.17,4.33,53.7,23.1
20221116,14.96,21.69,2.58,43.0,22.32
20221117,15.72,22.34,2.41,40.49,22.19
20221118,16.05,22.85,2.07,33.16,22.04
20221119,15.58,22.75,2.67,34.11,22.91
20221120,14.05,21.71,2.93,31.0,22.26
20221121,15.08,21.57,2.12,31.74,21.43
20221122,14.8,21.98,2.0,29.61,21.54
20221123,15.53,22.12,1.53,26.82,20.97
20221124,16.38,22.34,1.85,23.01,19.88
20221125,15.86,21.83,2.28,23.19,20.62
20221126,15.8,22.34,1.61,21.91,20.37
20221127,14.81,21.26,1.47,26.49,20.15
20221128,15.11,20.31,2.29,25.18,19.76
20221129,14.83,19.32,3.17,28.13,18.95
20221130,13.91,19.23,3.19,32.03,18.93
20221201,14.7,20.23,2.44,29.57,19.28
20221202,14.55,20.8,1.84,27.0,19.55
20221203,13.65,20.72,1.62,26.54,19.6
20221204,13.5,18.96,2.86,35.13,19.09
20221205,13.32,18.91,2.36,29.8,18.32
20221206,13.8,18.59,2.54,28.51,17.97
20221207,13.33,20.17,1.77,24.57,18.53
20221208,13.49,21.36,2.01,25.24,19.47
20221209,14.24,21.32,1.92,24.18,19.66
20221210,13.58,20.26,2.65,29.83,19.49
20221211,13.74,19.11,3.54,39.79,19.58
20221212,13.85,19.23,3.71,36.28,19.47
20221213,14.05,19.19,3.96,33.39,19.41
20221214,14.6,18.31,2.69,38.15,18.56
20221215,14.58,18.97,1.89,30.96,17.3
20221216,14.51,19.61,2.02,29.82,17.35
20221217,14.47,20.16,2.21,22.81,17.93
20221218,14.32,19.24,2.85,22.67,17.95
20221219,14.43,19.41,2.0,20.59,17.7
20221220,12.52,18.41,1.94,22.99,17.39
20221221,13.43,16.61,3.09,30.48,16.61
20221222,12.35,14.96,3.94,32.25,15.17
20221223,13.18,14.35,3.42,26.56,14.49
20221224,13.16,13.94,3.47,32.47,13.9
20221225,13.42,14.56,2.54,27.56,14.56
20221226,13.73,14.31,3.34,26.45,14.33
20221227,13.13,14.62,3.25,25.02,14.47
20221228,12.9,18.53,2.36,24.58,17.71
20221229,11.55,19.79,3.78,43.85,19.82
20221230,12.75,17.38,2.94,62.02,18.36
20221231,14.54,16.01,2.11,48.29,16.1
20230101,15.26,16.93,2.34,34.23,15.6
20230102,14.95,15.81,2.53,26.29,15.78
20230103,14.58,14.2,3.61,31.02,14.65
20230104,14.54,12.08,3.47,30.6,12.45
20230105,14.77,11.64,3.71,35.99,11.94
20230106,14.94,12.61,3.65,29.17,13.01
20230107,12.96,15.19,3.42,28.61,15.87
20230108,14.42,16.06,2.43,24.84,16.68
20230109,10.48,17.31,2.72,24.66,17.81
20230110,14.74,17.16,2.61,28.72,17.77
20230111,14.08,18.72,4.9,40.83,18.91
20230112,8.85,15.99,3.23,41.22,17.01
20230113,13.33,13.35,2.91,48.13,14.26
20230114,17.02,11.65,2.65,17.4,11.53
20230115,17.1,12.67,1.96,12.94,10.76
20230116,16.74,13.59,2.18,13.85,11.82
20230117,16.53,12.97,2.65,16.57,12.51
20230118,15.54,13.64,3.68,17.52,13.86
20230119,9.26,14.36,5.17,27.7,14.7
20230120,14.73,13.4,4.47,48.83,14.11
20230121,12.99,13.23,3.86,53.13,13.87
20230122,12.03,13.47,3.0,50.6,14.48
20230123,12.45,13.42,4.48,46.92,14.03
20230124,14.67,12.84,3.72,35.88,13.39
20230125,17.92,12.21,2.57,21.71,11.86
20230126,17.17,11.98,3.57,22.74,11.49
20230127,17.58,12.44,3.33,24.99,12.21
20230128,17.49,14.09,2.51,20.67,13.67
20230129,15.23,15.64,2.72,25.42,14.26
20230130,15.88,16.61,2.15,25.57,15.58
20230131,16.16,14.62,3.75,45.2,15.22
20230201,16.59,15.17,2.84,40.28,15.55
20230202,16.39,18.95,1.23,29.36,17.41
20230203,16.75,19.84,2.89,23.75,18.31
20230204,16.25,21.59,1.79,24.17,20.51
20230205,16.16,21.02,3.2,30.73,21.23
20230206,17.05,19.99,3.15,35.18,20.63
20230207,17.36,19.04,2.15,31.36,19.42
20230208,17.88,20.48,3.91,21.98,19.98
20230209,17.76,22.02,4.93,29.34,22.03
20230210,17.07,20.9,3.48,34.62,21.27
20230211,17.52,20.33,2.25,17.91,19.4
20230212,19.03,16.5,3.9,19.6,17.48
20230213,19.25,18.01,2.42,12.13,18.16
20230214,19.13,22.92,2.01,14.59,21.68
20230215,18.85,24.84,1.46,17.5,23.13
20230216,17.07,24.91,2.76,20.54,23.99
20230217,18.94,25.76,2.56,18.13,24.75
20230218,20.4,26.28,1.85,16.19,24.64
20230219,20.09,25.74,3.85,15.37,24.82
20230220,19.09,24.85,3.91,19.97,24.98
20230221,18.6,23.71,3.12,23.17,24.73
20230222,16.96,24.43,2.26,18.83,23.9
20230223,19.28,24.45,2.1,19.85,24.85
20230224,16.87,25.14,2.74,23.86,26.14
20230225,19.5,25.76,2.32,27.62,26.36
20230226,18.58,26.3,1.57,23.15,26.26
20230227,19.17,26.76,2.11,23.22,27.08
20230228,18.6,26.5,3.35,23.06,27.29
20230301,19.57,26.02,2.94,24.78,26.98
20230302,19.56,23.76,4.53,39.88,25.73
20230303,18.43,25.5,3.71,34.22,27.32
20230304,18.21,24.93,3.82,36.33,26.65
20230305,21.75,25.39,2.32,32.95,27.52
20230306,21.24,26.4,2.24,26.04,27.91
20230307,18.32,26.83,2.39,23.42,28.37
20230308,21.77,25.87,2.65,26.35,27.98
20230309,22.44,24.92,2.67,28.33,27.38
20230310,22.81,25.83,2.45,24.01,27.7
20230311,23.21,27.08,3.44,19.34,28.3
20230312,17.25,27.48,2.99,20.66,27.72
20230313,19.35,27.84,2.51,22.15,29.31
20230314,21.97,28.56,2.27,20.94,29.48
20230315,13.52,27.75,2.59,20.78,27.55
20230316,17.35,26.85,4.96,36.95,28.54
20230317,15.06,25.35,4.97,43.82,27.43
20230318,21.27,23.57,4.01,48.74,26.24
20230319,10.98,23.7,3.06,45.15,25.53
20230320,21.26,24.11,1.88,42.93,26.17
20230321,22.45,26.35,2.01,32.8,27.88
20230322,17.72,26.17,2.34,39.69,27.47
20230323,20.92,26.09,2.59,41.5,27.91
20230324,21.3,25.59,5.41,39.41,27.25
20230325,20.25,25.04,2.95,38.12,27.57
20230326,22.38,24.5,4.43,38.52,27.25
20230327,24.21,25.56,2.39,31.29,28.06
20230328,24.56,28.21,2.01,23.14,30.01
20230329,20.14,27.56,4.92,33.72,28.85
20230330,18.73,25.66,3.83,39.81,27.85
20230331,21.97,24.58,3.39,47.06,27.17
20230401,24.65,26.69,2.91,38.25,29.2
20230402,24.92,28.07,3.23,30.79,30.21
20230403,21.92,28.01,4.18,38.45,30.66
20230404,24.48,27.45,2.58,39.42,31.13
20230405,23.6,29.57,2.67,28.36,32.58
20230406,25.14,28.98,2.23,22.14,32.07
20230407,25.03,28.27,4.71,23.2,30.87
20230408,26.37,28.89,2.78,20.04,32.1
20230409,26.44,30.37,2.49,15.34,33.38
20230410,22.72,30.79,5.77,23.37,33.04
20230411,9.94,29.97,2.31,32.59,32.06
20230412,25.49,31.49,2.51,29.61,34.68
20230413,26.3,32.63,3.03,23.45,35.03
20230414,27.25,33.04,1.98,18.97,36.42
20230415,26.35,34.3,3.25,18.49,37.07
20230416,26.44,33.44,4.77,23.35,35.93
20230417,25.98,33.82,4.76,28.82,36.55
20230418,23.47,33.53,3.65,26.93,36.28
20230419,18.83,30.15,4.78,35.55,32.81
20230420,24.57,28.8,5.1,18.39,30.16
20230421,28.85,29.36,3.56,9.73,30.82
20230422,28.93,30.64,2.99,12.74,32.56
20230423,28.46,29.17,4.84,21.66,31.36
20230424,28.87,28.99,2.91,17.52,31.58
20230425,26.25,31.29,3.48,20.03,33.3
20230426,18.85,31.79,4.15,20.74,33.36
20230427,12.96,32.02,3.59,20.21,34.36
20230428,20.1,29.91,3.4,37.81,32.22
20230429,20.67,23.91,2.68,70.72,24.42
20230430,18.09,23.19,2.53,77.98,23.51
20230501,25.32,25.5,2.71,62.85,27.36
20230502,23.31,28.55,2.41,46.99,31.54
20230503,24.28,29.63,2.18,44.72,32.75
20230504,24.51,31.36,2.09,37.86,35.0
20230505,25.41,32.39,2.33,33.24,35.43
20230506,25.22,33.25,3.4,29.43,35.64
20230507,26.22,31.87,5.04,24.39,32.8
20230508,28.96,30.41,5.2,17.51,31.48
20230509,29.17,32.44,2.98,19.35,33.85
20230510,27.39,33.37,2.81,17.6,34.98
20230511,27.94,35.52,1.85,13.28,36.47
20230512,27.95,35.42,4.69,18.51,36.44
20230513,25.68,35.96,5.39,21.45,36.92
20230514,25.13,35.13,4.09,25.9,37.2
20230515,27.01,34.61,6.8,27.84,35.63
20230516,25.51,33.94,5.1,38.69,36.15
20230517,24.96,34.46,5.46,36.67,36.65
20230518,25.86,33.04,2.65,36.75,36.35
20230519,25.59,35.02,2.55,29.63,37.95
20230520,27.53,35.69,6.73,23.61,37.08
20230521,25.68,35.35,7.87,27.11,36.9
20230522,27.14,35.32,7.07,36.28,37.24
20230523,25.42,34.53,6.43,41.45,36.52
20230524,24.11,34.7,5.63,41.37,37.0
20230525,23.95,33.38,4.73,45.27,34.35
20230526,23.16,33.91,5.5,46.94,35.57
20230527,23.1,33.89,4.9,44.98,36.04
20230528,13.59,34.34,2.22,40.29,37.02
20230529,23.73,28.61,1.18,71.14,28.86
20230530,15.7,27.18,2.57,67.1,27.75
20230531,25.79,27.97,2.13,59.36,29.77
20230601,21.22,29.89,3.0,55.12,32.39
20230602,27.24,31.14,2.61,55.98,34.25
20230603,23.75,34.04,1.95,46.67,37.01
20230604,26.42,31.89,1.8,54.02,33.06
20230605,26.07,33.99,2.06,43.35,36.04
20230606,23.33,34.68,4.15,39.72,36.85
20230607,26.91,33.41,2.43,46.79,35.03
20230608,27.53,34.68,4.67,44.04,36.86
20230609,26.65,34.91,6.43,41.73,37.05
20230610,26.43,34.06,7.43,41.3,35.75
20230611,26.4,34.44,6.26,44.77,36.39
20230612,26.52,35.37,6.93,40.6,37.32
20230613,29.0,35.24,6.44,43.34,37.67
20230614,27.51,34.05,7.16,47.55,36.65
20230615,23.25,33.47,6.32,46.97,36.04
20230616,18.56,32.48,5.95,55.88,35.56
20230617,14.17,31.49,5.83,60.52,32.86
20230618,23.28,31.54,3.42,64.69,32.75
20230619,25.2,34.67,3.21,52.17,37.48
20230620,26.47,35.29,6.72,48.8,37.84
20230621,26.86,34.58,7.01,48.59,37.03
20230622,27.61,34.48,6.64,48.97,37.05
20230623,26.07,35.08,6.22,47.68,37.78
20230624,26.65,35.29,6.78,49.8,38.09
20230625,25.33,33.81,6.65,57.06,36.09
20230626,21.48,33.6,3.99,57.28,36.53
20230627,21.05,33.56,2.94,57.98,35.52
20230628,22.23,32.41,2.79,67.86,33.65
20230629,18.37,32.37,2.76,69.92,33.53
20230630,25.66,31.84,3.53,71.31,32.47
20230701,26.22,31.8,3.96,68.84,32.48
20230702,26.48,32.97,3.86,60.3,34.82
20230703,27.45,34.96,5.2,49.26,37.57
20230704,26.77,35.85,7.26,48.4,37.96
20230705,24.3,36.2,5.12,49.79,38.95
20230706,18.85,33.14,4.85,65.98,34.68
20230707,17.05,30.74,2.96,77.29,31.93
20230708,17.99,30.33,1.58,73.03,32.08
20230709,25.14,32.64,2.18,59.29,34.87
20230710,23.5,34.89,3.06,48.51,37.32
20230711,24.76,35.53,3.39,47.86,38.62
20230712,26.12,35.34,5.66,48.64,38.15
20230713,26.04,35.36,5.66,50.28,38.23
20230714,24.98,33.69,5.72,53.51,35.87
20230715,24.99,34.47,6.77,52.71,36.85
20230716,23.91,34.28,6.06,53.23,36.89
20230717,21.99,34.4,4.73,53.78,37.15
20230718,21.44,34.44,4.78,56.39,36.38
20230719,16.74,33.28,3.79,60.2,34.85
20230720,22.31,32.53,1.99,66.68,33.43
20230721,21.73,32.97,1.68,66.5,34.3
20230722,21.58,31.51,1.85,78.72,31.85
20230723,21.26,32.96,4.31,65.39,34.04
20230724,15.24,31.22,2.94,74.56,32.29
20230725,15.83,29.77,2.01,77.78,30.43
20230726,19.95,30.61,2.73,75.62,31.25
20230727,9.3,29.13,3.2,86.07,28.99
20230728,22.54,30.14,5.74,76.25,30.94
20230729,20.97,30.54,5.9,74.89,31.29
20230730,23.29,31.16,4.47,70.13,32.65
20230731,24.03,32.55,4.44,63.31,34.62
20230801,25.38,32.99,5.34,61.7,35.22
20230802,24.5,32.67,7.15,63.0,34.67
20230803,23.36,32.46,5.91,61.33,34.86
20230804,22.71,33.01,6.21,59.28,34.9
20230805,23.22,32.28,5.84,60.66,33.7
20230806,21.93,32.58,6.95,60.44,34.61
20230807,23.67,32.11,7.69,60.72,34.03
20230808,22.62,31.66,7.05,61.66,33.73
20230809,21.87,32.28,7.04,59.43,34.2
20230810,23.22,31.85,6.37,60.77,34.03
20230811,23.35,31.72,5.5,59.05,34.2
20230812,24.24,32.18,5.63,57.77,34.63
20230813,22.68,31.92,7.08,58.46,33.92
20230814,22.18,32.08,6.49,58.52,34.29
20230815,18.41,32.24,4.71,59.79,35.0
20230816,22.1,32.06,5.37,59.27,34.58
20230817,21.56,31.6,5.77,57.65,33.67
20230818,22.75,31.93,4.85,53.9,34.02
20230819,22.39,33.05,2.64,49.13,35.5
20230820,18.15,34.08,2.65,48.9,36.85
20230821,23.24,33.83,3.24,52.72,36.89
20230822,24.74,34.18,5.97,50.63,36.38
20230823,22.35,31.79,7.8,54.42,33.25
20230824,21.59,31.48,6.64,56.08,33.57
20230825,21.28,31.71,6.34,55.66,33.83
20230826,21.14,31.24,5.36,55.21,33.6
20230827,20.75,31.55,5.54,57.51,33.85
20230828,22.41,31.57,6.48,55.6,33.6
20230829,22.53,31.46,4.57,56.57,34.0
20230830,23.03,32.49,4.89,50.86,35.0
20230831,24.01,32.11,5.02,51.76,34.54
20230901,23.56,31.81,5.44,48.83,33.91
20230902,24.15,30.95,6.14,46.04,32.58
20230903,24.09,30.7,5.8,48.05,32.35
20230904,24.33,30.94,5.19,47.0,32.93
20230905,23.88,32.54,3.45,46.77,35.03
20230906,23.98,34.17,2.3,39.89,36.72
20230907,23.98,34.47,2.15,37.38,36.68
20230908,23.92,35.15,2.31,34.64,37.01
20230909,22.69,35.23,2.57,33.73,37.3
20230910,23.1,35.3,2.63,39.59,37.91
20230911,23.52,35.17,2.25,34.35,37.44
20230912,23.1,34.33,3.91,40.89,36.59
20230913,22.32,33.76,3.71,43.17,36.44
20230914,20.06,34.4,3.21,44.75,37.56
20230915,17.34,34.39,2.57,47.35,37.15
20230916,19.0,33.2,3.59,55.02,34.82
20230917,19.6,30.93,5.08,67.74,32.6
20230918,14.18,30.35,6.33,67.02,31.92
20230919,12.8,30.93,3.46,63.17,32.78
20230920,19.33,31.98,4.35,61.38,34.19
20230921,21.54,32.51,3.03,57.68,35.48
20230922,21.87,33.31,3.76,55.4,36.07
20230923,21.12,33.58,3.84,50.18,36.16
20230924,20.68,33.92,3.5,48.36,36.53
20230925,19.72,33.03,3.39,43.99,35.39
20230926,18.41,33.05,1.61,39.7,36.1
20230927,19.28,34.1,1.81,36.8,36.37
20230928,20.49,34.11,2.06,35.8,36.37
20230929,21.56,33.57,2.78,29.34,34.37
20230930,21.72,31.57,2.52,21.58,32.71
20231001,20.43,31.17,2.36,27.52,32.65
20231002,21.84,32.21,1.59,25.87,33.38
20231003,22.62,31.83,2.13,18.46,31.36
20231004,22.01,30.46,3.42,28.57,31.33
20231005,21.37,30.96,4.54,36.8,32.2
20231006,21.48,31.37,5.72,44.3,32.58
20231007,20.14,31.13,5.26,48.27,32.59
20231008,19.5,31.6,5.76,50.3,32.82
20231009,20.98,31.15,6.09,46.7,32.01
20231010,20.24,30.14,3.54,45.33,31.38
20231011,20.15,30.76,1.57,32.33,31.48
20231012,19.98,31.01,3.45,36.94,32.05
20231013,20.12,30.58,4.71,36.75,31.9
20231014,18.32,29.75,4.72,37.42,30.76
20231015,17.62,29.5,3.0,42.04,30.97
20231016,13.04,28.26,3.03,49.63,28.33
20231017,14.69,25.22,3.2,71.9,25.42
20231018,18.69,25.09,3.33,60.03,26.23
20231019,17.58,26.47,2.12,45.42,27.49
20231020,18.57,27.57,1.89,40.15,28.81
20231021,17.8,28.5,2.28,37.37,29.49
20231022,16.82,28.89,2.01,37.72,30.16
20231023,17.79,27.6,2.46,39.54,29.3
20231024,17.59,27.6,2.45,37.88,28.84
20231025,17.66,28.01,2.27,33.53,29.14
20231026,18.39,28.72,2.12,30.64,28.81
20231027,17.4,28.75,2.68,29.33,28.84
20231028,15.1,27.94,3.06,36.92,27.43
20231029,17.71,28.06,2.94,37.74,28.78
20231030,17.0,28.79,1.84,32.26,29.75
20231031,16.09,28.56,2.63,32.72,29.44
20231101,14.83,28.13,3.19,31.88,28.72
20231102,14.97,27.69,2.11,29.84,27.8
20231103,15.27,28.32,2.0,26.43,27.16
20231104,13.81,27.12,2.08,31.22,26.47
20231105,13.93,26.91,1.58,33.42,26.81
20231106,14.07,27.06,1.39,32.2,26.71
20231107,12.53,26.85,1.3,30.53,26.13
20231108,11.19,26.41,1.55,32.96,25.86
20231109,10.8,26.63,2.29,38.88,26.53
20231110,16.82,23.89,3.74,38.71,24.42
20231111,16.65,21.27,3.09,49.27,22.08
20231112,16.65,21.99,2.22,38.2,22.27
20231113,15.11,21.99,2.75,38.98,22.64
20231114,14.23,22.29,3.27,39.2,22.64
20231115,13.01,21.12,2.68,36.26,20.87
20231116,14.21,20.64,2.84,34.3,20.46
20231117,10.29,19.42,3.34,42.2,19.61
20231118,10.23,19.55,2.28,48.23,19.94
20231119,11.98,20.44,2.44,47.38,20.79
20231120,12.52,20.46,3.45,46.85,20.9
20231121,12.06,20.43,2.97,43.86,20.45
20231122,13.14,21.78,2.25,37.62,20.61
20231123,13.52,23.12,2.29,33.13,21.92
20231124,13.29,22.6,2.71,34.98,22.25
20231125,10.68,20.06,3.19,39.6,20.66
20231126,5.54,17.89,3.17,60.32,18.41
20231127,7.21,17.87,2.81,64.53,18.11
20231128,10.12,17.21,2.85,58.54,17.39
20231129,11.18,18.79,2.13,58.65,19.04
20231130,12.27,19.76,2.6,56.91,19.62
20231201,11.02,18.97,4.11,58.72,19.09
20231202,10.7,18.43,3.38,53.76,18.59
20231203,13.51,18.18,3.09,44.35,18.25
20231204,14.03,18.99,2.51,34.57,18.01
20231205,14.0,18.26,2.4,36.15,17.5
20231206,12.55,17.36,3.43,45.33,17.4
20231207,14.25,17.72,2.67,42.3,17.17
20231208,14.12,19.22,1.6,32.88,17.36
20231209,14.34,19.11,2.29,31.56,17.51
20231210,13.48,19.13,1.49,26.61,17.07
20231211,13.85,19.36,2.04,23.45,16.45
20231212,13.67,17.8,2.63,27.48,16.55
20231213,13.44,18.13,2.03,27.96,17.34
20231214,13.4,18.28,2.32,27.49,17.41
20231215,13.22,18.67,2.3,29.86,17.34
20231216,12.08,17.73,2.27,32.72,17.11
20231217,12.22,17.81,2.03,35.33,17.18
20231218,13.03,16.23,3.05,39.73,16.38
20231219,13.18,16.91,2.05,33.47,16.12
20231220,14.36,17.47,1.7,26.67,16.1
20231221,14.91,17.71,2.37,24.62,16.4
20231222,11.78,17.57,3.12,25.03,16.22
20231223,14.26,17.52,3.71,26.34,17.04
20231224,10.56,16.78,3.14,34.79,17.02
20231225,10.84,17.32,2.74,39.68,17.47
20231226,11.88,18.21,2.38,38.13,18.37
20231227,13.14,17.94,3.3,38.67,18.08
20231228,14.34,16.6,3.24,41.53,16.92
20231229,13.57,17.36,3.85,38.77,17.54
20231230,10.57,15.82,3.88,40.32,16.07
20231231,11.56,14.71,4.04,38.4,14.8
20240101,9.61,14.04,3.65,39.76,14.31
20240102,11.79,13.57,3.6,39.83,13.91
20240103,11.1,12.88,3.65,39.57,13.27
20240104,9.64,12.16,3.44,43.51,12.36
20240105,11.47,12.33,3.03,44.65,12.35
20240106,12.75,13.24,3.34,47.52,13.58
20240107,10.55,12.73,3.58,59.04,13.22
20240108,5.56,12.95,3.24,60.89,13.89
20240109,12.22,12.87,3.65,54.7,13.46
20240110,14.55,12.72,3.01,49.68,12.77
20240111,15.46,14.44,2.22,37.27,13.6
20240112,15.72,15.41,2.62,30.61,14.86
20240113,14.87,17.38,1.99,23.93,16.78
20240114,10.85,15.16,2.68,31.19,14.74
20240115,14.57,15.11,2.15,28.94,15.12
20240116,18.04,15.45,2.29,29.98,15.85
20240117,10.69,15.23,3.52,31.31,15.6
20240118,12.6,14.85,3.06,34.59,15.2
20240119,14.41,15.0,3.03,36.5,15.58
20240120,14.88,15.46,2.67,36.14,15.56
20240121,11.65,16.07,2.74,36.81,16.12
20240122,14.65,17.56,2.74,34.89,16.99
20240123,9.43,17.36,2.25,34.63,16.67
20240124,10.83,14.04,2.38,38.53,14.54
20240125,12.71,14.57,3.21,34.54,14.85
20240126,10.9,15.77,2.61,30.49,16.69
20240127,11.18,17.22,2.29,29.86,18.16
20240128,10.6,18.54,1.89,31.87,17.94
20240129,12.51,18.92,2.22,39.73,19.34
20240130,8.7,19.22,1.82,43.67,19.62
20240131,14.7,20.79,2.25,41.93,21.28
20240201,16.02,18.36,3.27,26.83,18.18
20240202,14.47,17.25,4.05,27.78,17.78
20240203,8.79,18.26,3.51,36.67,19.02
20240204,13.63,17.54,2.79,65.66,19.07
20240205,16.63,16.25,2.55,53.63,17.81
20240206,16.06,16.89,4.42,32.87,17.99
20240207,15.72,17.32,3.81,32.74,18.42
20240208,15.26,16.42,2.04,38.11,16.48
20240209,18.39,17.5,2.78,25.83,16.66
20240210,18.36,16.96,3.63,22.38,17.02
20240211,19.66,16.83,2.86,23.16,17.27
20240212,10.64,16.4,2.96,23.03,16.69
20240213,13.47,16.53,3.29,20.85,16.59
20240214,17.99,17.93,2.34,17.82,16.44
20240215,17.79,18.55,2.18,20.28,17.21
20240216,18.44,19.65,2.47,22.06,18.85
20240217,19.56,21.13,2.44,19.38,19.76
20240218,16.5,21.54,5.02,18.85,20.92
20240219,16.09,22.59,7.57,46.23,22.78
20240220,18.98,18.48,3.39,33.14,18.39
20240221,19.34,19.31,3.26,26.0,18.41
20240222,20.6,18.07,2.9,24.04,18.27
20240223,20.36,18.02,2.86,24.55,18.64
20240224,19.7,18.47,2.41,17.96,17.86
20240225,19.08,17.76,3.77,28.4,18.25
20240226,13.65,18.91,5.37,38.51,20.35
20240227,19.78,18.42,5.03,49.46,20.26
20240228,19.9,19.8,2.86,45.16,21.9
20240229,19.4,22.91,3.16,31.6,24.24
20240301,12.29,22.59,4.44,33.67,24.33
20240302,20.19,17.64,6.7,41.04,18.9
20240303,23.09,13.27,4.11,22.67,14.73
20240304,22.58,15.28,2.22,17.61,16.73
20240305,16.23,15.73,3.47,19.27,17.12
20240306,17.85,18.08,2.72,21.44,18.92
20240307,21.43,20.58,2.45,24.38,21.5
20240308,21.56,19.71,3.38,27.72,20.91
20240309,22.37,21.08,3.08,22.71,22.42
20240310,17.3,23.48,2.58,18.61,24.73
20240311,22.5,24.46,2.46,25.84,25.98
20240312,22.48,24.45,2.23,26.79,25.78
20240313,22.09,23.86,3.61,31.75,25.09
20240314,23.73,22.75,2.59,26.46,24.91
20240315,23.96,23.2,2.89,28.64,25.34
20240316,24.46,24.27,2.71,20.91,26.44
20240317,21.35,24.25,3.29,16.41,25.95
20240318,23.82,25.67,2.22,17.67,26.98
20240319,24.42,27.09,4.02,19.04,27.99
20240320,23.64,27.18,2.91,18.69,28.23
20240321,23.05,29.65,3.36,16.66,30.5
20240322,23.88,29.1,3.11,23.54,30.76
20240323,21.17,29.87,2.48,25.14,32.09
20240324,21.12,30.58,2.71,24.73,33.27
20240325,20.58,30.08,3.34,26.03,32.03
20240326,20.06,32.31,2.88,23.57,32.64
20240327,22.36,32.43,4.48,31.57,34.02
20240328,21.45,30.73,4.12,32.02,33.14
20240329,23.85,30.09,4.0,33.7,32.8
20240330,25.37,28.03,5.5,24.87,29.9
20240331,24.49,27.73,3.19,32.2,30.99
20240401,22.84,27.51,2.87,24.25,29.32
20240402,19.37,30.53,1.74,14.32,31.14
20240403,21.38,30.04,2.34,19.91,30.6
20240404,22.2,29.41,2.78,22.91,30.84
20240405,16.73,29.32,2.86,29.45,31.28
20240406,24.77,30.2,1.62,30.39,33.25
20240407,26.49,32.28,2.28,16.88,33.25
20240408,26.42,32.71,2.3,12.66,33.49
20240409,21.6,33.31,1.47,11.58,34.51
20240410,24.32,33.2,1.89,12.2,35.05
20240411,22.65,33.13,2.07,12.97,35.07
20240412,20.01,32.3,3.96,22.5,33.33
20240413,16.94,31.74,2.95,32.48,33.0
20240414,17.88,26.03,3.52,55.66,27.12
20240415,18.91,27.05,3.07,51.54,28.32
20240416,25.02,28.77,2.61,41.64,30.15
20240417,17.97,30.13,2.38,31.07,32.27
20240418,18.17,30.81,5.02,29.78,31.84
20240419,23.54,28.96,5.98,38.28,30.63
20240420,24.12,29.16,2.47,38.22,32.92
20240421,23.57,31.0,2.36,31.03,34.39
20240422,26.48,32.03,2.24,22.03,34.74
20240423,28.06,32.0,2.84,19.21,33.95
20240424,27.8,32.48,2.39,19.37,35.03
20240425,25.04,32.83,2.2,21.4,33.7
20240426,27.13,32.54,4.41,24.54,34.9
20240427,26.54,31.48,4.13,28.29,34.2
20240428,23.23,32.09,2.58,27.85,34.28
20240429,28.1,29.61,5.26,15.48,31.57
20240430,27.84,27.65,4.71,12.17,29.68
20240501,28.93,27.65,3.04,26.02,30.85
20240502,26.96,30.63,1.81,15.26,33.32
20240503,19.65,32.2,3.21,11.99,32.49
20240504,26.93,33.15,4.45,22.36,35.69
20240505,27.37,33.56,3.33,24.98,36.92
20240506,26.07,35.7,3.13,20.71,38.01
20240507,26.88,36.83,3.33,17.31,38.73
20240508,28.23,37.45,2.38,17.35,39.31
20240509,26.52,37.45,4.09,19.35,39.91
20240510,26.87,37.26,5.9,23.19,39.03
20240511,23.23,35.7,2.84,28.4,39.13
20240512,26.85,35.86,4.72,25.09,38.69
20240513,25.47,36.32,2.49,20.85,40.12
20240514,25.47,36.62,2.91,22.77,39.01
20240515,26.19,37.46,3.2,21.74,40.12
20240516,25.87,38.07,4.35,18.2,40.25
20240517,26.75,38.39,4.05,16.0,40.71
20240518,26.9,38.23,6.02,15.34,39.87
20240519,25.47,37.74,4.06,18.54,39.98
20240520,27.0,37.57,6.15,16.29,39.47
20240521,27.42,38.07,2.98,23.34,41.5
20240522,28.74,40.39,2.48,14.13,43.43
20240523,28.3,39.9,2.56,10.87,42.84
20240524,27.07,39.2,3.13,15.43,42.59
20240525,26.45,40.36,3.17,16.51,43.44
20240526,26.2,41.05,4.6,14.95,42.49
20240527,28.54,40.09,4.52,11.68,42.2
20240528,29.98,39.72,6.62,9.65,41.03
20240529,29.34,37.2,6.01,12.11,38.78
20240530,28.53,37.73,7.23,28.7,39.94
20240531,27.92,37.74,7.57,29.72,40.11
20240601,26.92,36.59,6.35,29.02,39.28
20240602,26.53,36.94,4.78,31.25,39.82
20240603,26.49,38.32,5.47,21.85,41.35
20240604,25.95,37.16,7.95,27.62,39.46
20240605,27.13,36.78,7.79,35.43,39.55
20240606,24.72,36.27,5.25,38.54,39.41
20240607,25.6,35.37,3.1,41.67,36.88
20240608,26.11,33.47,2.38,46.26,33.8
20240609,27.48,34.73,2.28,42.18,37.49
20240610,28.49,36.16,2.69,30.33,39.81
20240611,27.51,37.53,3.05,26.79,41.4
20240612,28.0,37.44,6.33,29.6,40.52
20240613,27.75,37.01,6.68,31.03,40.05
20240614,27.76,36.69,6.29,35.78,39.84
20240615,27.78,36.91,5.41,35.56,40.48
20240616,27.57,37.84,5.77,35.04,41.36
20240617,28.04,38.53,6.57,33.41,41.94
20240618,26.55,37.8,7.95,32.69,40.8
20240619,26.62,37.96,7.17,37.06,41.22
20240620,23.33,37.54,6.59,35.94,40.66
20240621,19.7,36.94,2.88,38.88,42.32
20240622,22.25,37.7,3.03,32.53,42.0
20240623,26.55,38.69,2.96,25.37,42.67
20240624,26.84,39.42,3.56,20.96,43.24
20240625,24.84,39.9,1.81,22.03,44.6
20240626,17.96,40.17,3.28,29.34,45.49
20240627,19.19,34.07,4.74,58.59,36.55
20240628,18.92,33.32,3.4,61.64,35.79
20240629,20.75,34.28,4.37,54.44,37.06
20240630,23.68,36.01,5.67,49.59,39.06
20240701,25.33,36.14,6.46,51.81,39.11
20240702,25.2,36.73,6.03,43.87,39.51
20240703,24.36,38.16,6.7,40.83,41.61
20240704,22.18,36.79,6.85,44.73,39.99
20240705,20.42,35.77,5.35,46.74,38.29
20240706,22.0,35.49,7.06,46.25,36.97
20240707,13.79,34.46,3.47,52.59,37.02
20240708,14.95,35.13,2.49,51.27,37.44
20240709,25.94,35.98,2.24,49.46,38.37
20240710,25.83,38.06,3.22,41.22,42.07
20240711,25.4,35.8,5.88,52.9,36.68
20240712,21.64,35.96,7.12,49.04,37.83
20240713,19.52,35.19,3.38,50.15,38.62
20240714,18.97,36.01,2.27,45.72,39.5
20240715,25.68,37.75,2.54,38.77,41.42
20240716,24.62,37.75,4.57,41.67,40.9
20240717,22.01,37.56,3.56,44.55,40.87
20240718,22.66,37.0,3.42,48.21,41.4
20240719,25.09,35.19,2.7,55.65,38.25
20240720,20.15,36.71,1.98,47.69,40.06
20240721,24.11,38.21,2.35,41.01,42.45
20240722,21.1,37.7,5.0,46.14,40.63
20240723,19.47,33.96,4.55,60.82,35.27
20240724,23.64,34.7,4.83,51.78,36.96
20240725,23.96,35.61,4.88,46.96,38.85
20240726,24.18,36.64,5.08,47.26,40.37
20240727,24.04,36.84,6.07,46.0,39.43
20240728,19.78,36.06,2.44,46.79,39.51
20240729,20.43,36.22,2.58,50.6,37.01
20240730,23.95,35.07,3.04,57.42,36.29
20240731,21.07,34.44,5.76,58.04,36.55
20240801,8.82,32.17,6.92,62.55,33.55
20240802,8.95,31.13,3.65,74.64,32.0
20240803,16.71,29.3,3.79,85.53,29.46
20240804,20.78,31.16,3.61,72.96,32.65
20240805,18.22,30.24,3.29,80.4,30.5
20240806,11.74,29.48,5.91,83.16,29.82
20240807,19.06,31.07,6.04,66.78,32.71
20240808,17.21,32.51,5.12,58.44,34.88
20240809,18.01,32.96,4.8,60.24,35.04
20240810,20.27,32.37,5.75,64.17,33.99
20240811,22.82,33.15,5.78,60.43,35.11
20240812,21.97,32.71,3.66,63.46,34.91
20240813,20.54,32.42,3.67,66.48,33.62
20240814,21.03,30.62,3.23,75.46,31.01
20240815,19.55,31.96,3.59,68.5,32.61
20240816,13.43,28.09,3.88,89.31,27.97
20240817,17.22,29.88,4.59,74.56,31.07
20240818,18.95,30.8,4.76,68.85,32.0
20240819,21.57,31.2,4.94,63.9,33.01
20240820,21.4,32.16,4.73,61.01,34.03
20240821,20.31,32.46,4.34,60.39,34.51
20240822,20.81,33.0,4.0,56.16,35.13
20240823,19.82,32.52,3.55,61.25,34.34
20240824,21.69,32.87,2.76,59.02,34.93
20240825,15.79,32.19,3.4,62.44,33.11
20240826,20.54,31.25,4.85,63.45,32.04
20240827,13.18,28.81,7.85,77.26,28.73
20240828,20.14,30.46,4.92,67.82,31.78
20240829,15.77,31.13,4.88,65.93,32.85
20240830,18.8,31.1,4.74,63.21,32.93
20240831,18.05,30.39,2.41,64.21,32.55
20240901,21.73,31.81,2.84,58.1,34.19
20240902,20.17,33.3,1.73,54.25,35.55
20240903,12.38,30.14,1.48,73.66,30.51
20240904,17.38,28.55,2.39,81.65,28.79
20240905,21.36,30.78,1.83,64.69,32.93
20240906,20.28,32.35,2.8,58.35,34.46
20240907,21.58,32.22,3.23,60.27,34.47
20240908,21.67,33.29,3.09,54.75,35.16
20240909,20.85,32.91,2.97,57.22,35.37
20240910,19.03,33.35,3.32,53.14,35.57
20240911,21.15,33.59,3.33,50.01,35.31
20240912,21.37,33.66,4.58,50.92,35.08
20240913,21.34,30.68,7.44,60.59,32.1
20240914,21.33,29.56,5.65,61.73,31.23
20240915,21.1,30.09,4.25,59.28,32.04
20240916,21.06,30.6,4.26,56.54,32.43
20240917,20.98,30.76,4.1,53.28,32.52
20240918,20.59,31.99,2.68,47.53,34.0
20240919,16.02,31.34,2.82,52.83,32.94
20240920,19.25,32.47,2.15,52.13,34.4
20240921,19.32,34.03,1.66,48.5,36.33
20240922,19.9,33.87,2.45,50.45,35.7
20240923,20.12,34.18,2.94,51.69,36.16
20240924,19.87,34.82,2.71,47.19,36.86
20240925,19.63,34.83,2.57,45.35,36.92
20240926,19.31,35.44,3.01,41.5,37.14
20240927,19.2,34.73,3.45,51.25,36.94
20240928,18.89,34.3,3.35,53.62,36.78
20240929,19.01,33.78,2.16,49.03,36.83
20240930,18.84,33.33,3.45,47.41,34.82
20241001,19.1,32.03,5.11,45.87,33.06
20241002,19.35,32.44,5.7,46.28,33.53
20241003,19.17,31.9,6.57,52.63,32.9
20241004,19.1,31.43,5.72,54.16,32.78
20241005,18.73,30.65,4.69,55.3,32.21
20241006,18.57,31.14,2.48,47.98,32.58
20241007,18.48,31.75,1.58,37.02,33.29
20241008,18.1,32.01,1.62,37.64,33.69
20241009,17.81,31.74,1.59,38.13,32.97
20241010,18.1,30.61,2.24,40.01,32.05
20241011,18.27,30.06,2.25,35.6,31.5
20241012,18.53,30.61,1.52,37.64,31.95
20241013,17.87,31.0,2.3,38.95,32.32
20241014,17.55,30.7,1.98,46.41,32.47
20241015,17.65,31.77,1.22,30.68,32.12
20241016,13.38,30.85,2.46,27.98,30.99
20241017,17.21,31.53,2.08,31.85,31.84
20241018,17.08,31.46,1.69,35.38,32.37
20241019,16.97,31.61,1.51,28.23,32.0
20241020,16.83,31.42,1.49,29.23,31.56
20241021,11.87,30.56,2.18,39.39,31.33
20241022,16.37,29.91,2.04,41.14,31.01
20241023,16.27,29.77,2.52,35.88,30.4
20241024,16.14,29.75,2.44,30.91,29.6
20241025,15.96,30.48,2.12,30.76,30.2
20241026,15.89,30.34,3.23,30.93,30.33
20241027,15.77,30.6,3.74,29.85,30.63
20241028,15.86,30.65,2.77,26.63,30.19
20241029,15.71,30.01,2.87,26.49,29.52
20241030,15.33,28.99,3.25,29.43,28.9
20241031,15.02,28.87,2.1,33.44,28.93
20241101,15.22,29.37,2.6,33.22,29.0
20241102,15.29,29.22,2.55,31.44,28.91
20241103,15.1,29.04,2.35,35.71,29.2
20241104,14.86,28.94,2.44,34.82,28.87
20241105,14.64,29.51,1.88,34.32,29.29
20241106,14.61,29.64,1.83,34.96,29.38
20241107,14.71,28.61,2.6,35.28,28.7
20241108,14.51,28.1,3.01,36.56,28.36
20241109,14.17,28.44,2.22,34.62,28.12
20241110,13.78,27.18,2.49,35.97,27.39
20241111,14.05,26.86,2.76,35.81,26.72
20241112,12.18,26.73,1.66,30.93,26.3
20241113,12.69,25.77,1.8,30.5,25.72
20241114,13.66,26.43,1.76,31.86,25.97
20241115,13.32,25.59,1.49,35.92,25.61
20241116,13.18,24.68,2.72,36.99,24.51
20241117,11.81,22.08,2.86,38.59,22.81
20241118,13.44,21.97,2.69,36.07,22.32
20241119,13.33,21.86,2.3,30.62,22.08
20241120,13.28,22.16,2.16,30.19,21.62
20241121,13.18,22.82,2.01,27.43,21.67
20241122,13.02,23.09,2.16,24.91,21.53
20241123,12.76,23.27,2.17,25.96,21.28
20241124,12.73,22.94,2.16,30.26,22.04
20241125,12.59,21.58,2.22,35.32,21.25
20241126,12.42,22.7,2.82,34.48,21.9
20241127,12.81,22.64,2.26,31.95,21.88
20241128,12.72,21.58,2.95,28.8,21.91
20241129,12.29,21.0,2.99,38.06,21.56
20241130,12.1,20.86,2.55,33.38,20.58
20241201,12.71,21.46,2.1,36.42,21.4
20241202,12.51,21.86,2.38,41.62,22.41
20241203,12.56,21.62,2.62,45.72,22.54
20241204,-999.0,20.42,2.84,46.37,20.88
20241205,12.85,20.47,2.45,43.71,20.02
20241206,13.15,19.28,2.68,31.18,18.52
20241207,13.28,18.53,1.62,20.31,16.73
20241208,13.23,14.24,4.91,25.8,13.98
20241209,13.09,13.41,2.88,36.85,13.69
20241210,13.0,14.54,2.64,30.79,14.26
20241211,12.98,15.2,2.37,26.67,14.98
20241212,13.03,14.74,2.47,26.69,13.99
20241213,13.0,14.29,3.68,28.36,14.03
20241214,13.07,15.28,1.9,20.97,13.98
20241215,13.18,15.64,2.47,21.75,14.49
20241216,13.14,15.27,2.71,25.1,14.9
20241217,12.96,14.61,3.38,21.82,14.03
20241218,12.97,13.71,3.43,24.52,13.52
20241219,12.9,13.59,3.51,32.62,13.3
20241220,12.85,12.73,4.27,36.81,12.69
20241221,12.76,13.4,3.56,37.15,13.35
20241222,12.26,15.49,3.12,46.05,15.52
20241223,11.24,14.58,3.54,45.64,15.04
20241224,12.45,13.63,4.48,69.18,14.07
20241225,12.1,13.83,3.74,56.3,14.16
20241226,12.46,15.01,3.59,52.24,15.56
20241227,9.95,15.62,3.76,49.49,15.92
20241228,12.05,13.68,2.76,38.42,13.88
20241229,8.61,13.71,3.47,42.41,13.58
20241230,11.49,13.83,2.18,40.4,13.94
20241231,11.94,14.71,3.27,36.07,14.79
20250101,10.88,15.98,2.89,32.41,16.0
